date,benchmark_close,market_regime,max_total_exposure,current_total_exposure,current_cash,effective_universe_size,holdings_count,decision_scope_size,candidates_seen,passed_base_filter_count,passed_bucket_filter_count,passed_valuation_filter_count,passed_quality_filter_count,passed_price_trigger_count,raw_buy_signal_count,raw_sell_signal_count,blocked_by_universe_count,blocked_by_market_regime_count,blocked_by_cash_count,blocked_by_position_limit_count,blocked_by_single_name_limit_count,blocked_by_min_trade_amount_count,blocked_by_lot_size_count,blocked_by_existing_position_count,blocked_by_hard_add_ban_count,executable_buy_count,executable_sell_count,executed_buy_count,executed_sell_count
2023-04-03,4090.5676,risk_on,1.0,0.0,200000.0,14,0,4821,4821,4820,1277,186,9,1977,0,0,0,0,0,0,0,0,0,0,1,0,0,0,0
2023-04-04,4103.1052,risk_on,1.0,0.0,200000.0,14,0,4826,4826,4825,1277,216,14,2185,0,0,0,0,0,0,0,0,0,0,1,0,0,0,0
2023-04-06,4096.64,neutral,0.7,0.0,200000.0,14,0,4825,4825,4824,1276,231,16,2257,0,0,0,0,0,0,0,0,0,0,1,0,0,0,0
2023-04-07,4123.2799,risk_on,1.0,0.0,200000.0,14,0,4825,4825,4824,1276,200,12,2143,0,0,0,0,0,0,0,0,0,0,1,0,0,0,0
2023-04-10,4104.8118,risk_on,1.0,0.0,200000.0,14,0,4835,4835,4834,1279,206,12,2365,0,0,0,0,0,0,0,0,0,0,1,0,0,0,0
2023-04-11,4100.1479,neutral,0.7,0.0,200000.0,14,0,4835,4835,4834,1279,205,12,2401,0,0,0,0,0,0,0,0,0,0,1,0,0,0,0
2023-04-12,4097.2876,neutral,0.7,0.0,200000.0,14,0,4834,4834,4833,1278,198,12,2296,0,0,0,0,0,0,0,0,0,0,1,0,0,0,0
2023-04-13,4068.9786,neutral,0.7,0.0,200000.0,14,0,4835,4835,4834,1279,202,12,2388,0,0,0,0,0,0,0,0,0,0,1,0,0,0,0
2023-04-14,4091.9988,neutral,0.7,0.0,200000.0,14,0,4834,4834,4833,1279,202,12,2356,0,0,0,0,0,0,0,0,0,0,1,0,0,0,0
2023-04-17,4149.3836,risk_on,1.0,0.0,200000.0,14,0,4835,4835,4834,1280,174,9,2279,0,0,0,0,0,0,0,0,0,0,1,0,0,0,0
2023-04-18,4162.032,risk_on,1.0,0.0,200000.0,14,0,4842,4842,4841,1281,174,10,2391,0,0,0,0,0,0,0,0,0,0,1,0,0,0,0
2023-04-19,4124.5589,risk_on,1.0,0.0,200000.0,14,0,4842,4842,4841,1281,183,10,2473,0,0,0,0,0,0,0,0,0,0,1,0,0,0,0
2023-04-20,4113.0192,risk_on,1.0,0.0,200000.0,14,0,4844,4844,4843,1281,178,9,2603,0,0,0,0,0,0,0,0,0,0,1,0,0,0,0
2023-04-21,4032.5672,neutral,0.7,0.0,200000.0,14,0,4843,4843,4842,1280,195,9,3021,0,0,0,0,0,0,0,0,0,0,1,0,0,0,0
2023-04-24,3982.6429,neutral,0.7,0.0,200000.0,14,0,4845,4845,4844,1281,224,11,3144,0,0,0,0,0,0,0,0,0,0,1,0,0,0,0
2023-04-25,3962.6658,neutral,0.7,0.0,200000.0,14,0,4846,4846,4845,1280,307,29,3375,0,0,0,0,0,0,0,0,0,0,1,0,0,0,0
2023-04-26,3959.2323,neutral,0.7,0.0,200000.0,14,0,4839,4839,4838,1279,350,27,3351,0,0,0,0,0,0,0,0,0,0,1,0,0,0,0
2023-04-27,3988.4185,neutral,0.7,0.0,200000.0,14,0,4839,4839,4838,1279,309,23,3292,0,0,0,0,0,0,0,0,0,0,1,0,0,0,0
2023-04-28,4029.0858,neutral,0.7,0.0,200000.0,14,0,4835,4835,4834,1278,287,17,3018,0,0,0,0,0,0,0,0,0,0,1,0,0,0,0
2023-05-04,4030.2471,neutral,0.7,0.0,200000.0,14,0,4826,4826,4825,1278,316,5,2933,0,0,0,0,0,0,0,0,0,0,0,0,0,0,0
2023-05-05,4016.8774,neutral,0.7,0.0,200000.0,14,0,4843,4843,4842,1281,324,5,3049,0,0,0,0,0,0,0,0,0,0,0,0,0,0,0
2023-05-08,4062.6624,neutral,0.7,0.0,200000.0,14,0,4844,4844,4843,1281,253,5,2976,0,0,0,0,0,0,0,0,0,0,0,0,0,0,0
2023-05-09,4027.8754,neutral,0.7,0.0,200000.0,14,0,4840,4840,4839,1281,287,6,3126,0,0,0,0,0,0,0,0,0,0,0,0,0,0,0
2023-05-10,3996.8695,neutral,0.7,0.0,200000.0,14,0,4843,4843,4842,1283,298,5,3089,0,0,0,0,0,0,0,0,0,0,0,0,0,0,0
2023-05-11,3990.6637,neutral,0.7,0.0,200000.0,14,0,4846,4846,4845,1283,295,6,2992,0,0,0,0,0,0,0,0,0,0,0,0,0,0,0
2023-05-12,3937.7622,neutral,0.7,0.0,200000.0,14,0,4848,4848,4847,1284,327,6,3095,0,0,0,0,0,0,0,0,0,0,0,0,0,0,0
2023-05-15,3998.8872,neutral,0.7,0.0,200000.0,14,0,4848,4848,4847,1284,314,6,2991,0,0,0,0,0,0,0,0,0,0,0,0,0,0,0
2023-05-16,3978.2054,neutral,0.7,0.0,200000.0,14,0,4852,4852,4851,1284,324,6,3080,0,0,0,0,0,0,0,0,0,0,0,0,0,0,0
2023-05-17,3960.165,neutral,0.7,0.0,200000.0,14,0,4855,4855,4854,1285,314,6,2924,0,0,0,0,0,0,0,0,0,0,0,0,0,0,0
2023-05-18,3956.0701,neutral,0.7,0.0,200000.0,14,0,4857,4857,4856,1286,311,6,2842,0,0,0,0,0,0,0,0,0,0,0,0,0,0,0
2023-05-19,3944.5403,neutral,0.7,0.0,200000.0,14,0,4861,4861,4860,1287,323,5,2841,0,0,0,0,0,0,0,0,0,0,0,0,0,0,0
2023-05-22,3969.3277,neutral,0.7,0.0,200000.0,14,0,4862,4862,4861,1286,317,5,2784,0,0,0,0,0,0,0,0,0,0,0,0,0,0,0
2023-05-23,3913.1882,neutral,0.7,0.0,200000.0,14,0,4865,4865,4864,1286,331,5,2941,0,0,0,0,0,0,0,0,0,0,0,0,0,0,0
2023-05-24,3859.0935,neutral,0.7,0.0,200000.0,14,0,4868,4868,4867,1286,334,5,2964,0,0,0,0,0,0,0,0,0,0,0,0,0,0,0
2023-05-25,3850.4996,neutral,0.7,0.0,200000.0,14,0,4869,4869,4868,1287,331,5,2931,0,0,0,0,0,0,0,0,0,0,0,0,0,0,0
2023-05-26,3850.9511,neutral,0.7,0.0,200000.0,14,0,4869,4869,4868,1287,319,5,2883,0,0,0,0,0,0,0,0,0,0,0,0,0,0,0
2023-05-29,3833.9416,neutral,0.7,0.0,200000.0,14,0,4866,4866,4865,1287,327,5,2921,0,0,0,0,0,0,0,0,0,0,0,0,0,0,0
2023-05-30,3837.7531,neutral,0.7,0.0,200000.0,14,0,4867,4867,4866,1287,332,5,2877,0,0,0,0,0,0,0,0,0,0,0,0,0,0,0
2023-05-31,3798.5434,neutral,0.7,0.0,200000.0,14,0,4867,4867,4866,1286,340,5,2892,0,0,0,0,0,0,0,0,0,0,0,0,0,0,0
2023-06-01,3806.8679,neutral,0.7,0.0,200000.0,6,0,4869,4869,4868,1287,338,5,2863,0,0,0,0,0,0,0,0,0,0,0,0,0,0,0
2023-06-02,3861.8337,neutral,0.7,0.0,200000.0,6,0,4871,4871,4870,1287,309,5,2758,0,0,0,0,0,0,0,0,0,0,0,0,0,0,0
2023-06-05,3844.2492,neutral,0.7,0.0,200000.0,6,0,4872,4872,4871,1287,310,5,2711,0,0,0,0,0,0,0,0,0,0,0,0,0,0,0
2023-06-06,3808.1629,neutral,0.7,0.0,200000.0,6,0,4873,4873,4872,1288,328,5,3027,0,0,0,0,0,0,0,0,0,0,0,0,0,0,0
2023-06-07,3789.3418,neutral,0.7,0.0,200000.0,6,0,4873,4873,4872,1288,322,5,2962,0,0,0,0,0,0,0,0,0,0,0,0,0,0,0
2023-06-08,3820.1867,neutral,0.7,0.0,200000.0,6,0,4872,4872,4871,1288,295,5,3028,0,0,0,0,0,0,0,0,0,0,0,0,0,0,0
2023-06-09,3836.7026,neutral,0.7,0.0,200000.0,6,0,4877,4877,4876,1288,290,5,2964,0,0,0,0,0,0,0,0,0,0,0,0,0,0,0
2023-06-12,3844.4324,neutral,0.7,0.0,200000.0,6,0,4878,4878,4877,1287,293,5,2847,0,0,0,0,0,0,0,0,0,0,0,0,0,0,0
2023-06-13,3864.9074,neutral,0.7,0.0,200000.0,6,0,4877,4877,4876,1287,290,5,2777,0,0,0,0,0,0,0,0,0,0,0,0,0,0,0
2023-06-14,3864.0247,neutral,0.7,0.0,200000.0,6,0,4877,4877,4876,1287,294,5,2764,0,0,0,0,0,0,0,0,0,0,0,0,0,0,0
2023-06-15,3925.4994,neutral,0.7,0.0,200000.0,6,0,4878,4878,4877,1285,288,5,2733,0,0,0,0,0,0,0,0,0,0,0,0,0,0,0
2023-06-16,3963.3509,neutral,0.7,0.0,200000.0,6,0,4878,4878,4877,1285,283,5,2643,0,0,0,0,0,0,0,0,0,0,0,0,0,0,0
2023-06-19,3930.9079,neutral,0.7,0.0,200000.0,6,0,4881,4881,4880,1285,292,5,2699,0,0,0,0,0,0,0,0,0,0,0,0,0,0,0
2023-06-20,3924.2377,neutral,0.7,0.0,200000.0,6,0,4883,4883,4882,1285,299,5,2758,0,0,0,0,0,0,0,0,0,0,0,0,0,0,0
2023-06-21,3864.0323,neutral,0.7,0.0,200000.0,6,0,4888,4888,4887,1285,306,5,2971,0,0,0,0,0,0,0,0,0,0,0,0,0,0,0
2023-06-26,3809.6962,neutral,0.7,0.0,200000.0,6,0,4888,4888,4887,1286,313,5,3257,0,0,0,0,0,0,0,0,0,0,0,0,0,0,0
2023-06-27,3845.4334,neutral,0.7,0.0,200000.0,6,0,4890,4890,4889,1286,300,5,3010,0,0,0,0,0,0,0,0,0,0,0,0,0,0,0
2023-06-28,3840.7986,neutral,0.7,0.0,200000.0,6,0,4896,4896,4895,1286,295,5,3066,0,0,0,0,0,0,0,0,0,0,0,0,0,0,0
2023-06-29,3821.8435,neutral,0.7,0.0,200000.0,6,0,4897,4897,4896,1286,287,5,2872,0,0,0,0,0,0,0,0,0,0,0,0,0,0,0
2023-06-30,3842.4516,neutral,0.7,0.0,200000.0,6,0,4901,4901,4900,1286,279,5,2701,0,0,0,0,0,0,0,0,0,0,0,0,0,0,0
2023-07-03,3892.8821,neutral,0.7,0.0,200000.0,7,0,4902,4902,4901,1287,267,5,2628,0,0,0,0,0,0,0,0,0,0,0,0,0,0,0
2023-07-04,3899.0133,risk_off,0.4,0.0,200000.0,7,0,4903,4903,4902,1286,266,5,2532,0,0,0,7,0,0,0,0,0,0,0,0,0,0,0
2023-07-05,3868.8054,risk_off,0.4,0.0,200000.0,7,0,4906,4906,4905,1288,266,5,2650,0,0,0,7,0,0,0,0,0,0,0,0,0,0,0
2023-07-06,3842.7547,risk_off,0.4,0.0,200000.0,7,0,4907,4907,4906,1288,272,5,2664,0,0,0,7,0,0,0,0,0,0,0,0,0,0,0
2023-07-07,3825.6988,risk_off,0.4,0.0,200000.0,7,0,4910,4910,4909,1289,268,6,2766,0,0,0,7,0,0,0,0,0,0,0,0,0,0,0
2023-07-10,3844.3269,risk_off,0.4,0.0,200000.0,7,0,4911,4911,4910,1289,265,6,2762,0,0,0,7,0,0,0,0,0,0,0,0,0,0,0
2023-07-11,3869.4861,risk_off,0.4,0.0,200000.0,7,0,4910,4910,4909,1289,262,6,2593,0,0,0,7,0,0,0,0,0,0,0,0,0,0,0
2023-07-12,3843.4369,risk_off,0.4,0.0,200000.0,7,0,4915,4915,4914,1289,276,6,2851,0,0,0,7,0,0,0,0,0,0,0,0,0,0,0
2023-07-13,3898.4229,risk_off,0.4,0.0,200000.0,7,0,4917,4917,4916,1290,263,6,2671,0,0,0,7,0,0,0,0,0,0,0,0,0,0,0
2023-07-14,3899.1027,risk_off,0.4,0.0,200000.0,7,0,4918,4918,4917,1290,262,6,2658,0,0,0,7,0,0,0,0,0,0,0,0,0,0,0
2023-07-17,3867.1749,risk_off,0.4,0.0,200000.0,7,0,4921,4921,4920,1290,268,5,2699,0,0,0,7,0,0,0,0,0,0,0,0,0,0,0
2023-07-18,3854.9393,risk_off,0.4,0.0,200000.0,7,0,4921,4921,4920,1290,267,6,2654,0,0,0,7,0,0,0,0,0,0,0,0,0,0,0
2023-07-19,3850.8663,risk_off,0.4,0.0,200000.0,7,0,4925,4925,4924,1290,261,6,2690,0,0,0,7,0,0,0,0,0,0,0,0,0,0,0
2023-07-20,3823.6946,risk_off,0.4,0.0,200000.0,7,0,4927,4927,4926,1290,273,6,2940,0,0,0,7,0,0,0,0,0,0,0,0,0,0,0
2023-07-21,3821.91,risk_off,0.4,0.0,200000.0,7,0,4927,4927,4926,1289,273,5,3015,0,0,0,7,0,0,0,0,0,0,0,0,0,0,0
2023-07-24,3805.221,risk_off,0.4,0.0,200000.0,7,0,4928,4928,4927,1290,272,5,2984,0,0,0,7,0,0,0,0,0,0,0,0,0,0,0
2023-07-25,3915.1153,neutral,0.7,0.0,200000.0,7,0,4931,4931,4930,1290,240,6,2656,0,0,0,0,0,0,0,0,0,0,0,0,0,0,0
2023-07-26,3907.0128,neutral,0.7,0.0,200000.0,7,0,4934,4934,4933,1290,222,6,2714,0,0,0,0,0,0,0,0,0,0,0,0,0,0,0
2023-07-27,3902.3458,neutral,0.7,0.0,200000.0,7,0,4934,4934,4933,1290,227,6,2829,0,0,0,0,0,0,0,0,0,0,0,0,0,0,0
2023-07-28,3992.7376,risk_on,1.0,0.0,200000.0,7,0,4936,4936,4935,1290,190,6,2691,0,0,0,0,0,0,0,0,0,0,0,0,0,0,0
2023-07-31,4014.6301,risk_on,1.0,0.0,200000.0,7,0,4937,4937,4936,1290,180,6,2539,0,0,0,0,0,0,0,0,0,0,0,0,0,0,0
2023-08-01,3998.001,risk_on,1.0,0.0,200000.0,7,0,4938,4938,4937,1289,137,2,2609,0,0,0,0,0,0,0,0,0,0,0,0,0,0,0
2023-08-02,3969.895,risk_on,1.0,0.0,200000.0,7,0,4938,4938,4937,1289,183,6,2624,0,0,0,0,0,0,0,0,0,0,0,0,0,0,0
2023-08-03,4004.9839,risk_on,1.0,0.0,200000.0,7,0,4941,4941,4940,1291,178,6,2668,0,0,0,0,0,0,0,0,0,0,0,0,0,0,0
2023-08-04,4020.5792,risk_on,1.0,0.0,200000.0,7,0,4942,4942,4941,1292,179,6,2682,0,0,0,0,0,0,0,0,0,0,0,0,0,0,0
2023-08-07,3990.1531,risk_on,1.0,0.0,200000.0,7,0,4943,4943,4942,1292,183,6,2820,0,0,0,0,0,0,0,0,0,0,0,0,0,0,0
2023-08-08,3979.7322,risk_on,1.0,0.0,200000.0,7,0,4944,4944,4943,1292,187,6,2800,0,0,0,0,0,0,0,0,0,0,0,0,0,0,0
2023-08-09,3967.5652,risk_on,1.0,0.0,200000.0,7,0,4947,4947,4946,1292,195,6,2999,0,0,0,0,0,0,0,0,0,0,0,0,0,0,0
2023-08-10,3975.7166,risk_on,1.0,0.0,200000.0,7,0,4949,4949,4948,1292,186,6,2864,0,0,0,0,0,0,0,0,0,0,0,0,0,0,0
2023-08-11,3884.2538,risk_off,0.4,0.0,200000.0,7,0,4950,4950,4949,1292,218,6,3263,0,0,0,7,0,0,0,0,0,0,0,0,0,0,0
2023-08-14,3855.9061,risk_off,0.4,0.0,200000.0,7,0,4949,4949,4948,1292,223,6,3129,0,0,0,7,0,0,0,0,0,0,0,0,0,0,0
2023-08-15,3846.5357,risk_off,0.4,0.0,200000.0,7,0,4951,4951,4950,1292,239,6,3216,0,0,0,7,0,0,0,0,0,0,0,0,0,0,0
2023-08-16,3818.3338,risk_off,0.4,0.0,200000.0,7,0,4953,4953,4952,1292,241,6,3415,0,0,0,7,0,0,0,0,0,0,0,0,0,0,0
2023-08-17,3831.1008,risk_off,0.4,0.0,200000.0,7,0,4954,4954,4953,1292,213,5,3129,0,0,0,7,0,0,0,0,0,0,0,0,0,0,0
2023-08-18,3784.0038,risk_off,0.4,0.0,200000.0,7,0,4956,4956,4955,1292,273,5,3334,0,0,0,7,0,0,0,0,0,0,0,0,0,0,0
2023-08-21,3729.555,risk_off,0.4,0.0,200000.0,7,0,4956,4956,4955,1291,286,6,3439,0,0,0,7,0,0,0,0,0,0,0,0,0,0,0
2023-08-22,3758.2271,risk_off,0.4,0.0,200000.0,7,0,4957,4957,4956,1291,281,6,3450,0,0,0,7,0,0,0,0,0,0,0,0,0,0,0
2023-08-23,3696.6339,risk_off,0.4,0.0,200000.0,7,0,4960,4960,4959,1291,297,8,3717,0,0,0,7,0,0,0,0,0,0,0,0,0,0,0
2023-08-24,3723.4293,risk_off,0.4,0.0,200000.0,7,0,4960,4960,4959,1291,308,7,3796,0,0,0,7,0,0,0,0,0,0,0,0,0,0,0
2023-08-25,3709.1517,risk_off,0.4,0.0,200000.0,7,0,4961,4961,4960,1291,317,10,3969,0,0,0,7,0,0,0,0,0,0,0,0,0,0,0
2023-08-28,3752.6194,risk_off,0.4,0.0,200000.0,7,0,4963,4963,4962,1292,286,10,3763,0,0,0,7,0,0,0,0,0,0,0,0,0,0,0
2023-08-29,3790.1067,risk_off,0.4,0.0,200000.0,7,0,4962,4962,4961,1292,268,11,3253,0,0,0,7,0,0,0,0,0,0,0,0,0,0,0
2023-08-30,3788.5097,risk_off,0.4,0.0,200000.0,7,0,4963,4963,4962,1292,257,12,3126,0,0,0,7,0,0,0,0,0,0,0,0,0,0,0
2023-08-31,3765.2678,risk_off,0.4,0.0,200000.0,7,0,4963,4963,4962,1292,292,15,3222,0,0,0,7,0,0,0,0,0,0,0,0,0,0,0
2023-09-01,3791.4912,risk_off,0.4,0.0,200000.0,14,0,4964,4964,4963,1292,284,14,3180,0,0,0,14,0,0,0,0,0,0,0,0,0,0,0
2023-09-04,3848.9517,risk_off,0.4,0.0,200000.0,14,0,4963,4963,4962,1292,242,14,2876,0,0,0,14,0,0,0,0,0,0,0,0,0,0,0
2023-09-05,3820.3174,risk_off,0.4,0.0,200000.0,14,0,4966,4966,4965,1292,251,15,2985,0,0,0,14,0,0,0,0,0,0,0,0,0,0,0
2023-09-06,3812.0283,risk_off,0.4,0.0,200000.0,14,0,4967,4967,4966,1292,251,16,2866,0,0,0,14,0,0,0,0,0,0,0,0,0,0,0
2023-09-07,3758.4748,risk_off,0.4,0.0,200000.0,14,0,4967,4967,4966,1292,286,15,3243,0,0,0,14,0,0,0,0,0,0,0,0,0,0,0
2023-09-08,3739.9927,risk_off,0.4,0.0,200000.0,14,0,4968,4968,4967,1292,283,15,3185,0,0,0,14,0,0,0,0,0,0,0,0,0,0,0
2023-09-11,3767.537,risk_off,0.4,0.0,200000.0,14,0,4969,4969,4968,1293,274,16,2993,0,0,0,14,0,0,0,0,0,0,0,0,0,0,0
2023-09-12,3760.6048,risk_off,0.4,0.0,200000.0,14,0,4970,4970,4969,1293,279,14,3039,0,0,0,14,0,0,0,0,0,0,0,0,0,0,0
2023-09-13,3736.6513,risk_off,0.4,0.0,200000.0,14,0,4970,4970,4969,1293,287,15,3265,0,0,0,14,0,0,0,0,0,0,0,0,0,0,0
2023-09-14,3733.5077,risk_off,0.4,0.0,200000.0,14,0,4971,4971,4970,1293,283,16,3374,0,0,0,14,0,0,0,0,0,0,0,0,0,0,0
2023-09-15,3708.7766,risk_off,0.4,0.0,200000.0,14,0,4971,4971,4970,1290,280,16,3326,0,0,0,14,0,0,0,0,0,0,0,0,0,0,0
2023-09-18,3727.711,risk_off,0.4,0.0,200000.0,14,0,4971,4971,4970,1290,279,15,3174,0,0,0,14,0,0,0,0,0,0,0,0,0,0,0
2023-09-19,3720.5021,risk_off,0.4,0.0,200000.0,14,0,4971,4971,4970,1290,269,16,3344,0,0,0,14,0,0,0,0,0,0,0,0,0,0,0
2023-09-20,3705.6898,risk_off,0.4,0.0,200000.0,14,0,4973,4973,4972,1291,278,15,3452,0,0,0,14,0,0,0,0,0,0,0,0,0,0,0
2023-09-21,3672.4448,risk_off,0.4,0.0,200000.0,14,0,4975,4975,4974,1293,303,16,3573,0,0,0,14,0,0,0,0,0,0,0,0,0,0,0
2023-09-22,3738.9327,risk_off,0.4,0.0,200000.0,14,0,4975,4975,4974,1293,283,14,3279,0,0,0,14,0,0,0,0,0,0,0,0,0,0,0
2023-09-25,3714.6037,risk_off,0.4,0.0,200000.0,14,0,4976,4976,4975,1293,298,16,3371,0,0,0,14,0,0,0,0,0,0,0,0,0,0,0
2023-09-26,3692.8928,risk_off,0.4,0.0,200000.0,14,0,4976,4976,4975,1293,305,17,3456,0,0,0,14,0,0,0,0,0,0,0,0,0,0,0
2023-09-27,3700.495,risk_off,0.4,0.0,200000.0,14,0,4976,4976,4975,1294,301,15,3407,0,0,0,14,0,0,0,0,0,0,0,0,0,0,0
2023-09-28,3689.5172,risk_off,0.4,0.0,200000.0,14,0,4975,4975,4974,1294,294,15,3205,0,0,0,14,0,0,0,0,0,0,0,0,0,0,0
2023-10-09,3684.7272,risk_off,0.4,0.0,200000.0,14,0,4975,4975,4974,1294,301,16,3332,0,0,0,14,0,0,0,0,0,0,0,0,0,0,0
2023-10-10,3657.1259,risk_off,0.4,0.0,200000.0,14,0,4978,4978,4977,1294,316,16,3382,0,0,0,14,0,0,0,0,0,0,0,0,0,0,0
2023-10-11,3667.5483,risk_off,0.4,0.0,200000.0,14,0,4978,4978,4977,1294,319,18,3357,0,0,0,14,0,0,0,0,0,0,0,0,0,0,0
2023-10-12,3702.3824,risk_off,0.4,0.0,200000.0,14,0,4978,4978,4977,1294,295,16,3230,0,0,0,14,0,0,0,0,0,0,0,0,0,0,0
2023-10-13,3663.4104,risk_off,0.4,0.0,200000.0,14,0,4978,4978,4977,1295,316,18,3363,0,0,0,14,0,0,0,0,0,0,0,0,0,0,0
2023-10-16,3626.5972,risk_off,0.4,0.0,200000.0,14,0,4979,4979,4978,1295,317,18,3404,0,0,0,14,0,0,0,0,0,0,0,0,0,0,0
2023-10-17,3639.4018,risk_off,0.4,0.0,200000.0,14,0,4981,4981,4980,1295,311,18,3399,0,0,0,14,0,0,0,0,0,0,0,0,0,0,0
2023-10-18,3610.5767,risk_off,0.4,0.0,200000.0,14,0,4980,4980,4979,1294,328,19,3685,0,0,0,14,0,0,0,0,0,0,0,0,0,0,0
2023-10-19,3533.5445,risk_off,0.4,0.0,200000.0,14,0,4982,4982,4981,1295,343,24,3824,0,0,0,14,0,0,0,0,0,0,0,0,0,0,0
2023-10-20,3510.5889,risk_off,0.4,0.0,200000.0,14,0,4983,4983,4982,1295,351,23,3970,0,0,0,14,0,0,0,0,0,0,0,0,0,0,0
2023-10-23,3474.2438,risk_off,0.4,0.0,200000.0,14,0,4984,4984,4983,1295,621,31,4203,0,0,0,14,0,0,0,0,0,0,0,0,0,0,0
2023-10-24,3487.1302,risk_off,0.4,0.0,200000.0,14,0,4984,4984,4983,1295,347,24,3889,0,0,0,14,0,0,0,0,0,0,0,0,0,0,0
2023-10-25,3504.4576,risk_off,0.4,0.0,200000.0,14,0,4985,4985,4984,1295,334,23,3702,0,0,0,14,0,0,0,0,0,0,0,0,0,0,0
2023-10-26,3514.1448,risk_off,0.4,0.0,200000.0,14,0,4985,4985,4984,1295,330,25,3648,0,0,0,14,0,0,0,0,0,0,0,0,0,0,0
2023-10-27,3562.3851,risk_off,0.4,0.0,200000.0,14,0,4985,4985,4984,1295,323,27,3445,0,0,0,14,0,0,0,0,0,0,0,0,0,0,0
2023-10-30,3583.7718,risk_off,0.4,0.0,200000.0,14,0,4984,4984,4983,1296,328,33,3191,0,0,0,14,0,0,0,0,0,0,0,0,0,0,0
2023-10-31,3572.5056,risk_off,0.4,0.0,200000.0,14,0,4987,4987,4986,1297,326,34,3229,0,0,0,14,0,0,0,0,0,0,0,0,0,0,0
2023-11-01,3571.0268,risk_off,0.4,0.0,200000.0,16,0,4989,4989,4988,1297,333,36,3174,0,0,0,16,0,0,0,0,0,0,0,0,0,0,0
2023-11-02,3554.1889,risk_off,0.4,0.0,200000.0,16,0,4988,4988,4987,1296,338,36,3334,0,0,0,16,0,0,0,0,0,0,0,0,0,0,0
2023-11-03,3584.1364,risk_off,0.4,0.0,200000.0,16,0,4990,4990,4989,1298,334,35,3155,0,0,0,16,0,0,0,0,0,0,0,0,0,0,0
2023-11-06,3632.6084,risk_off,0.4,0.0,200000.0,16,0,4984,4984,4983,1295,317,35,2842,0,0,0,16,0,0,0,0,0,0,0,0,0,0,0
2023-11-07,3619.7593,risk_off,0.4,0.0,200000.0,16,0,4987,4987,4986,1297,311,36,2736,0,0,0,16,0,0,0,0,0,0,0,0,0,0,0
2023-11-08,3611.0723,risk_off,0.4,0.0,200000.0,16,0,4989,4989,4988,1299,320,36,2715,0,0,0,16,0,0,0,0,0,0,0,0,0,0,0
2023-11-09,3612.8263,risk_off,0.4,0.0,200000.0,16,0,4989,4989,4988,1300,318,36,2820,0,0,0,16,0,0,0,0,0,0,0,0,0,0,0
2023-11-10,3586.4893,risk_off,0.4,0.0,200000.0,16,0,4989,4989,4988,1299,318,35,2805,0,0,0,16,0,0,0,0,0,0,0,0,0,0,0
2023-11-13,3579.4141,risk_off,0.4,0.0,200000.0,16,0,4991,4991,4990,1300,309,36,2624,0,0,0,16,0,0,0,0,0,0,0,0,0,0,0
2023-11-14,3582.0584,risk_off,0.4,0.0,200000.0,16,0,4991,4991,4990,1300,301,34,2555,0,0,0,16,0,0,0,0,0,0,0,0,0,0,0
2023-11-15,3607.2454,risk_off,0.4,0.0,200000.0,16,0,4990,4990,4989,1300,294,34,2422,0,0,0,16,0,0,0,0,0,0,0,0,0,0,0
2023-11-16,3572.3641,risk_off,0.4,0.0,200000.0,16,0,4989,4989,4988,1300,305,35,2569,0,0,0,16,0,0,0,0,0,0,0,0,0,0,0
2023-11-17,3568.0685,risk_off,0.4,0.0,200000.0,16,0,4991,4991,4990,1300,301,36,2405,0,0,0,16,0,0,0,0,0,0,0,0,0,0,0
2023-11-20,3576.3233,risk_off,0.4,0.0,200000.0,16,0,4993,4993,4992,1299,293,34,2245,0,0,0,16,0,0,0,0,0,0,0,0,0,0,0
2023-11-21,3581.0674,risk_off,0.4,0.0,200000.0,16,0,4994,4994,4993,1299,300,35,2310,0,0,0,16,0,0,0,0,0,0,0,0,0,0,0
2023-11-22,3544.4162,risk_off,0.4,0.0,200000.0,16,0,4994,4994,4993,1299,315,38,2485,0,0,0,16,0,0,0,0,0,0,0,0,0,0,0
2023-11-23,3561.5204,risk_off,0.4,0.0,200000.0,16,0,4994,4994,4993,1299,304,35,2292,0,0,0,16,0,0,0,0,0,0,0,0,0,0,0
2023-11-24,3538.0087,risk_off,0.4,0.0,200000.0,16,0,4995,4995,4994,1300,314,36,2532,0,0,0,16,0,0,0,0,0,0,0,0,0,0,0
2023-11-27,3511.9424,risk_off,0.4,0.0,200000.0,16,0,4995,4995,4994,1300,314,38,2533,0,0,0,16,0,0,0,0,0,0,0,0,0,0,0
2023-11-28,3518.5232,risk_off,0.4,0.0,200000.0,16,0,4995,4995,4994,1300,310,38,2379,0,0,0,16,0,0,0,0,0,0,0,0,0,0,0
2023-11-29,3488.3073,risk_off,0.4,0.0,200000.0,16,0,4997,4997,4996,1300,320,39,2489,0,0,0,16,0,0,0,0,0,0,0,0,0,0,0
2023-11-30,3496.2028,risk_off,0.4,0.0,200000.0,16,0,4996,4996,4995,1300,318,39,2590,0,0,0,16,0,0,0,0,0,0,0,0,0,0,0
2023-12-01,3482.8813,risk_off,0.4,0.0,200000.0,16,0,4997,4997,4996,1300,315,39,2459,0,0,0,16,0,0,0,0,0,0,0,0,0,0,0
2023-12-04,3460.138,risk_off,0.4,0.0,200000.0,16,0,4996,4996,4995,1300,308,37,2447,0,0,0,16,0,0,0,0,0,0,0,0,0,0,0
2023-12-05,3394.2571,risk_off,0.4,0.0,200000.0,16,0,4997,4997,4996,1301,552,52,2846,0,0,0,16,0,0,0,0,0,0,0,0,0,0,0
2023-12-06,3399.598,risk_off,0.4,0.0,200000.0,16,0,4998,4998,4997,1301,545,51,2745,0,0,0,16,0,0,0,0,0,0,0,0,0,0,0
2023-12-07,3391.2823,risk_off,0.4,0.0,200000.0,16,0,4997,4997,4996,1301,551,53,2779,0,0,0,16,0,0,0,0,0,0,0,0,0,0,0
2023-12-08,3399.4618,risk_off,0.4,0.0,200000.0,16,0,5000,5000,4999,1301,570,52,3014,0,0,0,16,0,0,0,0,0,0,0,0,0,0,0
2023-12-11,3419.4548,risk_off,0.4,0.0,200000.0,16,0,5000,5000,4999,1301,548,52,2786,0,0,0,16,0,0,0,0,0,0,0,0,0,0,0
2023-12-12,3426.803,risk_off,0.4,0.0,200000.0,16,0,5000,5000,4999,1301,541,49,2681,0,0,0,16,0,0,0,0,0,0,0,0,0,0,0
2023-12-13,3369.605,risk_off,0.4,0.0,200000.0,16,0,5002,5002,5001,1302,556,55,2767,0,0,0,16,0,0,0,0,0,0,0,0,0,0,0
2023-12-14,3351.9639,risk_off,0.4,0.0,200000.0,16,0,5002,5002,5001,1302,554,55,2791,0,0,0,16,0,0,0,0,0,0,0,0,0,0,0
2023-12-15,3341.5517,risk_off,0.4,0.0,200000.0,16,0,5002,5002,5001,1302,557,56,2905,0,0,0,16,0,0,0,0,0,0,0,0,0,0,0
2023-12-18,3329.3657,risk_off,0.4,0.0,200000.0,16,0,5002,5002,5001,1301,575,57,3146,0,0,0,16,0,0,0,0,0,0,0,0,0,0,0
2023-12-19,3334.0412,risk_off,0.4,0.0,200000.0,16,0,4999,4999,4998,1301,569,57,3115,0,0,0,16,0,0,0,0,0,0,0,0,0,0,0
2023-12-20,3297.5022,risk_off,0.4,0.0,200000.0,16,0,5002,5002,5001,1301,586,60,3315,0,0,0,16,0,0,0,0,0,0,0,0,0,0,0
2023-12-21,3330.8698,risk_off,0.4,0.0,200000.0,16,0,5002,5002,5001,1300,576,59,3196,0,0,0,16,0,0,0,0,0,0,0,0,0,0,0
2023-12-22,3337.2281,risk_off,0.4,0.0,200000.0,16,0,5002,5002,5001,1300,579,58,3533,0,0,0,16,0,0,0,0,0,0,0,0,0,0,0
2023-12-25,3347.4508,risk_off,0.4,0.0,200000.0,16,0,5003,5003,5002,1302,597,58,3609,0,0,0,16,0,0,0,0,0,0,0,0,0,0,0
2023-12-26,3324.7902,risk_off,0.4,0.0,200000.0,16,0,5005,5005,5004,1302,605,59,3825,0,0,0,16,0,0,0,0,0,0,0,0,0,0,0
2023-12-27,3336.3572,risk_off,0.4,0.0,200000.0,16,0,5007,5007,5006,1303,595,61,3682,0,0,0,16,0,0,0,0,0,0,0,0,0,0,0
2023-12-28,3414.5403,risk_off,0.4,0.0,200000.0,16,0,5005,5005,5004,1303,552,55,3423,0,0,0,16,0,0,0,0,0,0,0,0,0,0,0
2023-12-29,3431.1099,risk_off,0.4,0.0,200000.0,16,0,5008,5008,5007,1304,333,41,3071,0,0,0,16,0,0,0,0,0,0,0,0,0,0,0
2024-01-02,3386.3522,risk_off,0.4,0.0,200000.0,16,0,5008,5008,5007,1304,332,43,2949,0,0,0,16,0,0,0,0,0,0,0,0,0,0,0
2024-01-03,3378.2971,risk_off,0.4,0.0,200000.0,16,0,5009,5009,5008,1304,332,43,3003,0,0,0,16,0,0,0,0,0,0,0,0,0,0,0
2024-01-04,3347.0519,risk_off,0.4,0.0,200000.0,16,0,5009,5009,5008,1304,533,56,3048,0,0,0,16,0,0,0,0,0,0,0,0,0,0,0
2024-01-05,3329.1114,risk_off,0.4,0.0,200000.0,16,0,5010,5010,5009,1305,557,56,3345,0,0,0,16,0,0,0,0,0,0,0,0,0,0,0
2024-01-08,3286.0564,risk_off,0.4,0.0,200000.0,16,0,5010,5010,5009,1305,585,58,3666,0,0,0,16,0,0,0,0,0,0,0,0,0,0,0
2024-01-09,3292.4994,risk_off,0.4,0.0,200000.0,16,0,5010,5010,5009,1304,577,59,3523,0,0,0,16,0,0,0,0,0,0,0,0,0,0,0
2024-01-10,3277.129,risk_off,0.4,0.0,200000.0,16,0,5012,5012,5011,1305,587,60,3678,0,0,0,16,0,0,0,0,0,0,0,0,0,0,0
2024-01-11,3295.6717,risk_off,0.4,0.0,200000.0,16,0,5013,5013,5012,1306,567,59,3411,0,0,0,16,0,0,0,0,0,0,0,0,0,0,0
2024-01-12,3284.1667,risk_off,0.4,0.0,200000.0,16,0,5012,5012,5011,1305,576,57,3522,0,0,0,16,0,0,0,0,0,0,0,0,0,0,0
2024-01-15,3280.9195,risk_off,0.4,0.0,200000.0,16,0,5012,5012,5011,1306,579,59,3528,0,0,0,16,0,0,0,0,0,0,0,0,0,0,0
2024-01-16,3300.8762,risk_off,0.4,0.0,200000.0,16,0,5014,5014,5013,1306,584,59,3596,0,0,0,16,0,0,0,0,0,0,0,0,0,0,0
2024-01-17,3229.082,risk_off,0.4,0.0,200000.0,16,0,5014,5014,5013,1306,621,58,3970,0,0,0,16,0,0,0,0,0,0,0,0,0,0,0
2024-01-18,3274.7286,risk_off,0.4,0.0,200000.0,16,0,5016,5016,5015,1306,639,58,4123,0,0,0,16,0,0,0,0,0,0,0,0,0,0,0
2024-01-19,3269.7763,risk_off,0.4,0.0,200000.0,16,0,5017,5017,5016,1305,655,56,4231,0,0,0,16,0,0,0,0,0,0,0,0,0,0,0
2024-01-22,3218.9016,risk_off,0.4,0.0,200000.0,16,0,5018,5018,5017,1306,774,60,4592,0,0,0,16,0,0,0,0,0,0,0,0,0,0,0
2024-01-23,3231.9329,risk_off,0.4,0.0,200000.0,16,0,5018,5018,5017,1306,771,59,4566,0,0,0,16,0,0,0,0,0,0,0,0,0,0,0
2024-01-24,3277.1089,risk_off,0.4,0.0,200000.0,16,0,5020,5020,5019,1307,691,58,4511,0,0,0,16,0,0,0,0,0,0,0,0,0,0,0
2024-01-25,3342.9189,risk_off,0.4,0.0,200000.0,16,0,5021,5021,5020,1307,649,55,4294,0,0,0,16,0,0,0,0,0,0,0,0,0,0,0
2024-01-26,3333.8213,risk_off,0.4,0.0,200000.0,16,0,5020,5020,5019,1306,642,56,4248,0,0,0,16,0,0,0,0,0,0,0,0,0,0,0
2024-01-29,3303.9604,risk_off,0.4,0.0,200000.0,16,0,5021,5021,5020,1307,675,54,4458,0,0,0,16,0,0,0,0,0,0,0,0,0,0,0
2024-01-30,3245.0387,risk_off,0.4,0.0,200000.0,16,0,5021,5021,5020,1307,715,57,4600,0,0,0,16,0,0,0,0,0,0,0,0,0,0,0
2024-01-31,3215.3518,risk_off,0.4,0.0,200000.0,16,0,5021,5021,5020,1307,735,56,4687,0,0,0,16,0,0,0,0,0,0,0,0,0,0,0
2024-02-01,3217.7109,risk_off,0.4,0.0,200000.0,17,1,5021,5021,5020,1307,747,55,4718,1,0,0,16,0,0,0,0,0,0,0,1,0,1,0
2024-02-02,3179.6276,risk_off,0.4,0.0270803984031625,194365.49515550002,17,1,5021,5021,5020,1307,770,54,4758,0,0,0,16,0,0,0,0,0,0,0,0,0,0,0
2024-02-05,3200.4218,risk_off,0.4,0.025617181679466583,194365.49515550002,17,1,5021,5021,5020,1307,782,47,4822,0,0,0,16,0,0,0,0,0,0,0,0,0,0,0
2024-02-06,3311.6922,risk_off,0.4,0.028344969454507846,194365.49515550002,17,1,5023,5023,5022,1307,763,46,4733,0,0,0,16,0,0,0,0,0,0,0,0,0,0,0
2024-02-07,3343.6303,risk_off,0.4,0.03067094637863606,194365.49515550002,17,1,5024,5024,5023,1307,767,46,4663,0,0,0,16,0,0,0,0,0,0,0,0,0,0,0
2024-02-08,3364.9297,neutral,0.7,0.03134726011428444,194365.49515550002,17,1,5026,5026,5025,1307,759,50,4613,0,0,0,0,0,0,0,0,0,0,0,0,0,0,0
2024-02-19,3403.8078,neutral,0.7,0.03158857207715203,194365.49515550002,17,1,5026,5026,5025,1307,717,47,4569,0,0,0,0,0,0,0,0,0,0,0,0,0,0,0
2024-02-20,3410.8542,neutral,0.7,0.03134726011428444,194365.49515550002,17,1,5026,5026,5025,1307,715,48,4532,0,0,0,0,0,0,0,0,0,0,0,0,0,0,0
2024-02-21,3456.8713,neutral,0.7,0.031516191113581296,194365.49515550002,17,1,5026,5026,5025,1307,703,47,4498,0,0,0,0,0,0,0,0,0,0,0,0,0,0,0
2024-02-22,3486.6747,neutral,0.7,0.03149206172126682,194365.49515550002,17,1,5026,5026,5025,1307,686,46,4449,0,0,0,0,0,0,0,0,0,0,0,0,0,0,0
2024-02-23,3489.7416,neutral,0.7,0.03146793112657379,194365.49515550002,17,1,5025,5025,5024,1307,667,48,4372,0,0,0,0,0,0,0,0,0,0,0,0,0,0,0
2024-02-26,3453.3585,neutral,0.7,0.03175741892567178,194365.49515550002,17,1,5024,5024,5023,1307,664,49,4338,0,0,0,0,0,0,0,0,0,0,0,0,0,0,0
2024-02-27,3494.7874,neutral,0.7,0.032432217946081775,194365.49515550002,17,1,5025,5025,5024,1307,638,50,4178,0,0,0,0,0,0,0,0,0,0,0,0,0,0,0
2024-02-28,3450.2598,neutral,0.7,0.03129898328957253,194365.49515550002,17,1,5025,5025,5024,1307,687,50,4431,0,0,0,0,0,0,0,0,0,0,0,0,0,0,0
2024-02-29,3516.0826,neutral,0.7,0.03380301375612965,194365.49515550002,17,1,5025,5025,5024,1307,650,50,4225,0,0,0,0,0,0,0,0,0,0,0,0,0,0,0
2024-03-01,3537.8038,neutral,0.7,0.033490718134692773,194365.49515550002,17,1,5026,5026,5025,1307,643,50,4132,0,0,0,0,0,0,0,0,0,0,0,0,0,0,0
2024-03-04,3540.8686,neutral,0.7,0.033995095386007035,194365.49515550002,17,1,5026,5026,5025,1307,640,48,4099,0,0,0,0,0,0,0,0,0,0,0,0,0,0,0
2024-03-05,3565.5143,neutral,0.7,0.03500227226588076,194365.49515550002,17,1,5026,5026,5025,1307,652,48,4144,0,0,0,0,0,0,0,0,0,0,0,0,0,0,0
2024-03-06,3551.0481,neutral,0.7,0.035433276866668695,194365.49515550002,17,1,5025,5025,5024,1306,648,49,4084,0,0,0,0,0,0,0,0,0,0,0,0,0,0,0
2024-03-07,3529.7195,neutral,0.7,0.03464280742238685,194365.49515550002,17,1,5025,5025,5024,1306,658,46,4173,0,0,0,0,0,0,0,0,0,0,0,0,0,0,0
2024-03-08,3544.9099,neutral,0.7,0.03493040071509418,194365.49515550002,17,1,5026,5026,5025,1306,651,47,4047,0,0,0,0,0,0,0,0,0,0,0,0,0,0,0
2024-03-11,3589.2635,neutral,0.7,0.03524176680736274,194365.49515550002,17,1,5025,5025,5024,1306,629,45,3912,0,0,0,0,0,0,0,0,0,0,0,0,0,0,0
2024-03-12,3597.4939,neutral,0.7,0.03748721835242852,194365.49515550002,17,2,5027,5027,5026,1307,623,45,3861,1,0,0,0,0,0,0,0,0,0,0,1,0,1,0
2024-03-13,3572.361,neutral,0.7,0.0652189194567192,188664.9375011,17,2,5029,5029,5028,1307,625,46,3821,0,0,0,0,0,0,0,0,0,0,0,0,0,0,0
2024-03-14,3562.2229,neutral,0.7,0.06625524192227614,188664.9375011,17,2,5029,5029,5028,1307,634,47,3874,0,0,0,0,0,0,0,0,0,0,0,0,0,0,0
2024-03-15,3569.993,neutral,0.7,0.06649086928747316,188664.9375011,17,2,5028,5028,5027,1307,609,40,3731,0,0,0,0,0,0,0,0,0,0,0,0,0,0,0
2024-03-18,3603.528,neutral,0.7,0.06650010715313102,188664.9375011,17,2,5027,5027,5026,1307,587,43,3510,0,0,0,0,0,0,0,0,0,0,0,0,0,0,0
2024-03-19,3577.6303,neutral,0.7,0.06632917703694104,188664.9375011,17,2,5029,5029,5028,1308,615,43,3573,0,0,0,0,0,0,0,0,0,0,0,0,0,0,0
2024-03-20,3585.3838,neutral,0.7,0.06589464049007568,188664.9375011,17,2,5030,5030,5029,1309,582,45,3435,0,0,0,0,0,0,0,0,0,0,0,0,0,0,0
2024-03-21,3581.0902,neutral,0.7,0.06488069220079747,188664.9375011,17,2,5030,5030,5029,1309,581,45,3387,0,0,0,0,0,0,0,0,0,0,0,0,0,0,0
2024-03-22,3545.0023,neutral,0.7,0.06463961388727368,188664.9375011,17,2,5030,5030,5029,1310,608,50,3560,0,0,0,0,0,0,0,0,0,0,0,0,0,0,0
2024-03-25,3525.7634,neutral,0.7,0.06417565220213821,188664.9375011,17,2,5030,5030,5029,1310,629,49,3808,0,0,0,0,0,0,0,0,0,0,0,0,0,0,0
2024-03-26,3543.7467,neutral,0.7,0.06491777014263876,188664.9375011,17,2,5030,5030,5029,1310,630,51,3806,0,0,0,0,0,0,0,0,0,0,0,0,0,0,0
2024-03-27,3502.7866,neutral,0.7,0.06350208961079107,188664.9375011,17,2,5031,5031,5030,1310,650,50,4097,0,0,0,0,0,0,0,0,0,0,0,0,0,0,0
2024-03-28,3520.9648,neutral,0.7,0.06412458831558907,188664.9375011,17,1,5032,5032,5031,1311,636,50,3913,0,1,0,0,0,0,0,0,0,0,0,0,1,0,1
2024-03-29,3537.4843,neutral,0.7,0.03868161257979815,193846.1951763,17,1,5031,5031,5030,1311,613,46,3774,0,0,0,0,0,0,0,0,0,0,0,0,0,0,0
2024-04-01,3595.6466,neutral,0.7,0.04067973860164072,193846.1951763,17,1,5033,5033,5032,1311,585,45,3501,0,0,0,0,0,0,0,0,0,0,0,0,0,0,0
2024-04-02,3580.6759,neutral,0.7,0.04155723279001372,193846.1951763,17,1,5034,5034,5033,1311,472,27,3530,0,0,0,0,0,0,0,0,0,0,0,0,0,0,0
2024-04-03,3567.8031,neutral,0.7,0.04217289058187901,193846.1951763,17,1,5033,5033,5032,1310,475,28,3575,0,0,0,0,0,0,0,0,0,0,0,0,0,0,0
2024-04-08,3536.4077,neutral,0.7,0.04255136394160962,193846.1951763,17,1,5035,5035,5034,1311,532,30,3749,0,0,0,0,0,0,0,0,0,0,0,0,0,0,0
2024-04-09,3533.4871,neutral,0.7,0.04172306465423517,193846.1951763,17,1,5036,5036,5035,1311,485,29,3644,0,0,0,0,0,0,0,0,0,0,0,0,0,0,0
2024-04-10,3504.7086,neutral,0.7,0.04153353783826508,193846.1951763,17,1,5036,5036,5035,1311,507,30,3798,0,0,0,0,0,0,0,0,0,0,0,0,0,0,0
2024-04-11,3504.2447,neutral,0.7,0.041367640365840695,193846.1951763,17,1,5037,5037,5036,1311,511,31,3736,0,0,0,0,0,0,0,0,0,0,0,0,0,0,0
2024-04-12,3475.8389,neutral,0.7,0.04375575415810197,193846.1951763,17,1,5037,5037,5036,1311,510,30,3812,0,0,0,0,0,0,0,0,0,0,0,0,0,0,0
2024-04-15,3549.0759,neutral,0.7,0.04408584120939626,193846.1951763,17,1,5037,5037,5036,1311,529,28,3910,0,0,0,0,0,0,0,0,0,0,0,0,0,0,0
2024-04-16,3511.1146,neutral,0.7,0.043684991557639,193846.1951763,17,1,5037,5037,5036,1311,644,41,4215,0,0,0,0,0,0,0,0,0,0,0,0,0,0,0
2024-04-17,3565.403,neutral,0.7,0.04354343493323406,193846.1951763,17,1,5036,5036,5035,1311,483,24,3976,0,0,0,0,0,0,0,0,0,0,0,0,0,0,0
2024-04-18,3569.8018,neutral,0.7,0.04333102140303597,193846.1951763,17,1,5036,5036,5035,1311,484,25,3942,0,0,0,0,0,0,0,0,0,0,0,0,0,0,0
2024-04-19,3541.6619,neutral,0.7,0.04333102140303597,193846.1951763,17,1,5036,5036,5035,1311,452,22,3926,0,0,0,0,0,0,0,0,0,0,0,0,0,0,0
2024-04-22,3530.9045,neutral,0.7,0.042575008595849916,193846.1951763,17,1,5035,5035,5034,1310,566,33,3961,0,0,0,0,0,0,0,0,0,0,0,0,0,0,0
2024-04-23,3506.2249,neutral,0.7,0.04143874631421685,193846.1951763,17,1,5034,5034,5033,1311,575,31,3998,0,0,0,0,0,0,0,0,0,0,0,0,0,0,0
2024-04-24,3521.6219,neutral,0.7,0.04229119564519288,193846.1951763,17,1,5034,5034,5033,1311,557,32,3886,0,0,0,0,0,0,0,0,0,0,0,0,0,0,0
2024-04-25,3530.2813,neutral,0.7,0.04219655393274599,193846.1951763,17,1,5033,5033,5032,1311,557,31,3884,0,0,0,0,0,0,0,0,0,0,0,0,0,0,0
2024-04-26,3584.2686,neutral,0.7,0.042409471487451375,193846.1951763,17,1,5026,5026,5025,1309,539,22,3759,1,0,0,0,0,0,0,1,0,0,0,0,0,0,0
2024-04-29,3623.9124,risk_on,1.0,0.03851472629389382,193846.1951763,17,1,5024,5024,5023,1306,517,13,3530,0,0,0,0,0,0,0,0,0,0,0,0,0,0,0
2024-04-30,3604.3943,risk_on,1.0,0.03872928373547873,193846.1951763,17,1,5013,5013,5012,1306,573,2,3537,0,0,0,0,0,0,0,0,0,0,0,0,0,0,0
2024-05-06,3657.8767,risk_on,1.0,0.0402285087876403,193846.1951763,3,1,5035,5035,5034,1310,550,2,3276,0,0,0,0,0,0,0,0,0,0,0,0,0,0,0
2024-05-07,3659.0076,risk_on,1.0,0.04001462015834757,193846.1951763,3,1,5035,5035,5034,1309,288,2,3200,0,0,0,0,0,0,0,0,0,0,0,0,0,0,0
2024-05-08,3630.2233,risk_on,1.0,0.0393723818973303,193846.1951763,3,1,5033,5033,5032,1308,291,2,3327,0,0,0,0,0,0,0,0,0,0,0,0,0,0,0
2024-05-09,3664.561,risk_on,1.0,0.04034729462545951,193846.1951763,3,1,5036,5036,5035,1309,283,1,3159,0,0,0,0,0,0,0,0,0,0,0,0,0,0,0
2024-05-10,3666.2771,risk_on,1.0,0.04010969353955226,193846.1951763,3,1,5036,5036,5035,1309,211,0,3216,0,0,0,0,0,0,0,0,0,0,0,0,0,0,0
2024-05-13,3664.6907,risk_on,1.0,0.0418651605849901,193846.1951763,3,1,5036,5036,5035,1309,510,1,3345,0,0,0,0,0,0,0,0,0,0,0,0,0,0,0
2024-05-14,3657.0454,risk_on,1.0,0.040988230405374956,193846.1951763,3,1,5038,5038,5037,1310,508,1,3277,0,0,0,0,0,0,0,0,0,0,0,0,0,0,0
2024-05-15,3626.0559,risk_on,1.0,0.04153353783826508,193846.1951763,3,1,5039,5039,5038,1311,565,1,3369,0,0,0,0,0,0,0,0,0,0,0,0,0,0,0
2024-05-16,3640.3592,risk_on,1.0,0.04018098621824896,193846.1951763,3,1,5039,5039,5038,1310,557,1,3331,0,0,0,0,0,0,0,0,0,0,0,0,0,0,0
2024-05-17,3677.9696,risk_on,1.0,0.040085926959741176,193846.1951763,3,1,5040,5040,5039,1309,541,1,3127,0,0,0,0,0,0,0,0,0,0,0,0,0,0,0
2024-05-20,3690.9623,risk_on,1.0,0.03920573538318379,193846.1951763,3,1,5036,5036,5035,1307,203,0,3042,0,0,0,0,0,0,0,0,0,0,0,0,0,0,0
2024-05-21,3676.1611,risk_on,1.0,0.03911048284173706,193846.1951763,3,1,5039,5039,5038,1308,541,1,3140,0,0,0,0,0,0,0,0,0,0,0,0,0,0,0
2024-05-22,3684.451,risk_on,1.0,0.039181924018304955,193846.1951763,3,1,5040,5040,5039,1309,542,1,3081,0,0,0,0,0,0,0,0,0,0,0,0,0,0,0
2024-05-23,3641.7917,risk_on,1.0,0.03810918969259232,193846.1951763,3,1,5040,5040,5039,1309,574,2,3368,0,0,0,0,0,0,0,0,0,0,0,0,0,0,0
2024-05-24,3601.4754,risk_on,1.0,0.037631649614219935,193846.1951763,3,1,5040,5040,5039,1309,531,2,3448,0,0,0,0,0,0,0,0,0,0,0,0,0,0,0
2024-05-27,3635.7079,risk_on,1.0,0.03825235931476137,193846.1951763,3,1,5038,5038,5037,1309,520,1,3362,0,0,0,0,0,0,0,0,0,0,0,0,0,0,0
2024-05-28,3609.1724,risk_on,1.0,0.03760776016332219,193846.1951763,3,1,5038,5038,5037,1308,531,1,3444,0,0,0,0,0,0,0,0,0,0,0,0,0,0,0
2024-05-29,3613.5223,risk_on,1.0,0.03739270172131153,193846.1951763,3,1,5038,5038,5037,1309,554,1,3418,0,0,0,0,0,0,0,0,0,0,0,0,0,0,0
2024-05-30,3594.3121,risk_on,1.0,0.03691444978623519,193846.1951763,3,1,5038,5038,5037,1309,567,1,3460,0,0,0,0,0,0,0,0,0,0,0,0,0,0,0
2024-05-31,3579.9247,risk_on,1.0,0.037177547142883634,193846.1951763,3,1,5038,5038,5037,1309,564,1,3381,0,0,0,0,0,0,0,0,0,0,0,0,0,0,0
2024-06-03,3588.7483,risk_on,1.0,0.03701013818703882,193846.1951763,4,1,5039,5039,5038,1309,577,2,3547,0,0,0,0,0,0,0,0,0,0,0,0,0,0,0
2024-06-04,3615.6714,risk_on,1.0,0.03736880040569795,193846.1951763,4,1,5037,5037,5036,1308,580,1,3513,0,0,0,0,0,0,0,0,0,0,0,0,0,0,0
2024-06-05,3594.7936,risk_on,1.0,0.03631596617458571,193846.1951763,4,1,5040,5040,5039,1309,600,2,3683,0,0,0,0,0,0,0,0,0,0,0,0,0,0,0
2024-06-06,3592.2454,risk_on,1.0,0.03622013976307548,193846.1951763,4,1,5040,5040,5039,1309,619,2,3918,0,0,0,0,0,0,0,0,0,0,0,0,0,0,0
2024-06-07,3574.1143,risk_on,1.0,0.035980490337033454,193846.1951763,4,1,5037,5037,5036,1307,614,2,3823,0,0,0,0,0,0,0,0,0,0,0,0,0,0,0
2024-06-11,3542.8771,neutral,0.7,0.03569275366066432,193846.1951763,4,1,5037,5037,5036,1308,606,2,3784,0,0,0,0,0,0,0,0,0,0,0,0,0,0,0
2024-06-12,3544.1225,risk_on,1.0,0.03569275366066432,193846.1951763,4,1,5041,5041,5040,1308,602,2,3695,0,0,0,0,0,0,0,0,0,0,0,0,0,0,0
2024-06-13,3526.1306,neutral,0.7,0.03504471770109248,193846.1951763,4,1,5041,5041,5040,1308,603,2,3699,0,0,0,0,0,0,0,0,0,0,0,0,0,0,0
2024-06-14,3541.5331,risk_on,1.0,0.036411773532391674,193846.1951763,4,1,5043,5043,5042,1309,598,2,3668,0,0,0,0,0,0,0,0,0,0,0,0,0,0,0
2024-06-17,3536.1986,neutral,0.7,0.036411773532391674,193846.1951763,4,1,5042,5042,5041,1309,603,1,3663,0,0,0,0,0,0,0,0,0,0,0,0,0,0,0
2024-06-18,3545.5902,risk_on,1.0,0.03631596617458571,193846.1951763,4,1,5042,5042,5041,1309,593,2,3568,0,0,0,0,0,0,0,0,0,0,0,0,0,0,0
2024-06-19,3528.749,neutral,0.7,0.03564478084773251,193846.1951763,4,1,5043,5043,5042,1309,597,2,3633,0,0,0,0,0,0,0,0,0,0,0,0,0,0,0
2024-06-20,3503.2817,neutral,0.7,0.03478045327504129,193846.1951763,4,1,5043,5043,5042,1310,611,2,3793,0,0,0,0,0,0,0,0,0,0,0,0,0,0,0
2024-06-21,3495.6198,neutral,0.7,0.03494863829047269,193846.1951763,4,1,5043,5043,5042,1309,611,2,3794,0,0,0,0,0,0,0,0,0,0,0,0,0,0,0
2024-06-24,3476.8102,neutral,0.7,0.03422743239012529,193846.1951763,4,1,5044,5044,5043,1310,633,1,4080,0,0,0,0,0,0,0,0,0,0,0,0,0,0,0
2024-06-25,3457.9023,neutral,0.7,0.034491999681124874,193846.1951763,4,1,5040,5040,5039,1310,629,1,4095,0,0,0,0,0,0,0,0,0,0,0,0,0,0,0
2024-06-26,3480.2648,neutral,0.7,0.03494863829047269,193846.1951763,4,1,5046,5046,5045,1310,610,2,3908,0,0,0,0,0,0,0,0,0,0,0,0,0,0,0
2024-06-27,3454.1175,neutral,0.7,0.03413119015027998,193846.1951763,4,1,5044,5044,5043,1310,628,0,4073,0,0,0,0,0,0,0,0,0,0,0,0,0,0,0
2024-06-28,3461.657,neutral,0.7,0.033577424813329586,193846.1951763,4,1,5046,5046,5045,1310,618,2,3973,0,0,0,0,0,0,0,0,0,0,0,0,0,0,0
2024-07-01,3478.1827,neutral,0.7,0.033553333654996034,193846.1951763,4,1,5044,5044,5043,1309,612,2,3883,0,0,0,0,0,0,0,0,0,0,0,0,0,0,0
2024-07-02,3471.7857,neutral,0.7,0.032298936160931456,193846.1951763,4,1,5045,5045,5044,1309,610,2,3933,0,0,0,0,0,0,0,0,0,0,0,0,0,0,0
2024-07-03,3463.4141,neutral,0.7,0.03171888453927888,193846.1951763,4,1,5046,5046,5045,1310,626,2,4041,0,0,0,0,0,0,0,0,0,0,0,0,0,0,0
2024-07-04,3445.8128,neutral,0.7,0.03150118586324873,193846.1951763,4,1,5047,5047,5046,1310,644,1,4213,0,0,0,0,0,0,0,0,0,0,0,0,0,0,0
2024-07-05,3431.0605,neutral,0.7,0.03167051551390188,193846.1951763,4,1,5047,5047,5046,1311,632,1,4150,0,0,0,0,0,0,0,0,0,0,0,0,0,0,0
2024-07-08,3401.7604,neutral,0.7,0.030920177198105386,193846.1951763,4,1,5044,5044,5043,1311,653,2,4295,0,0,0,0,0,0,0,0,0,0,0,0,0,0,0
2024-07-09,3439.8111,neutral,0.7,0.031186559345095295,193846.1951763,4,1,5046,5046,5045,1311,633,1,4121,0,0,0,0,0,0,0,0,0,0,0,0,0,0,0
2024-07-10,3428.9657,neutral,0.7,0.031113924193408325,193846.1951763,4,1,5048,5048,5047,1310,637,0,4145,0,0,0,0,0,0,0,0,0,0,0,0,0,0,0
2024-07-11,3468.169,neutral,0.7,0.03212982623923085,193846.1951763,4,1,5048,5048,5047,1310,612,0,3918,0,0,0,0,0,0,0,0,0,0,0,0,0,0,0
2024-07-12,3472.4014,neutral,0.7,0.031573762964488314,193846.1951763,4,1,5048,5048,5047,1310,619,0,3929,0,0,0,0,0,0,0,0,0,0,0,0,0,0,0
2024-07-15,3476.2467,neutral,0.7,0.03140439947137379,193846.1951763,4,1,5049,5049,5048,1311,628,1,4034,0,0,0,0,0,0,0,0,0,0,0,0,0,0,0
2024-07-16,3498.2827,neutral,0.7,0.030968621210947234,193846.1951763,4,1,5049,5049,5048,1311,631,1,4031,0,0,0,0,0,0,0,0,0,0,0,0,0,0,0
2024-07-17,3501.5836,neutral,0.7,0.030605173012389957,193846.1951763,4,1,5047,5047,5046,1310,642,0,4155,0,0,0,0,0,0,0,0,0,0,0,0,0,0,0
2024-07-18,3520.931,risk_on,1.0,0.031573762964488314,193846.1951763,4,1,5047,5047,5046,1311,640,0,4130,0,0,0,0,0,0,0,0,0,0,0,0,0,0,0
2024-07-19,3539.0156,risk_on,1.0,0.03140439947137379,193846.1951763,4,1,5046,5046,5045,1310,642,0,4082,0,0,0,0,0,0,0,0,0,0,0,0,0,0,0
2024-07-22,3514.9249,risk_on,1.0,0.031113924193408325,193846.1951763,4,1,5047,5047,5046,1310,647,0,4051,0,0,0,0,0,0,0,0,0,0,0,0,0,0,0
2024-07-23,3439.8779,neutral,0.7,0.030314218099422096,193846.1951763,4,1,5047,5047,5046,1309,668,0,4236,0,0,0,0,0,0,0,0,0,0,0,0,0,0,0
2024-07-24,3418.1663,neutral,0.7,0.029828904928303968,193846.1951763,4,1,5047,5047,5046,1309,680,0,4346,0,0,0,0,0,0,0,0,0,0,0,0,0,0,0
2024-07-25,3399.2716,neutral,0.7,0.030168675137533324,193846.1951763,4,1,5046,5046,5045,1308,680,0,4332,0,0,0,0,0,0,0,0,0,0,0,0,0,0,0
2024-07-26,3409.2931,neutral,0.7,0.031041278149509053,193846.1951763,4,1,5049,5049,5048,1308,663,0,4235,0,0,0,0,0,0,0,0,0,0,0,0,0,0,0
2024-07-29,3390.742,neutral,0.7,0.03058093343865334,193846.1951763,4,1,5048,5048,5047,1307,660,1,4194,0,0,0,0,0,0,0,0,0,0,0,0,0,0,0
2024-07-30,3369.3821,neutral,0.7,0.030289963972751032,193846.1951763,4,1,5049,5049,5048,1316,660,1,4150,0,0,0,0,0,0,0,0,0,0,0,0,0,0,0
2024-07-31,3442.0844,neutral,0.7,0.032202309156810154,193846.1951763,4,1,5049,5049,5048,1315,629,1,3769,0,0,0,0,0,0,0,0,0,0,0,0,0,0,0
2024-08-01,3419.2666,neutral,0.7,0.0315979529144005,193846.1951763,5,1,5048,5048,5047,1315,632,1,3726,0,0,0,0,0,0,0,0,0,0,0,0,0,0,0
2024-08-02,3384.3919,neutral,0.7,0.0312833892748035,193846.1951763,5,1,5050,5050,5049,1316,643,1,3934,0,0,0,0,0,0,0,0,0,0,0,0,0,0,0
2024-08-05,3343.3205,neutral,0.7,0.03038697320032914,193846.1951763,5,1,5051,5051,5050,1316,663,1,4254,0,0,0,0,0,0,0,0,0,0,0,0,0,0,0
2024-08-06,3342.9789,neutral,0.7,0.0309443998099669,193846.1951763,5,1,5052,5052,5051,1316,655,1,4100,0,0,0,0,0,0,0,0,0,0,0,0,0,0,0
2024-08-07,3341.489,neutral,0.7,0.030314218099422096,193846.1951763,5,1,5052,5052,5051,1317,651,1,4102,0,0,0,0,0,0,0,0,0,0,0,0,0,0,0
2024-08-08,3342.9369,neutral,0.7,0.0309443998099669,193846.1951763,5,1,5053,5053,5052,1318,654,1,4149,0,0,0,0,0,0,0,0,0,0,0,0,0,0,0
2024-08-09,3331.6274,neutral,0.7,0.03053245065435657,193846.1951763,5,1,5053,5053,5052,1318,657,2,4229,0,0,0,0,0,0,0,0,0,0,0,0,0,0,0
2024-08-12,3325.8645,neutral,0.7,0.030556692652672527,193846.1951763,5,1,5053,5053,5052,1318,664,4,4280,0,0,0,0,0,0,0,0,0,0,0,0,0,0,0
2024-08-13,3334.3903,neutral,0.7,0.03038697320032914,193846.1951763,5,1,5053,5053,5052,1318,656,6,4213,0,0,0,0,0,0,0,0,0,0,0,0,0,0,0
2024-08-14,3309.2389,neutral,0.7,0.02980462651760138,193846.1951763,5,1,5054,5054,5053,1319,664,6,4279,0,0,0,0,0,0,0,0,0,0,0,0,0,0,0
2024-08-15,3341.953,risk_off,0.4,0.029998819786436964,193846.1951763,5,1,5055,5055,5054,1320,662,6,4201,0,0,0,5,0,0,0,0,0,0,0,0,0,0,0
2024-08-16,3345.634,risk_off,0.4,0.02980462651760138,193846.1951763,5,1,5056,5056,5055,1320,665,6,4190,0,0,0,5,0,0,0,0,0,0,0,0,0,0,0
2024-08-19,3356.9677,risk_off,0.4,0.030047355957529553,193846.1951763,5,1,5055,5055,5054,1320,659,6,4236,0,0,0,5,0,0,0,0,0,0,0,0,0,0,0
2024-08-20,3332.7034,risk_off,0.4,0.029634643613126895,193846.1951763,5,1,5056,5056,5055,1320,667,10,4396,0,0,0,5,0,0,0,0,0,0,0,0,0,0,0
2024-08-21,3321.635,risk_off,0.4,0.029440304486898546,193846.1951763,5,1,5057,5057,5056,1320,665,10,4405,0,0,0,5,0,0,0,0,0,0,0,0,0,0,0
2024-08-22,3313.1357,risk_off,0.4,0.02956177556178454,193846.1951763,5,1,5056,5056,5055,1319,679,9,4493,0,0,0,5,0,0,0,0,0,0,0,0,0,0,0
2024-08-23,3327.1905,risk_off,0.4,0.030168675137533324,193846.1951763,5,1,5056,5056,5055,1319,739,13,4517,0,0,0,5,0,0,0,0,0,0,0,0,0,0,0
2024-08-26,3324.2231,risk_off,0.4,0.03021719431235713,193846.1951763,5,1,5057,5057,5056,1319,732,18,4473,0,0,0,5,0,0,0,0,0,0,0,0,0,0,0
2024-08-27,3305.3338,risk_off,0.4,0.02985318212393897,193846.1951763,5,1,5056,5056,5055,1319,740,22,4520,0,0,0,5,0,0,0,0,0,0,0,0,0,0,0
2024-08-28,3286.4956,risk_off,0.4,0.030023088479152325,193846.1951763,5,1,5056,5056,5055,1319,738,26,4514,0,0,0,5,0,0,0,0,0,0,0,0,0,0,0
2024-08-29,3277.6812,risk_off,0.4,0.030289963972751032,193846.1951763,5,1,5056,5056,5055,1319,726,28,4444,0,0,0,5,0,0,0,0,0,0,0,0,0,0,0
2024-08-30,3321.4323,risk_off,0.4,0.03072635270059236,193846.1951763,5,1,5056,5056,5055,1319,701,33,4280,0,0,0,5,0,0,0,0,0,0,0,0,0,0,0
2024-09-02,3265.011,risk_off,0.4,0.02978034689173998,193846.1951763,13,1,5054,5054,5053,1319,773,33,4384,0,0,0,12,0,0,0,0,0,0,0,0,0,0,0
2024-09-03,3273.4282,risk_off,0.4,0.03009588727163417,193846.1951763,13,1,5056,5056,5055,1319,708,34,4288,0,0,0,12,0,0,0,0,0,0,0,0,0,0,0
2024-09-04,3252.1649,risk_off,0.4,0.02997454987929232,193846.1951763,13,1,5057,5057,5056,1319,715,34,4339,0,0,0,12,0,0,0,0,0,0,0,0,0,0,0
2024-09-05,3257.7578,risk_off,0.4,0.03043547053592225,193846.1951763,13,1,5057,5057,5056,1320,715,36,4262,0,0,0,12,0,0,0,0,0,0,0,0,0,0,0
2024-09-06,3231.3457,risk_off,0.4,0.029950278757627236,193846.1951763,13,1,5058,5058,5057,1319,780,37,4408,0,0,0,12,0,0,0,0,0,0,0,0,0,0,0
2024-09-09,3192.9516,risk_off,0.4,0.029318802998805765,193846.1951763,13,1,5055,5055,5054,1319,791,38,4413,0,0,0,12,0,0,0,0,0,0,0,0,0,0,0
2024-09-10,3195.7552,risk_off,0.4,0.029513190780684095,193846.1951763,13,1,5055,5055,5054,1319,785,39,4350,0,0,0,12,0,0,0,0,0,0,0,0,0,0,0
2024-09-11,3186.1299,risk_off,0.4,0.03038697320032914,193846.1951763,13,1,5059,5059,5058,1319,789,37,4394,0,0,0,12,0,0,0,0,0,0,0,0,0,0,0
2024-09-12,3172.4747,risk_off,0.4,0.02992600642135054,193846.1951763,13,1,5059,5059,5058,1319,793,37,4390,0,0,0,12,0,0,0,0,0,0,0,0,0,0,0
2024-09-13,3159.247,risk_off,0.4,0.02968321623488148,193846.1951763,13,1,5059,5059,5058,1319,805,36,4477,0,0,0,12,0,0,0,0,0,0,0,0,0,0,0
2024-09-18,3171.0102,risk_off,0.4,0.03021719431235713,193846.1951763,13,1,5055,5055,5054,1318,801,36,4486,0,0,0,12,0,0,0,0,0,0,0,0,0,0,0
2024-09-19,3196.0357,risk_off,0.4,0.03227478121884279,193846.1951763,13,1,5059,5059,5058,1319,778,34,4328,0,0,0,12,0,0,0,0,0,0,0,0,0,0,0
2024-09-20,3201.0497,risk_off,0.4,0.03193648536890522,193846.1951763,13,1,5059,5059,5058,1318,780,34,4296,0,0,0,12,0,0,0,0,0,0,0,0,0,0,0
2024-09-23,3212.7639,risk_off,0.4,0.031743067239951774,193846.1951763,13,1,5060,5060,5059,1319,778,32,4266,0,0,0,12,0,0,0,0,0,0,0,0,0,0,0
2024-09-24,3351.909,neutral,0.7,0.03261284071217539,193846.1951763,13,1,5061,5061,5060,1319,681,29,3828,0,0,0,0,0,0,0,0,0,0,0,0,0,0,0
2024-09-25,3401.533,neutral,0.7,0.03222646771687245,193846.1951763,13,1,5063,5063,5062,1319,676,30,3595,0,0,0,0,0,0,0,0,0,0,0,0,0,0,0
2024-09-26,3545.3204,risk_on,1.0,0.033842348306264446,193846.1951763,13,1,5064,5064,5063,1319,607,27,2897,0,0,0,0,0,0,0,0,0,0,0,0,0,0,0
2024-09-27,3703.6849,risk_on,1.0,0.03509275023259225,193846.1951763,13,1,5064,5064,5063,1319,548,27,1709,0,0,0,0,0,0,0,0,0,0,0,0,0,0,0
2024-09-30,4017.8545,risk_on,1.0,0.03765553787913202,193846.1951763,13,1,5061,5061,5060,1319,63,3,274,0,0,0,0,0,0,0,0,0,0,0,0,0,0,0
2024-10-08,4256.0962,risk_on,1.0,0.03920573538318379,193846.1951763,15,1,5058,5058,5057,1319,54,3,121,0,0,0,0,0,0,0,0,0,0,0,0,0,0,0
2024-10-09,3955.9839,risk_on,1.0,0.03636387223484653,193846.1951763,15,1,5058,5058,5057,1319,466,22,698,0,0,0,0,0,0,0,0,0,0,0,0,0,0,0
2024-10-10,3997.7879,risk_on,1.0,0.03610032994575583,193846.1951763,15,1,5059,5059,5058,1320,461,21,618,0,0,0,0,0,0,0,0,0,0,0,0,0,0,0
2024-10-11,3887.167,risk_on,1.0,0.034660285226207246,193846.1951763,15,1,5059,5059,5058,1319,499,24,1073,0,0,0,0,0,0,0,0,0,0,0,0,0,0,0
2024-10-14,3961.3424,risk_on,1.0,0.03559680326141485,193846.1951763,15,1,5060,5060,5059,1319,473,21,745,0,0,0,0,0,0,0,0,0,0,0,0,0,0,0
2024-10-15,3855.9949,risk_on,1.0,0.034371759793206835,193846.1951763,15,1,5060,5060,5059,1319,487,21,991,0,0,0,0,0,0,0,0,0,0,0,0,0,0,0
2024-10-16,3831.589,risk_on,1.0,0.034179313667792796,193846.1951763,15,1,5063,5063,5062,1320,480,21,987,0,0,0,0,0,0,0,0,0,0,0,0,0,0,0
2024-10-17,3788.2217,risk_on,1.0,0.03377011085018375,193846.1951763,15,1,5066,5066,5065,1320,492,21,1117,0,0,0,0,0,0,0,0,0,0,0,0,0,0,0
2024-10-18,3925.234,risk_on,1.0,0.03461220962826445,193846.1951763,15,1,5065,5065,5064,1320,462,21,776,0,0,0,0,0,0,0,0,0,0,0,0,0,0,0
2024-10-21,3935.1974,risk_on,1.0,0.03415525250847873,193846.1951763,15,1,5065,5065,5064,1320,447,21,678,0,0,0,0,0,0,0,0,0,0,0,0,0,0,0
2024-10-22,3957.7755,risk_on,1.0,0.03497265993680338,193846.1951763,15,1,5065,5065,5064,1320,444,21,511,0,0,0,0,0,0,0,0,0,0,0,0,0,0,0
2024-10-23,3973.2089,risk_on,1.0,0.03475642205874808,193846.1951763,15,1,5062,5062,5061,1320,436,19,461,0,0,0,0,0,0,0,0,0,0,0,0,0,0,0
2024-10-24,3928.8334,risk_on,1.0,0.03463624802578306,193846.1951763,15,1,5064,5064,5063,1321,444,21,505,0,0,0,0,0,0,0,0,0,0,0,0,0,0,0
2024-10-25,3956.421,risk_on,1.0,0.03506873456458548,193846.1951763,15,1,5064,5064,5063,1320,201,17,369,0,0,0,0,0,0,0,0,0,0,0,0,0,0,0
2024-10-28,3964.1569,risk_on,1.0,0.03550083376577198,193846.1951763,15,1,5060,5060,5059,1319,162,17,278,0,0,0,0,0,0,0,0,0,0,0,0,0,0,0
2024-10-29,3924.649,risk_on,1.0,0.03822850067081128,193846.1951763,14,1,5061,5061,5060,1316,429,30,440,0,0,0,0,0,0,0,0,0,0,0,0,0,0,0
2024-10-30,3889.4487,risk_on,1.0,0.035860620925795256,193846.1951763,14,1,5059,5059,5058,1316,434,31,478,0,0,0,0,0,0,0,0,0,0,0,0,0,0,0
2024-10-31,3891.0396,risk_on,1.0,0.03545284185502138,193846.1951763,14,1,5062,5062,5061,1317,422,40,470,0,0,0,0,0,0,0,0,0,0,0,0,0,0,0
2024-11-01,3890.0203,risk_on,1.0,0.03422743239012529,193846.1951763,14,1,5060,5060,5059,1316,417,34,596,0,0,0,0,0,0,0,0,0,0,0,0,0,0,0
2024-11-04,3944.7619,risk_on,1.0,0.03497265993680338,193846.1951763,14,1,5061,5061,5060,1317,395,32,424,0,0,0,0,0,0,0,0,0,0,0,0,0,0,0
2024-11-05,4044.5725,risk_on,1.0,0.035788684969219636,193846.1951763,14,1,5064,5064,5063,1317,100,8,299,0,0,0,0,0,0,0,0,0,0,0,0,0,0,0
2024-11-06,4024.2831,risk_on,1.0,0.035140777982504125,193846.1951763,14,1,5065,5065,5064,1317,99,9,287,0,0,0,0,0,0,0,0,0,0,0,0,0,0,0
2024-11-07,4145.6952,risk_on,1.0,0.036172219410404945,193846.1951763,14,1,5065,5065,5064,1317,87,5,171,0,0,0,0,0,0,0,0,0,0,0,0,0,0,0
2024-11-08,4104.047,risk_on,1.0,0.03622013976307548,193846.1951763,14,1,5067,5067,5066,1317,95,7,178,0,0,0,0,0,0,0,0,0,0,0,0,0,0,0
2024-11-11,4131.1312,risk_on,1.0,0.03633991980009998,193846.1951763,14,1,5062,5062,5061,1314,93,7,164,0,0,0,0,0,0,0,0,0,0,0,0,0,0,0
2024-11-12,4085.743,risk_on,1.0,0.036411773532391674,193846.1951763,14,1,5063,5063,5062,1316,145,22,173,0,0,0,0,0,0,0,0,0,0,0,0,0,0,0
2024-11-13,4110.8901,risk_on,1.0,0.03626805535089886,193846.1951763,14,1,5063,5063,5062,1316,144,23,164,0,0,0,0,0,0,0,0,0,0,0,0,0,0,0
2024-11-14,4039.6191,risk_on,1.0,0.035572812678013696,193846.1951763,14,1,5064,5064,5063,1316,157,26,242,0,0,0,0,0,0,0,0,0,0,0,0,0,0,0
2024-11-15,3968.8308,risk_on,1.0,0.035164790064587725,193846.1951763,14,1,5066,5066,5065,1318,398,42,294,0,0,0,0,0,0,0,0,0,0,0,0,0,0,0
2024-11-18,3950.3806,risk_on,1.0,0.03470835603613004,193846.1951763,14,1,5063,5063,5062,1319,400,38,383,0,0,0,0,0,0,0,0,0,0,0,0,0,0,0
2024-11-19,3976.8912,risk_on,1.0,0.03545284185502138,193846.1951763,14,1,5065,5065,5064,1320,371,41,252,0,0,0,0,0,0,0,0,0,0,0,0,0,0,0
2024-11-20,3985.7727,risk_on,1.0,0.035620792651291436,193846.1951763,14,1,5068,5068,5067,1321,155,27,213,0,0,0,0,0,0,0,0,0,0,0,0,0,0,0
2024-11-21,3989.2979,risk_on,1.0,0.035116764705202044,193846.1951763,14,1,5068,5068,5067,1321,154,27,221,0,0,0,0,0,0,0,0,0,0,0,0,0,0,0
2024-11-22,3865.6989,risk_on,1.0,0.033673777437184825,193846.1951763,14,1,5070,5070,5069,1321,409,44,413,0,0,0,0,0,0,0,0,0,0,0,0,0,0,0
2024-11-25,3848.0909,risk_on,1.0,0.033746029297637585,193846.1951763,14,1,5069,5069,5068,1321,394,48,366,0,0,0,0,0,0,0,0,0,0,0,0,0,0,0
2024-11-26,3840.1847,risk_on,1.0,0.033625603526973386,193846.1951763,14,1,5071,5071,5070,1322,409,46,386,0,0,0,0,0,0,0,0,0,0,0,0,0,0,0
2024-11-27,3907.0447,risk_on,1.0,0.03446795409916146,193846.1951763,14,1,5070,5070,5069,1322,397,47,302,0,0,0,0,0,0,0,0,0,0,0,0,0,0,0
2024-11-28,3872.5505,risk_on,1.0,0.03408306183687002,193846.1951763,14,1,5068,5068,5067,1322,398,47,331,0,0,0,0,0,0,0,0,0,0,0,0,0,0,0
2024-11-29,3916.5832,risk_on,1.0,0.034660285226207246,193846.1951763,14,1,5073,5073,5072,1322,184,30,276,0,0,0,0,0,0,0,0,0,0,0,0,0,0,0
2024-12-02,3947.632,risk_on,1.0,0.03494863829047269,193846.1951763,16,1,5071,5071,5070,1321,155,28,229,0,0,0,0,0,0,0,0,0,0,0,0,0,0,0
2024-12-03,3951.8912,risk_on,1.0,0.034996680387290716,193846.1951763,16,1,5071,5071,5070,1321,153,28,218,0,0,0,0,0,0,0,0,0,0,0,0,0,0,0
2024-12-04,3930.5568,risk_on,1.0,0.03475642205874808,193846.1951763,16,1,5071,5071,5070,1321,161,27,253,0,0,0,0,0,0,0,0,0,0,0,0,0,0,0
2024-12-05,3921.5881,risk_on,1.0,0.03473238964580745,193846.1951763,16,1,5074,5074,5073,1322,158,28,250,0,0,0,0,0,0,0,0,0,0,0,0,0,0,0
2024-12-06,3973.1405,risk_on,1.0,0.03518880095154208,193846.1951763,16,1,5072,5072,5071,1322,150,23,195,0,0,0,0,0,0,0,0,0,0,0,0,0,0,0
2024-12-09,3966.5708,risk_on,1.0,0.03550083376577198,193846.1951763,16,1,5071,5071,5070,1322,152,23,197,0,0,0,0,0,0,0,0,0,0,0,0,0,0,0
2024-12-10,3995.6369,risk_on,1.0,0.03545284185502138,193846.1951763,16,1,5073,5073,5072,1322,151,25,179,0,0,0,0,0,0,0,0,0,0,0,0,0,0,0
2024-12-11,3988.8308,risk_on,1.0,0.03600446064262349,193846.1951763,16,1,5074,5074,5073,1323,145,24,156,0,0,0,0,0,0,0,0,0,0,0,0,0,0,0
2024-12-12,4028.5048,risk_on,1.0,0.03653150594403386,193846.1951763,16,1,5075,5075,5074,1323,142,24,140,0,0,0,0,0,0,0,0,0,0,0,0,0,0,0
2024-12-13,3933.1808,risk_on,1.0,0.035716738277333154,193846.1951763,16,1,5075,5075,5074,1324,149,25,196,0,0,0,0,0,0,0,0,0,0,0,0,0,0,0
2024-12-16,3911.8416,risk_on,1.0,0.03550083376577198,193846.1951763,16,1,5079,5079,5078,1325,150,24,228,0,0,0,0,0,0,0,0,0,0,0,0,0,0,0
2024-12-17,3922.0334,risk_on,1.0,0.03533284118054995,193846.1951763,16,1,5077,5077,5076,1324,353,37,279,0,0,0,0,0,0,0,0,0,0,0,0,0,0,0
2024-12-18,3941.89,risk_on,1.0,0.03530883746249768,193846.1951763,16,1,5078,5078,5077,1325,153,25,269,0,0,0,0,0,0,0,0,0,0,0,0,0,0,0
2024-12-19,3945.4635,risk_on,1.0,0.03538084503322904,193846.1951763,16,1,5077,5077,5076,1325,157,25,280,0,0,0,0,0,0,0,0,0,0,0,0,0,0,0
2024-12-20,3927.7441,risk_on,1.0,0.03566876785082712,193846.1951763,16,1,5081,5081,5080,1326,149,24,278,0,0,0,0,0,0,0,0,0,0,0,0,0,0,0
2024-12-23,3933.5718,risk_on,1.0,0.036028429756201845,193846.1951763,16,1,5078,5078,5077,1325,397,42,474,0,0,0,0,0,0,0,0,0,0,0,0,0,0,0
2024-12-24,3983.6882,risk_on,1.0,0.03681874236720443,193846.1951763,16,1,5078,5078,5077,1325,384,40,377,0,0,0,0,0,0,0,0,0,0,0,0,0,0,0
2024-12-25,3985.6291,risk_on,1.0,0.036411773532391674,193846.1951763,16,1,5075,5075,5074,1324,405,41,586,0,0,0,0,0,0,0,0,0,0,0,0,0,0,0
2024-12-26,3987.4801,risk_on,1.0,0.03636387223484653,193846.1951763,16,1,5079,5079,5078,1325,397,40,531,0,0,0,0,0,0,0,0,0,0,0,0,0,0,0
2024-12-27,3981.0307,risk_on,1.0,0.036172219410404945,193846.1951763,16,1,5077,5077,5076,1325,380,39,437,0,0,0,0,0,0,0,0,0,0,0,0,0,0,0
2024-12-30,3999.0549,risk_on,1.0,0.036172219410404945,193846.1951763,16,1,5074,5074,5073,1325,391,37,550,0,0,0,0,0,0,0,0,0,0,0,0,0,0,0
2024-12-31,3934.9109,risk_on,1.0,0.03581266481410517,193846.1951763,16,1,5076,5076,5075,1325,446,41,886,0,0,0,0,0,0,0,0,0,0,0,0,0,0,0
2025-01-02,3820.3952,risk_on,1.0,0.035788684969219636,193846.1951763,16,1,5076,5076,5075,1325,492,44,1419,0,0,0,0,0,0,0,0,0,0,0,0,0,0,0
2025-01-03,3775.1648,risk_on,1.0,0.035116764705202044,193846.1951763,16,1,5078,5078,5077,1326,529,42,2338,0,0,0,0,0,0,0,0,0,0,0,0,0,0,0
2025-01-06,3768.9697,risk_on,1.0,0.03564478084773251,193846.1951763,16,1,5078,5078,5077,1326,520,43,2398,0,0,0,0,0,0,0,0,0,0,0,0,0,0,0
2025-01-07,3796.1055,risk_on,1.0,0.037081892010339824,193846.1951763,16,1,5080,5080,5079,1326,506,44,1985,0,0,0,0,0,0,0,0,0,0,0,0,0,0,0
2025-01-08,3789.2153,risk_on,1.0,0.03775107908068991,193846.1951763,16,1,5080,5080,5079,1326,509,44,2129,0,0,0,0,0,0,0,0,0,0,0,0,0,0,0
2025-01-09,3779.8773,risk_on,1.0,0.037297089336757294,193846.1951763,16,1,5081,5081,5080,1326,505,44,2159,0,0,0,0,0,0,0,0,0,0,0,0,0,0,0
2025-01-10,3732.4806,risk_on,1.0,0.036148257447029875,193846.1951763,16,1,5082,5082,5081,1325,541,46,2818,0,0,0,0,0,0,0,0,0,0,0,0,0,0,0
2025-01-13,3722.513,risk_on,1.0,0.03475642205874808,193846.1951763,16,1,5082,5082,5081,1326,529,43,2784,0,0,0,0,0,0,0,0,0,0,0,0,0,0,0
2025-01-14,3820.5395,risk_on,1.0,0.03636387223484653,193846.1951763,16,1,5085,5085,5084,1328,479,40,1775,0,0,0,0,0,0,0,0,0,0,0,0,0,0,0
2025-01-15,3796.026,risk_on,1.0,0.03626805535089886,193846.1951763,16,1,5087,5087,5086,1328,488,42,1923,0,0,0,0,0,0,0,0,0,0,0,0,0,0,0
2025-01-16,3800.3836,risk_on,1.0,0.03689052471465775,193846.1951763,16,1,5086,5086,5085,1328,475,41,1801,0,0,0,0,0,0,0,0,0,0,0,0,0,0,0
2025-01-17,3812.3429,risk_on,1.0,0.03710580757528348,193846.1951763,16,1,5086,5086,5085,1329,469,38,1784,0,0,0,0,0,0,0,0,0,0,0,0,0,0,0
2025-01-20,3829.6764,risk_on,1.0,0.037631649614219935,193846.1951763,16,1,5085,5085,5084,1329,461,41,1604,0,0,0,0,0,0,0,0,0,0,0,0,0,0,0
2025-01-21,3832.6145,risk_on,1.0,0.037225367582809706,193846.1951763,16,1,5087,5087,5086,1329,469,41,1747,0,0,0,0,0,0,0,0,0,0,0,0,0,0,0
2025-01-22,3797.0166,risk_on,1.0,0.03686659845435255,193846.1951763,16,1,5091,5091,5090,1329,480,42,2034,0,0,0,0,0,0,0,0,0,0,0,0,0,0,0
2025-01-23,3803.7439,risk_on,1.0,0.03669908134039532,193846.1951763,16,1,5092,5092,5091,1329,474,40,2045,0,0,0,0,0,0,0,0,0,0,0,0,0,0,0
2025-01-24,3832.8637,risk_on,1.0,0.03712972195229633,193846.1951763,16,1,5089,5089,5088,1328,442,40,1839,0,0,0,0,0,0,0,0,0,0,0,0,0,0,0
2025-01-27,3817.0802,risk_on,1.0,0.03736880040569795,193846.1951763,16,1,5090,5090,5089,1327,475,39,1966,0,0,0,0,0,0,0,0,0,0,0,0,0,0,0
2025-02-05,3795.0848,risk_on,1.0,0.035716738277333154,193846.1951763,16,1,5092,5092,5091,1327,468,40,1813,0,0,0,0,0,0,0,0,0,0,0,0,0,0,0
2025-02-06,3842.8314,risk_on,1.0,0.03610032994575583,193846.1951763,16,1,5093,5093,5092,1326,444,39,1474,0,0,0,0,0,0,0,0,0,0,0,0,0,0,0
2025-02-07,3892.7028,risk_on,1.0,0.036651208604234715,193846.1951763,16,1,5093,5093,5092,1326,407,39,1232,0,0,0,0,0,0,0,0,0,0,0,0,0,0,0
2025-02-10,3901.0618,risk_on,1.0,0.03619618018239053,193846.1951763,16,1,5095,5095,5094,1328,366,37,1001,0,0,0,0,0,0,0,0,0,0,0,0,0,0,0
2025-02-11,3883.1352,risk_on,1.0,0.03650756184217563,193846.1951763,16,1,5094,5094,5093,1328,368,38,1119,0,0,0,0,0,0,0,0,0,0,0,0,0,0,0
2025-02-12,3919.8617,risk_on,1.0,0.03653150594403386,193846.1951763,16,1,5094,5094,5093,1328,363,38,1053,0,0,0,0,0,0,0,0,0,0,0,0,0,0,0
2025-02-13,3905.1398,risk_on,1.0,0.03593254614946259,193846.1951763,16,1,5095,5095,5094,1328,384,40,1203,0,0,0,0,0,0,0,0,0,0,0,0,0,0,0
2025-02-14,3939.0085,risk_on,1.0,0.03581266481410517,193846.1951763,16,1,5094,5094,5093,1328,381,41,1202,0,0,0,0,0,0,0,0,0,0,0,0,0,0,0
2025-02-17,3947.3983,risk_on,1.0,0.035476838407381694,193846.1951763,16,1,5098,5098,5098,1328,372,41,1073,0,0,0,0,0,0,0,0,0,0,0,0,0,0,0
2025-02-18,3912.7829,risk_on,1.0,0.03509275023259225,193846.1951763,16,1,5097,5097,5097,1327,445,41,1599,0,0,0,0,0,0,0,0,0,0,0,0,0,0,0
2025-02-19,3940.1602,risk_on,1.0,0.03533284118054995,193846.1951763,16,1,5097,5097,5097,1327,397,41,1336,0,0,0,0,0,0,0,0,0,0,0,0,0,0,0
2025-02-20,3928.8959,risk_on,1.0,0.03653150594403386,193846.1951763,16,1,5096,5096,5096,1327,384,40,1221,0,0,0,0,0,0,0,0,0,0,0,0,0,0,0
2025-02-21,3978.444,risk_on,1.0,0.03705797525737685,193846.1951763,16,1,5098,5098,5098,1329,365,42,1243,0,0,0,0,0,0,0,0,0,0,0,0,0,0,0
2025-02-24,3969.7169,risk_on,1.0,0.03679481254018429,193846.1951763,16,1,5095,5095,5095,1329,154,23,1148,0,0,0,0,0,0,0,0,0,0,0,0,0,0,0
2025-02-25,3925.6505,risk_on,1.0,0.03624409815254865,193846.1951763,16,1,5093,5093,5093,1329,382,44,1327,0,0,0,0,0,0,0,0,0,0,0,0,0,0,0
2025-02-26,3959.9413,risk_on,1.0,0.03653150594403386,193846.1951763,16,1,5094,5094,5094,1329,149,25,1114,0,0,0,0,0,0,0,0,0,0,0,0,0,0,0
2025-02-27,3968.1159,risk_on,1.0,0.03684267100523097,193846.1951763,16,2,5092,5092,5092,1329,158,27,1156,1,0,0,0,0,0,0,0,0,0,0,1,0,1,0
2025-02-28,3890.0487,risk_on,1.0,0.06693158984046688,187961.49029430002,16,2,5093,5093,5093,1329,403,45,1677,0,0,0,0,0,0,0,0,0,0,0,0,0,0,0
2025-03-03,3888.4738,risk_on,1.0,0.0669779064258553,187961.49029430002,15,1,5092,5092,5092,1329,186,24,1582,0,1,0,0,0,0,0,0,0,0,0,0,1,0,1
2025-03-04,3885.2208,risk_on,1.0,0.03840240443840062,193809.8798367,15,1,5094,5094,5094,1329,176,25,1419,0,0,0,0,0,0,0,0,0,0,0,0,0,0,0
2025-03-05,3902.5706,risk_on,1.0,0.03847396434479458,193809.8798367,15,1,5093,5093,5093,1329,176,25,1534,0,0,0,0,0,0,0,0,0,0,0,0,0,0,0
2025-03-06,3956.2369,risk_on,1.0,0.0393318532119521,193809.8798367,15,1,5091,5091,5091,1329,150,23,1328,0,0,0,0,0,0,0,0,0,0,0,0,0,0,0
2025-03-07,3944.0143,risk_on,1.0,0.03906988296279472,193809.8798367,15,1,5091,5091,5091,1329,166,23,1442,0,0,0,0,0,0,0,0,0,0,0,0,0,0,0
2025-03-10,3928.8018,risk_on,1.0,0.04040206394437456,193809.8798367,15,1,5091,5091,5091,1329,125,12,1367,0,0,0,0,0,0,0,0,0,0,0,0,0,0,0
2025-03-11,3941.4157,risk_on,1.0,0.04016444545509265,193809.8798367,15,1,5094,5094,5094,1329,122,11,1319,0,0,0,0,0,0,0,0,0,0,0,0,0,0,0
2025-03-12,3927.2315,risk_on,1.0,0.03947468587985886,193809.8798367,15,1,5094,5094,5094,1329,119,9,1331,0,0,0,0,0,0,0,0,0,0,0,0,0,0,0
2025-03-13,3911.5793,risk_on,1.0,0.03945088338478631,193809.8798367,15,1,5095,5095,5095,1329,121,10,1486,0,0,0,0,0,0,0,0,0,0,0,0,0,0,0
2025-03-14,4006.5567,risk_on,1.0,0.04011690763498592,193809.8798367,15,1,5095,5095,5095,1329,95,10,1148,0,0,0,0,0,0,0,0,0,0,0,0,0,0,0
2025-03-17,3996.7876,risk_on,1.0,0.039807796989948976,193809.8798367,15,1,5091,5091,5091,1328,93,8,1100,0,0,0,0,0,0,0,0,0,0,0,0,0,0,0
2025-03-18,4007.7229,risk_on,1.0,0.039522287331211284,193809.8798367,15,1,5097,5097,5097,1329,92,10,1064,0,0,0,0,0,0,0,0,0,0,0,0,0,0,0
2025-03-19,4010.168,risk_on,1.0,0.039284232882360826,193809.8798367,15,1,5095,5095,5095,1327,89,8,1195,0,0,0,0,0,0,0,0,0,0,0,0,0,0,0
2025-03-20,3974.9918,risk_on,1.0,0.03892692987002059,193809.8798367,15,1,5097,5097,5097,1328,89,8,1278,0,0,0,0,0,0,0,0,0,0,0,0,0,0,0
2025-03-21,3914.6956,risk_on,1.0,0.03902223665728247,193809.8798367,15,1,5098,5098,5098,1327,92,8,1586,0,0,0,0,0,0,0,0,0,0,0,0,0,0,0
2025-03-24,3934.8486,risk_on,1.0,0.03949848719530462,193809.8798367,15,1,5099,5099,5099,1328,94,8,2071,0,0,0,0,0,0,0,0,0,0,0,0,0,0,0
2025-03-25,3932.2951,risk_on,1.0,0.039284232882360826,193809.8798367,15,2,5101,5101,5101,1328,90,5,2088,1,0,0,0,0,0,0,0,0,0,0,1,0,1,0
2025-03-26,3919.3566,risk_on,1.0,0.06850094120868286,187793.0693349,15,2,5102,5102,5102,1328,89,7,1914,0,0,0,0,0,0,0,0,0,0,0,0,0,0,0
2025-03-27,3932.4117,risk_on,1.0,0.06814040578336077,187793.0693349,15,2,5104,5104,5104,1329,93,10,2059,0,0,0,0,0,0,0,0,0,0,0,0,0,0,0
2025-03-28,3915.1662,risk_on,1.0,0.0678582540555868,187793.0693349,15,2,5103,5103,5103,1328,142,25,2423,0,0,0,0,0,0,0,0,0,0,0,0,0,0,0
2025-03-31,3887.3056,risk_on,1.0,0.06758519060593117,187793.0693349,15,2,5104,5104,5104,1328,348,41,2773,0,0,0,0,0,0,0,0,0,0,0,0,0,0,0
2025-04-01,3887.6841,risk_on,1.0,0.0676685150564249,187793.0693349,16,2,5105,5105,5105,1329,135,20,2460,0,0,0,0,0,0,0,0,0,0,0,0,0,0,0
2025-04-02,3884.3858,risk_on,1.0,0.06817277292562772,187793.0693349,16,2,5107,5107,5107,1329,137,21,2440,0,0,0,0,0,0,0,0,0,0,0,0,0,0,0
2025-04-03,3861.5034,risk_on,1.0,0.065380955889205,187793.0693349,16,2,5107,5107,5107,1329,323,41,2566,0,0,0,0,0,0,0,0,0,0,0,0,0,0,0
2025-04-07,3589.4406,neutral,0.7,0.05934179465809758,187793.0693349,16,2,5105,5105,5105,1329,603,63,4302,0,0,0,0,0,0,0,0,0,0,0,0,0,0,0
2025-04-08,3650.759,neutral,0.7,0.05882793110429597,187793.0693349,16,1,5106,5106,5106,1329,601,64,4273,0,1,0,0,0,0,0,0,0,0,1,0,1,0,1
2025-04-09,3686.7943,neutral,0.7,0.030314303274805905,193365.81756690002,16,1,5109,5109,5109,1331,529,59,4064,0,0,0,0,0,0,0,0,0,0,1,0,0,0,0
2025-04-10,3735.1151,risk_on,1.0,0.03172245400486539,193365.81756690002,16,1,5109,5109,5109,1331,502,51,3811,0,0,0,0,0,0,0,0,0,0,0,0,0,0,0
2025-04-11,3750.5167,risk_on,1.0,0.03196482536479007,193365.81756690002,16,1,5109,5109,5109,1332,500,54,3729,0,0,0,0,0,0,0,0,0,0,0,0,0,0,0
2025-04-14,3759.1422,risk_on,1.0,0.03160122280649172,193365.81756690002,16,1,5108,5108,5108,1331,474,52,3521,0,0,0,0,0,0,0,0,0,0,0,0,0,0,0
2025-04-15,3761.2348,risk_on,1.0,0.03140718973387057,193365.81756690002,16,1,5107,5107,5107,1332,452,45,3509,0,0,0,0,0,0,0,0,0,0,0,0,0,0,0
2025-04-16,3772.8204,risk_on,1.0,0.03043585687893721,193365.81756690002,16,1,5111,5111,5111,1333,505,54,3685,0,0,0,0,0,0,0,0,0,0,0,0,0,0,0
2025-04-17,3772.2221,risk_on,1.0,0.03058168098378102,193365.81756690002,16,1,5111,5111,5111,1333,491,52,3601,0,0,0,0,0,0,0,0,0,0,0,0,0,0,0
2025-04-18,3772.523,risk_on,1.0,0.03072746123083173,193365.81756690002,16,1,5110,5110,5110,1333,499,53,3658,0,0,0,0,0,0,0,0,0,0,1,0,0,0,0
2025-04-21,3784.8806,risk_on,1.0,0.03128587957367077,193365.81756690002,16,1,5110,5110,5110,1333,447,44,3435,0,0,0,0,0,0,0,0,0,0,1,0,0,0,0
2025-04-22,3783.9522,risk_on,1.0,0.03101889023067361,193365.81756690002,16,1,5108,5108,5108,1332,433,43,3366,0,0,0,0,0,0,0,0,0,0,1,0,0,0,0
2025-04-23,3786.8824,risk_on,1.0,0.03179517815544531,193365.81756690002,16,1,5110,5110,5110,1333,432,39,3278,0,0,0,0,0,0,0,0,0,0,1,0,0,0,0
2025-04-24,3784.3574,risk_on,1.0,0.03167396516808296,193365.81756690002,16,1,5112,5112,5112,1332,436,34,3379,0,0,0,0,0,0,0,0,0,0,0,0,0,0,0
2025-04-25,3786.9937,risk_on,1.0,0.031867891382700804,193365.81756690002,16,1,5111,5111,5111,1333,440,33,3354,0,0,0,0,0,0,0,0,0,0,0,0,0,0,0
2025-04-28,3781.6188,risk_on,1.0,0.031067444693636412,193365.81756690002,16,1,5105,5105,5105,1331,490,27,3531,0,0,0,0,0,0,0,0,0,0,0,0,0,0,0
2025-04-29,3775.0767,risk_on,1.0,0.03240078818148543,193365.81756690002,16,1,5081,5081,5081,1328,486,14,3379,0,0,0,0,0,0,0,0,0,0,0,0,0,0,0
2025-04-30,3770.5705,risk_on,1.0,0.033053996630311,193365.81756690002,16,1,5089,5089,5089,1329,525,5,3284,0,0,0,0,0,0,0,0,0,0,0,0,0,0,0
2025-05-06,3808.5424,risk_on,1.0,0.03358558883241749,193365.81756690002,5,1,5113,5113,5113,1332,459,3,2877,0,0,0,0,0,0,0,0,0,0,0,0,0,0,0
2025-05-07,3831.627,risk_on,1.0,0.0336097382267505,193365.81756690002,5,1,5115,5115,5115,1332,437,4,2715,0,0,0,0,0,0,0,0,0,0,0,0,0,0,0
2025-05-08,3852.8963,risk_on,1.0,0.03418896183125948,193365.81756690002,5,1,5116,5116,5116,1333,433,4,2500,0,0,0,0,0,0,0,0,0,0,0,0,0,0,0
2025-05-09,3846.1566,risk_on,1.0,0.03368217916876236,193365.81756690002,5,1,5116,5116,5116,1331,449,4,2671,0,0,0,0,0,0,0,0,0,0,0,0,0,0,0
2025-05-12,3890.6096,risk_on,1.0,0.03548967969280024,193365.81756690002,5,1,5116,5116,5116,1331,383,5,2463,0,0,0,0,0,0,0,0,0,0,0,0,0,0,0
2025-05-13,3896.2583,risk_on,1.0,0.035730168993150645,193365.81756690002,5,1,5117,5117,5117,1330,378,4,2493,0,0,0,0,0,0,0,0,0,0,0,0,0,0,0
2025-05-14,3943.2108,risk_on,1.0,0.035730168993150645,193365.81756690002,5,1,5117,5117,5117,1330,330,5,2471,0,0,0,0,0,0,0,0,0,0,0,0,0,0,0
2025-05-15,3907.1992,risk_on,1.0,0.03556183907737084,193365.81756690002,5,1,5116,5116,5116,1330,372,5,2608,0,0,0,0,0,0,0,0,0,0,0,0,0,0,0
2025-05-16,3889.0854,risk_on,1.0,0.03527313673685207,193365.81756690002,5,1,5117,5117,5117,1330,398,5,2536,0,0,0,0,0,0,0,0,0,0,0,0,0,0,0
2025-05-19,3877.1453,risk_on,1.0,0.035249070406260435,193365.81756690002,5,1,5114,5114,5114,1329,364,5,2355,0,0,0,0,0,0,0,0,0,0,0,0,0,0,0
2025-05-20,3898.1705,risk_on,1.0,0.0352250028749088,193365.81756690002,5,1,5120,5120,5120,1331,324,5,2187,0,0,0,0,0,0,0,0,0,0,0,0,0,0,0
2025-05-21,3916.3807,risk_on,1.0,0.03515279307539513,193365.81756690002,5,1,5116,5116,5116,1330,325,4,2290,0,0,0,0,0,0,0,0,0,0,0,0,0,0,0
2025-05-22,3913.8651,risk_on,1.0,0.03481567103853328,193365.81756690002,5,1,5113,5113,5113,1331,369,4,2526,0,0,0,0,0,0,0,0,0,0,0,0,0,0,0
2025-05-23,3882.2741,risk_on,1.0,0.03433365925857288,193365.81756690002,5,1,5115,5115,5115,1331,414,4,2741,0,0,0,0,0,0,0,0,0,0,0,0,0,0,0
2025-05-26,3860.1067,risk_on,1.0,0.034213081080425346,193365.81756690002,5,1,5113,5113,5113,1331,365,4,2569,0,0,0,0,0,0,0,0,0,0,0,0,0,0,0
2025-05-27,3839.3969,risk_on,1.0,0.03416484137737092,193365.81756690002,5,1,5113,5113,5113,1331,363,4,2529,0,0,0,0,0,0,0,0,0,0,0,0,0,0,0
2025-05-28,3836.2366,risk_on,1.0,0.034237199124958775,193365.81756690002,5,1,5111,5111,5111,1330,414,4,2582,0,0,0,0,0,0,0,0,0,0,0,0,0,0,0
2025-05-29,3858.6998,risk_on,1.0,0.034647021660677,193365.81756690002,5,1,5114,5114,5114,1330,394,5,2311,0,0,0,0,0,0,0,0,0,0,0,0,0,0,0
2025-05-30,3840.2323,risk_on,1.0,0.03389943684707721,193365.81756690002,5,1,5113,5113,5113,1329,411,5,2499,0,0,0,0,0,0,0,0,0,0,0,0,0,0,0
2025-06-03,3852.0127,risk_on,1.0,0.0338753019294732,193365.81756690002,6,1,5109,5109,5109,1329,419,3,2405,0,0,0,0,0,0,0,0,0,0,0,0,0,0,0
2025-06-04,3868.7429,risk_on,1.0,0.03433365925857288,193365.81756690002,6,1,5116,5116,5116,1331,399,3,2227,0,0,0,0,0,0,0,0,0,0,0,0,0,0,0
2025-06-05,3877.5557,risk_on,1.0,0.03433365925857288,193365.81756690002,6,1,5117,5117,5117,1331,397,3,2140,0,0,0,0,0,0,0,0,0,0,0,0,0,0,0
2025-06-06,3873.9841,risk_on,1.0,0.03433365925857288,193365.81756690002,6,1,5119,5119,5119,1331,389,3,2101,0,0,0,0,0,0,0,0,0,0,0,0,0,0,0
2025-06-09,3885.2459,risk_on,1.0,0.03457472531254185,193365.81756690002,6,1,5115,5115,5115,1331,217,3,1909,0,0,0,0,0,0,0,0,0,0,0,0,0,0,0
2025-06-10,3865.4652,risk_on,1.0,0.03433365925857288,193365.81756690002,6,1,5119,5119,5119,1332,225,3,2106,0,0,0,0,0,0,0,0,0,0,0,0,0,0,0
2025-06-11,3894.6252,risk_on,1.0,0.034671118037249794,193365.81756690002,6,1,5122,5122,5122,1332,182,3,1957,0,0,0,0,0,0,0,0,0,0,0,0,0,0,0
2025-06-12,3892.1992,risk_on,1.0,0.03457472531254185,193365.81756690002,6,1,5122,5122,5122,1332,188,3,1932,0,0,0,0,0,0,0,0,0,0,0,0,0,0,0
2025-06-13,3864.1822,risk_on,1.0,0.0338753019294732,193365.81756690002,6,1,5121,5121,5121,1333,229,3,2235,0,0,0,0,0,0,0,0,0,0,0,0,0,0,0
2025-06-16,3873.7951,risk_on,1.0,0.03402009334980763,193365.81756690002,6,1,5123,5123,5123,1332,194,3,2069,0,0,0,0,0,0,0,0,0,0,0,0,0,0,0
2025-06-17,3870.3786,risk_on,1.0,0.03389943684707721,193365.81756690002,6,1,5128,5128,5128,1333,158,3,2062,0,0,0,0,0,0,0,0,0,0,0,0,0,0,0
2025-06-18,3874.9708,risk_on,1.0,0.033464823754212655,193365.81756690002,6,1,5128,5128,5128,1333,357,4,2149,0,0,0,0,0,0,0,0,0,0,0,0,0,0,0
2025-06-19,3843.0912,risk_on,1.0,0.03356143823110248,193365.81756690002,6,1,5127,5127,5127,1333,426,4,2526,0,0,0,0,0,0,0,0,0,0,0,0,0,0,0
2025-06-20,3846.6443,risk_on,1.0,0.03339235021879951,193365.81756690002,6,1,5128,5128,5128,1332,429,4,2652,0,0,0,0,0,0,0,0,0,0,0,0,0,0,0
2025-06-23,3857.9016,risk_on,1.0,0.03315069325278374,193365.81756690002,6,1,5123,5123,5123,1332,407,4,2326,0,0,0,0,0,0,0,0,0,0,0,0,0,0,0
2025-06-24,3904.0342,risk_on,1.0,0.03404422103392819,193365.81756690002,6,1,5127,5127,5127,1332,188,4,1847,0,0,0,0,0,0,0,0,0,0,0,0,0,0,0
2025-06-25,3960.0662,risk_on,1.0,0.03736232117191667,193365.81756690002,6,1,5127,5127,5127,1332,165,4,1635,0,0,0,0,0,0,0,0,0,0,0,0,0,0,0
2025-06-26,3946.0195,risk_on,1.0,0.03776949625990907,193365.81756690002,6,1,5129,5129,5129,1332,166,4,1712,0,0,0,0,0,0,0,0,0,0,0,0,0,0,0
2025-06-27,3921.7578,risk_on,1.0,0.036498929491670544,193365.81756690002,6,1,5126,5126,5126,1333,115,0,1615,0,0,0,0,0,0,0,0,0,0,0,0,0,0,0
2025-06-30,3936.0791,risk_on,1.0,0.0362588235445875,193365.81756690002,6,1,5124,5124,5124,1331,94,0,1417,0,0,0,0,0,0,0,0,0,0,0,0,0,0,0
2025-07-01,3942.762,risk_on,1.0,0.036546936325035195,193365.81756690002,7,1,5124,5124,5124,1330,87,0,1386,0,0,0,0,0,0,0,0,0,0,0,0,0,0,0
2025-07-02,3943.6849,risk_on,1.0,0.03623480636789037,193365.81756690002,7,1,5123,5123,5123,1330,43,0,1459,0,0,0,0,0,0,0,0,0,0,0,0,0,0,0
2025-07-03,3968.0676,risk_on,1.0,0.0361627476549422,193365.81756690002,7,1,5123,5123,5123,1330,76,0,1374,0,0,0,0,0,0,0,0,0,0,0,0,0,0,0
2025-07-04,3982.2034,risk_on,1.0,0.03577825246277574,193365.81756690002,7,1,5125,5125,5125,1331,44,0,1545,0,0,0,0,0,0,0,0,0,0,0,0,0,0,0
2025-07-07,3965.1746,risk_on,1.0,0.03594650684943701,193365.81756690002,7,1,5125,5125,5125,1331,41,0,1492,0,0,0,0,0,0,0,0,0,0,0,0,0,0,0
2025-07-08,3998.4527,risk_on,1.0,0.0362588235445875,193365.81756690002,7,1,5124,5124,5124,1329,28,0,1279,0,0,0,0,0,0,0,0,0,0,0,0,0,0,0
2025-07-09,3991.4006,risk_on,1.0,0.035874405017321004,193365.81756690002,7,1,5126,5126,5126,1331,27,0,1285,0,0,0,0,0,0,0,0,0,0,0,0,0,0,0
2025-07-10,4010.0243,risk_on,1.0,0.03601859789813337,193365.81756690002,7,1,5126,5126,5126,1331,27,0,1252,0,0,0,0,0,0,0,0,0,0,0,0,0,0,0
2025-07-11,4014.807,risk_on,1.0,0.03628283952429099,193365.81756690002,7,1,5130,5130,5130,1332,27,0,1195,0,0,0,0,0,0,0,0,0,0,0,0,0,0,0
2025-07-14,4017.6678,risk_on,1.0,0.036978782645407174,193365.81756690002,7,1,5127,5127,5127,1331,27,0,1155,0,0,0,0,0,0,0,0,0,0,0,0,0,0,0
2025-07-15,4019.0644,risk_on,1.0,0.03685886417160701,193365.81756690002,7,1,5128,5128,5128,1332,27,0,1333,0,0,0,0,0,0,0,0,0,0,0,0,0,0,0
2025-07-16,4007.2019,risk_on,1.0,0.03664293564143434,193365.81756690002,7,1,5128,5128,5128,1332,27,0,1231,0,0,0,0,0,0,0,0,0,0,0,0,0,0,0
2025-07-17,4034.491,risk_on,1.0,0.036474924280884106,193365.81756690002,7,1,5129,5129,5129,1332,27,0,1118,0,0,0,0,0,0,0,0,0,0,0,0,0,0,0
2025-07-18,4058.5486,risk_on,1.0,0.03664293564143434,193365.81756690002,7,1,5128,5128,5128,1332,28,0,1072,0,0,0,0,0,0,0,0,0,0,0,0,0,0,0
2025-07-21,4085.6072,risk_on,1.0,0.03705071939721719,193365.81756690002,7,1,5129,5129,5129,1333,25,0,876,0,0,0,0,0,0,0,0,0,0,0,0,0,0,0
2025-07-22,4118.9582,risk_on,1.0,0.03678689875093014,193365.81756690002,7,1,5127,5127,5127,1333,22,0,886,0,0,0,0,0,0,0,0,0,0,0,0,0,0,0
2025-07-23,4119.7685,risk_on,1.0,0.036690928125898636,193365.81756690002,7,1,5131,5131,5131,1333,25,0,1009,0,0,0,0,0,0,0,0,0,0,0,0,0,0,0
2025-07-24,4149.0368,risk_on,1.0,0.036978782645407174,193365.81756690002,7,1,5130,5130,5130,1333,26,0,797,0,0,0,0,0,0,0,0,0,0,0,0,0,0,0
2025-07-25,4127.1634,risk_on,1.0,0.03712264540261865,193365.81756690002,7,1,5132,5132,5132,1334,25,0,759,0,0,0,0,0,0,0,0,0,0,0,0,0,0,0
2025-07-28,4135.8242,risk_on,1.0,0.036810888419397114,193365.81756690002,7,1,5133,5133,5133,1333,25,0,788,0,0,0,0,0,0,0,0,0,0,0,0,0,0,0
2025-07-29,4152.0247,risk_on,1.0,0.03673891582882572,193365.81756690002,7,1,5137,5137,5137,1334,27,0,785,0,0,0,0,0,0,0,0,0,0,0,0,0,0,0
2025-07-30,4151.2379,risk_on,1.0,0.03719456066401942,193365.81756690002,7,1,5137,5137,5137,1334,27,0,893,0,0,0,0,0,0,0,0,0,0,0,0,0,0,0
2025-07-31,4075.5912,risk_on,1.0,0.036426910270656,193365.81756690002,7,1,5132,5132,5132,1333,28,0,1131,0,0,0,0,0,0,0,0,0,0,0,0,0,0,0
2025-08-01,4054.9286,risk_on,1.0,0.03671492257500967,193365.81756690002,8,1,5133,5133,5133,1333,27,0,1087,0,0,0,0,0,0,0,0,0,0,0,0,0,0,0
2025-08-04,4070.7023,risk_on,1.0,0.036330867893074985,193365.81756690002,8,1,5131,5131,5131,1333,27,0,954,0,0,0,0,0,0,0,0,0,0,0,0,0,0,0
2025-08-05,4103.45,risk_on,1.0,0.037338358964446816,193365.81756690002,8,1,5132,5132,5132,1334,28,0,811,0,0,0,0,0,0,0,0,0,0,0,0,0,0,0
2025-08-06,4113.4852,risk_on,1.0,0.037410242008285605,193365.81756690002,8,1,5134,5134,5134,1334,27,0,710,0,0,0,0,0,0,0,0,0,0,0,0,0,0,0
2025-08-07,4114.666,risk_on,1.0,0.037458158073820615,193365.81756690002,8,1,5134,5134,5134,1334,27,0,727,0,0,0,0,0,0,0,0,0,0,0,0,0,0,0
2025-08-08,4104.9669,risk_on,1.0,0.03824808499978471,193365.81756690002,8,1,5135,5135,5135,1335,28,0,783,0,0,0,0,0,0,0,0,0,0,0,0,0,0,0
2025-08-11,4122.5106,risk_on,1.0,0.03860671424664801,193365.81756690002,8,1,5136,5136,5136,1336,24,0,649,0,0,0,0,0,0,0,0,0,0,0,0,0,0,0
2025-08-12,4143.8252,risk_on,1.0,0.03851110593503309,193365.81756690002,8,1,5139,5139,5139,1337,25,0,612,0,0,0,0,0,0,0,0,0,0,0,0,0,0,0
2025-08-13,4176.5776,risk_on,1.0,0.03925157334465933,193365.81756690002,8,1,5136,5136,5136,1336,24,1,596,0,0,0,0,0,0,0,0,0,0,0,0,0,0,0
2025-08-14,4173.3131,risk_on,1.0,0.03903671645399434,193365.81756690002,8,1,5137,5137,5137,1337,27,1,819,0,0,0,0,0,0,0,0,0,0,0,0,0,0,0
2025-08-15,4202.3533,risk_on,1.0,0.039680999022267335,193365.81756690002,8,1,5136,5136,5136,1337,26,1,633,0,0,0,0,0,0,0,0,0,0,0,0,0,0,0
2025-08-18,4239.4125,risk_on,1.0,0.03932317095924592,193365.81756690002,8,1,5133,5133,5133,1337,24,1,501,0,0,0,0,0,0,0,0,0,0,0,0,0,0,0
2025-08-19,4223.3741,risk_on,1.0,0.039227705101494315,193365.81756690002,8,1,5136,5136,5136,1337,24,2,443,0,0,0,0,0,0,0,0,0,0,0,0,0,0,0
2025-08-20,4271.3958,risk_on,1.0,0.03937089677409694,193365.81756690002,8,1,5133,5133,5133,1336,22,2,361,0,0,0,0,0,0,0,0,0,0,0,0,0,0,0
2025-08-21,4288.0707,risk_on,1.0,0.041038318034266726,193365.81756690002,8,1,5136,5136,5136,1336,21,2,334,0,0,0,0,0,0,0,0,0,0,0,0,0,0,0
2025-08-22,4377.9977,risk_on,1.0,0.042059724125544234,193365.81756690002,8,1,5136,5136,5136,1335,22,2,318,0,0,0,0,0,0,0,0,0,0,0,0,0,0,0
2025-08-25,4469.2217,risk_on,1.0,0.04189359701308968,193365.81756690002,8,1,5136,5136,5136,1335,21,2,252,0,0,0,0,0,0,0,0,0,0,0,0,0,0,0
2025-08-26,4452.5905,risk_on,1.0,0.041632423674613714,193365.81756690002,8,1,5138,5138,5138,1336,20,2,239,0,0,0,0,0,0,0,0,0,0,0,0,0,0,0
2025-08-27,4386.1266,risk_on,1.0,0.040800469482050926,193365.81756690002,8,1,5138,5138,5138,1336,24,2,443,0,0,0,0,0,0,0,0,0,0,0,0,0,0,0
2025-08-28,4463.782,risk_on,1.0,0.04127604865917424,193365.81756690002,8,1,5138,5138,5138,1336,24,3,502,0,0,0,0,0,0,0,0,0,0,0,0,0,0,0
2025-08-29,4496.7591,risk_on,1.0,0.04022915128792123,193365.81756690002,8,1,5135,5135,5135,1336,25,3,582,0,0,0,0,0,0,0,0,0,0,0,0,0,0,0
2025-09-01,4523.7111,risk_on,1.0,0.038941193652927544,193365.81756690002,10,1,5135,5135,5135,1336,23,3,547,0,0,0,0,0,0,0,0,0,0,0,0,0,0,0
2025-09-02,4490.4528,risk_on,1.0,0.038582813951365584,193365.81756690002,10,1,5136,5136,5136,1336,23,3,690,0,0,0,0,0,0,0,0,0,0,0,0,0,0,0
2025-09-03,4459.8296,risk_on,1.0,0.03812848245244391,193365.81756690002,10,1,5138,5138,5138,1337,27,3,1143,0,0,0,0,0,0,0,0,0,0,0,0,0,0,0
2025-09-04,4365.2085,risk_on,1.0,0.038104558373208974,193365.81756690002,10,1,5137,5137,5137,1337,25,3,1175,0,0,0,0,0,0,0,0,0,0,0,0,0,0,0
2025-09-05,4460.3249,risk_on,1.0,0.03851110593503309,193365.81756690002,10,1,5138,5138,5138,1337,25,3,876,0,0,0,0,0,0,0,0,0,0,0,0,0,0,0
2025-09-08,4467.5733,risk_on,1.0,0.03877398304712489,193365.81756690002,10,1,5139,5139,5139,1337,22,2,709,0,0,0,0,0,0,0,0,0,0,0,0,0,0,0
2025-09-09,4436.2584,risk_on,1.0,0.03848720088579837,193365.81756690002,10,1,5141,5141,5141,1337,24,2,836,0,0,0,0,0,0,0,0,0,0,0,0,0,0,0
2025-09-10,4445.3649,risk_on,1.0,0.03846329464785395,193365.81756690002,10,1,5143,5143,5143,1337,23,3,836,0,0,0,0,0,0,0,0,0,0,0,0,0,0,0
2025-09-11,4548.0345,risk_on,1.0,0.03882176344282942,193365.81756690002,10,1,5142,5142,5142,1337,23,3,676,0,0,0,0,0,0,0,0,0,0,0,0,0,0,0
2025-09-12,4521.998,risk_on,1.0,0.03841547860548135,193365.81756690002,10,1,5144,5144,5144,1337,23,3,712,0,0,0,0,0,0,0,0,0,0,0,0,0,0,0
2025-09-15,4533.0557,risk_on,1.0,0.038582813951365584,193365.81756690002,10,1,5142,5142,5142,1336,25,3,774,0,0,0,0,0,0,0,0,0,0,0,0,0,0,0
2025-09-16,4523.3367,risk_on,1.0,0.03908447073413717,193365.81756690002,10,1,5142,5142,5142,1336,22,2,655,0,0,0,0,0,0,0,0,0,0,0,0,0,0,0
2025-09-17,4551.023,risk_on,1.0,0.039824055620678304,193365.81756690002,10,1,5141,5141,5141,1336,23,2,645,0,0,0,0,0,0,0,0,0,0,0,0,0,0,0
2025-09-18,4498.109,risk_on,1.0,0.039824055620678304,193365.81756690002,10,1,5140,5140,5140,1335,24,3,947,0,0,0,0,0,0,0,0,0,0,0,0,0,0,0
2025-09-19,4501.9195,risk_on,1.0,0.04006238859342791,193365.81756690002,10,1,5141,5141,5141,1336,25,3,1039,0,0,0,0,0,0,0,0,0,0,0,0,0,0,0
2025-09-22,4522.608,risk_on,1.0,0.0398955679379553,193365.81756690002,10,1,5137,5137,5137,1336,26,3,1186,0,0,0,0,0,0,0,0,0,0,0,0,0,0,0
2025-09-23,4519.7781,risk_on,1.0,0.03970484474887347,193365.81756690002,10,1,5142,5142,5142,1336,28,3,1501,0,0,0,0,0,0,0,0,0,0,0,0,0,0,0
2025-09-24,4566.0708,risk_on,1.0,0.04037204463103039,193365.81756690002,10,1,5140,5140,5140,1336,24,3,1236,0,0,0,0,0,0,0,0,0,0,0,0,0,0,0
2025-09-25,4593.4875,risk_on,1.0,0.039657152111373654,193365.81756690002,10,1,5143,5143,5143,1336,26,2,1386,0,0,0,0,0,0,0,0,0,0,0,0,0,0,0
2025-09-26,4550.0487,risk_on,1.0,0.03932317095924592,193365.81756690002,10,1,5143,5143,5143,1334,25,2,1486,0,0,0,0,0,0,0,0,0,0,0,0,0,0,0
2025-09-29,4620.0528,risk_on,1.0,0.03863061335366393,193365.81756690002,10,1,5139,5139,5139,1335,23,2,1380,0,0,0,0,0,0,0,0,0,0,0,0,0,0,0
2025-09-30,4640.6935,risk_on,1.0,0.03870230354599884,193365.81756690002,10,1,5141,5141,5141,1335,24,2,1410,0,0,0,0,0,0,0,0,0,0,0,0,0,0,0
2025-10-09,4709.482,risk_on,1.0,0.03896507613351306,193365.81756690002,12,1,5137,5137,5137,1334,25,2,1350,0,0,0,0,0,0,0,0,0,0,0,0,0,0,0
2025-10-10,4616.8341,risk_on,1.0,0.03944247660583032,193365.81756690002,12,1,5139,5139,5139,1335,23,2,1286,0,0,0,0,0,0,0,0,0,0,0,0,0,0,0
2025-10-13,4593.9785,risk_on,1.0,0.03798492012331645,193365.81756690002,12,1,5141,5141,5141,1336,25,2,1468,0,0,0,0,0,0,0,0,0,0,0,0,0,0,0
2025-10-14,4539.0644,risk_on,1.0,0.0375779273699346,193365.81756690002,12,1,5142,5142,5142,1336,23,2,1582,0,0,0,0,0,0,0,0,0,0,0,0,0,0,0
2025-10-15,4606.2879,risk_on,1.0,0.037865252109084285,193365.81756690002,12,1,5142,5142,5142,1336,21,2,1353,0,0,0,0,0,0,0,0,0,0,0,0,0,0,0
2025-10-16,4618.4218,risk_on,1.0,0.037338358964446816,193365.81756690002,12,1,5145,5145,5145,1336,24,2,1549,0,0,0,0,0,0,0,0,0,0,0,0,0,0,0
2025-10-17,4514.2345,risk_on,1.0,0.03721853003068004,193365.81756690002,12,1,5148,5148,5148,1337,24,2,2045,0,0,0,0,0,0,0,0,0,0,0,0,0,0,0
2025-10-20,4538.2201,risk_on,1.0,0.03709867126138158,193365.81756690002,12,1,5147,5147,5147,1336,23,2,1811,0,0,0,0,0,0,0,0,0,0,0,0,0,0,0
2025-10-21,4607.8715,risk_on,1.0,0.03729043097049091,193365.81756690002,12,1,5146,5146,5146,1335,22,2,1481,0,0,0,0,0,0,0,0,0,0,0,0,0,0,0
2025-10-22,4592.57,risk_on,1.0,0.03812848245244391,193365.81756690002,12,1,5146,5146,5146,1335,21,2,1478,0,0,0,0,0,0,0,0,0,0,0,0,0,0,0
2025-10-23,4606.3447,risk_on,1.0,0.03824808499978471,193365.81756690002,12,1,5148,5148,5148,1335,21,2,1429,0,0,0,0,0,0,0,0,0,0,0,0,0,0,0
2025-10-24,4660.6835,risk_on,1.0,0.03846329464785395,193365.81756690002,12,1,5149,5149,5149,1335,21,2,1421,0,0,0,0,0,0,0,0,0,0,0,0,0,0,0
2025-10-27,4716.0186,risk_on,1.0,0.039227705101494315,193365.81756690002,12,1,5148,5148,5148,1334,22,2,1345,0,0,0,0,0,0,0,0,0,0,1,0,0,0,0
2025-10-28,4691.973,risk_on,1.0,0.03877398304712489,193365.81756690002,12,1,5148,5148,5148,1332,21,2,1398,0,0,0,0,0,0,0,0,0,0,1,0,0,0,0
2025-10-29,4747.8378,risk_on,1.0,0.03860671424664801,193365.81756690002,12,1,5148,5148,5148,1333,21,2,1454,0,0,0,0,0,0,0,0,0,0,1,0,0,0,0
2025-10-30,4709.911,risk_on,1.0,0.03812848245244391,193365.81756690002,12,1,5147,5147,5147,1334,22,2,1704,0,0,0,0,0,0,0,0,0,0,1,0,0,0,0
2025-10-31,4640.6676,risk_on,1.0,0.03764977464186761,193365.81756690002,12,1,5148,5148,5148,1334,22,2,1494,0,0,0,0,0,0,0,0,0,0,2,0,0,0,0
2025-11-03,4653.4028,risk_on,1.0,0.037673721348756684,193365.81756690002,13,1,5149,5149,5149,1336,21,2,1339,0,0,0,0,0,0,0,0,0,0,1,0,0,0,0
2025-11-04,4618.699,risk_on,1.0,0.03721853003068004,193365.81756690002,13,1,5149,5149,5149,1335,20,2,1456,0,0,0,0,0,0,0,0,0,0,1,0,0,0,0
2025-11-05,4627.257,risk_on,1.0,0.037242498203919415,193365.81756690002,13,1,5149,5149,5149,1336,18,2,1388,0,0,0,0,0,0,0,0,0,0,1,0,0,0,0
2025-11-06,4693.4032,risk_on,1.0,0.037697666863916415,193365.81756690002,13,1,5149,5149,5149,1336,20,2,1367,0,0,0,0,0,0,0,0,0,0,1,0,0,0,0
2025-11-07,4678.7944,risk_on,1.0,0.03750606936923412,193365.81756690002,13,1,5150,5150,5150,1336,19,2,1431,0,0,0,0,0,0,0,0,0,0,1,0,0,0,0
2025-11-10,4695.0507,risk_on,1.0,0.03839156880087579,193365.81756690002,13,1,5153,5153,5153,1336,18,2,1259,0,0,0,0,0,0,0,0,0,0,1,0,0,0,0
2025-11-11,4652.1655,risk_on,1.0,0.03805670664426199,193365.81756690002,13,1,5154,5154,5154,1337,18,2,1248,0,0,0,0,0,0,0,0,0,0,1,0,0,0,0
2025-11-12,4645.9079,risk_on,1.0,0.03882176344282942,193365.81756690002,13,1,5157,5157,5157,1337,18,2,1357,0,0,0,0,0,0,0,0,0,0,1,0,0,0,0
2025-11-13,4702.0738,risk_on,1.0,0.03870230354599884,193365.81756690002,13,1,5156,5156,5156,1337,18,2,1269,0,0,0,0,0,0,0,0,0,0,1,0,0,0,0
2025-11-14,4628.1398,risk_on,1.0,0.038678408003250744,193365.81756690002,13,1,5154,5154,5154,1337,17,2,1353,0,0,0,0,0,0,0,0,0,0,1,0,0,0,0
2025-11-17,4598.0525,risk_on,1.0,0.03776949625990907,193365.81756690002,13,1,5153,5153,5153,1337,19,3,1379,0,0,0,0,0,0,0,0,0,0,1,0,0,0,0
2025-11-18,4568.1928,risk_on,1.0,0.037673721348756684,193365.81756690002,13,1,5155,5155,5155,1338,19,3,1573,0,0,0,0,0,0,0,0,0,0,1,0,0,0,0
2025-11-19,4588.2922,risk_on,1.0,0.037338358964446816,193365.81756690002,13,1,5156,5156,5156,1338,20,3,1884,0,0,0,0,0,0,0,0,0,0,1,0,0,0,0
2025-11-20,4564.9483,risk_on,1.0,0.03729043097049091,193365.81756690002,13,1,5155,5155,5155,1335,18,3,2045,0,0,0,0,0,0,0,0,0,0,1,0,0,0,0
2025-11-21,4453.6076,risk_on,1.0,0.036690928125898636,193365.81756690002,13,1,5157,5157,5157,1335,25,3,2973,0,0,0,0,0,0,0,0,0,0,1,0,0,0,0
2025-11-24,4448.0478,risk_on,1.0,0.036498929491670544,193365.81756690002,13,1,5153,5153,5153,1335,22,3,2694,0,0,0,0,0,0,0,0,0,0,1,0,0,0,0
2025-11-25,4490.4047,risk_on,1.0,0.036810888419397114,193365.81756690002,13,1,5151,5151,5151,1335,19,3,2441,0,0,0,0,0,0,0,0,0,0,1,0,0,0,0
2025-11-26,4517.6255,risk_on,1.0,0.03664293564143434,193365.81756690002,13,1,5149,5149,5149,1335,23,3,2566,0,0,0,0,0,0,0,0,0,0,1,0,0,0,0
2025-11-27,4515.4027,risk_on,1.0,0.03688285025552848,193365.81756690002,13,1,5148,5148,5148,1335,21,3,2500,0,0,0,0,0,0,0,0,0,0,1,0,0,0,0
2025-11-28,4526.6616,risk_on,1.0,0.03695480133963009,193365.81756690002,13,1,5147,5147,5147,1335,21,3,2300,0,0,0,0,0,0,0,0,0,0,1,0,0,0,0
2025-12-01,4576.4856,risk_on,1.0,0.03709867126138158,193365.81756690002,12,1,5146,5146,5146,1336,19,2,2166,0,0,0,0,0,0,0,0,0,0,0,0,0,0,0
2025-12-02,4554.3347,risk_on,1.0,0.03729043097049091,193365.81756690002,12,1,5149,5149,5149,1336,19,2,2274,0,0,0,0,0,0,0,0,0,0,0,0,0,0,0
2025-12-03,4531.0486,risk_on,1.0,0.0375779273699346,193365.81756690002,12,1,5155,5155,5155,1337,19,2,2435,0,0,0,0,0,0,0,0,0,0,0,0,0,0,0
2025-12-04,4546.5664,risk_on,1.0,0.03738628218649991,193365.81756690002,12,1,5153,5153,5153,1335,20,2,2651,0,0,0,0,0,0,0,0,0,0,0,0,0,0,0
2025-12-05,4584.5368,risk_on,1.0,0.03707469592627749,193365.81756690002,12,1,5151,5151,5151,1334,20,2,2435,0,0,0,0,0,0,0,0,0,0,0,0,0,0,0
2025-12-08,4621.7545,risk_on,1.0,0.036666932481403305,193365.81756690002,12,1,5153,5153,5153,1333,20,3,2341,0,0,0,0,0,0,0,0,0,0,0,0,0,0,0
2025-12-09,4598.2232,risk_on,1.0,0.03637889147495812,193365.81756690002,12,1,5153,5153,5153,1333,22,3,2515,0,0,0,0,0,0,0,0,0,0,0,0,0,0,0
2025-12-10,4591.8273,risk_on,1.0,0.036522933506357776,193365.81756690002,12,1,5150,5150,5150,1330,24,3,2548,0,0,0,0,0,0,0,0,0,0,0,0,0,0,0
2025-12-11,4552.1848,risk_on,1.0,0.03553778714889285,193365.81756690002,12,1,5153,5153,5153,1332,24,3,2900,0,0,0,0,0,0,0,0,0,0,0,0,0,0,0
2025-12-12,4580.95,risk_on,1.0,0.03539345038155488,193365.81756690002,12,1,5155,5155,5155,1333,23,3,2906,0,0,0,0,0,0,0,0,0,0,0,0,0,0,0
2025-12-15,4552.0596,risk_on,1.0,0.0352250028749088,193365.81756690002,12,1,5154,5154,5154,1333,21,2,2946,0,0,0,0,0,0,0,0,0,0,0,0,0,0,0
2025-12-16,4497.5545,risk_on,1.0,0.03539345038155488,193365.81756690002,12,1,5156,5156,5156,1333,22,3,3205,0,0,0,0,0,0,0,0,0,0,0,0,0,0,0
2025-12-17,4579.875,risk_on,1.0,0.03563398766560854,193365.81756690002,12,1,5157,5157,5157,1333,25,3,3136,0,0,0,0,0,0,0,0,0,0,0,0,0,0,0
2025-12-18,4552.7926,risk_on,1.0,0.03558588980625629,193365.81756690002,12,1,5160,5160,5160,1339,23,3,3071,0,0,0,0,0,0,0,0,0,0,0,0,0,0,0
2025-12-19,4568.1781,risk_on,1.0,0.03601859789813337,193365.81756690002,12,1,5159,5159,5159,1339,21,3,2844,0,0,0,0,0,0,0,0,0,0,0,0,0,0,0
2025-12-22,4611.6235,risk_on,1.0,0.03577825246277574,193365.81756690002,12,1,5155,5155,5155,1340,21,3,2776,0,0,0,0,0,0,0,0,0,0,0,0,0,0,0
2025-12-23,4620.7341,risk_on,1.0,0.03560993933563895,193365.81756690002,12,1,5160,5160,5160,1339,21,3,2895,0,0,0,0,0,0,0,0,0,0,0,0,0,0,0
2025-12-24,4634.0586,risk_on,1.0,0.03568208072766743,193365.81756690002,12,1,5162,5162,5162,1339,20,3,2741,0,0,0,0,0,0,0,0,0,0,0,0,0,0,0
2025-12-25,4642.5357,risk_on,1.0,0.03585036867654866,193365.81756690002,12,1,5164,5164,5164,1339,19,3,2602,0,0,0,0,0,0,0,0,0,0,0,0,0,0,0
2025-12-26,4657.24,risk_on,1.0,0.03568208072766743,193365.81756690002,12,1,5163,5163,5163,1339,18,2,2659,0,0,0,0,0,0,0,0,0,0,0,0,0,0,0
2025-12-29,4639.3721,risk_on,1.0,0.03534532852496547,193365.81756690002,12,1,5166,5166,5166,1340,19,3,2713,0,0,0,0,0,0,0,0,0,0,0,0,0,0,0
2025-12-30,4651.2818,risk_on,1.0,0.035176864209566026,193365.81756690002,12,1,5168,5168,5168,1340,20,3,2759,0,0,0,0,0,0,0,0,0,0,0,0,0,0,0
2025-12-31,4629.9395,risk_on,1.0,0.03556183907737084,193365.81756690002,12,1,5169,5169,5169,1341,23,3,2782,0,0,0,0,0,0,0,0,0,0,0,0,0,0,0
2026-01-05,4717.7457,risk_on,1.0,0.03568208072766743,193365.81756690002,10,1,5169,5169,5169,1342,20,2,2518,0,0,0,0,0,0,0,0,0,0,0,0,0,0,0
2026-01-06,4790.6938,risk_on,1.0,0.03580229239936568,193365.81756690002,10,1,5172,5172,5172,1343,20,2,2336,0,0,0,0,0,0,0,0,0,0,0,0,0,0,0
2026-01-07,4776.6658,risk_on,1.0,0.03529720186677355,193365.81756690002,10,1,5172,5172,5172,1343,20,2,2370,0,0,0,0,0,0,0,0,0,0,0,0,0,0,0
2026-01-08,4737.6536,risk_on,1.0,0.03546562416500608,193365.81756690002,10,1,5171,5171,5171,1343,18,2,2209,0,0,0,0,0,0,0,0,0,0,0,0,0,0,0
2026-01-09,4758.9221,risk_on,1.0,0.03577825246277574,193365.81756690002,10,1,5170,5170,5170,1341,18,2,2011,0,0,0,0,0,0,0,0,0,0,0,0,0,0,0
2026-01-12,4789.9155,risk_on,1.0,0.036186768423157226,193365.81756690002,10,1,5171,5171,5171,1339,16,2,1663,0,0,0,0,0,0,0,0,0,0,0,0,0,0,0
2026-01-13,4761.0324,risk_on,1.0,0.03592247410367556,193365.81756690002,10,1,5164,5164,5164,1338,17,2,1857,0,0,0,0,0,0,0,0,0,0,0,0,0,0,0
2026-01-14,4741.9306,risk_on,1.0,0.03611470252636763,193365.81756690002,10,1,5165,5165,5165,1339,17,3,1818,0,0,0,0,0,0,0,0,0,0,0,0,0,0,0
2026-01-15,4751.4293,risk_on,1.0,0.03623480636789037,193365.81756690002,10,1,5168,5168,5168,1340,15,2,1840,0,0,0,0,0,0,0,0,0,0,0,0,0,0,0
2026-01-16,4731.8728,risk_on,1.0,0.03623480636789037,193365.81756690002,10,1,5170,5170,5170,1341,16,2,1853,0,0,0,0,0,0,0,0,0,0,0,0,0,0,0
2026-01-19,4734.4556,risk_on,1.0,0.03678689875093014,193365.81756690002,10,1,5171,5171,5171,1341,16,2,1695,0,0,0,0,0,0,0,0,0,0,0,0,0,0,0
2026-01-20,4718.8782,risk_on,1.0,0.03683487689292631,193365.81756690002,10,1,5176,5176,5176,1341,16,2,1703,0,0,0,0,0,0,0,0,0,0,0,0,0,0,0
2026-01-21,4723.0692,risk_on,1.0,0.03664293564143434,193365.81756690002,10,1,5174,5174,5174,1340,0,0,1625,0,0,0,0,0,0,0,0,0,0,0,0,0,0,0
2026-01-22,4723.7091,risk_on,1.0,0.03678689875093014,193365.81756690002,10,1,5175,5175,5175,1340,0,0,1473,0,0,0,0,0,0,0,0,0,0,0,0,0,0,0
2026-01-23,4702.4966,risk_on,1.0,0.03702674167411151,193365.81756690002,10,1,5176,5176,5176,1340,0,0,1274,0,0,0,0,0,0,0,0,0,0,0,0,0,0,0
2026-01-26,4706.964,risk_on,1.0,0.03657093794779219,193365.81756690002,10,1,5172,5172,5172,1340,0,0,1467,0,0,0,0,0,0,0,0,0,0,0,0,0,0,0
2026-01-27,4705.6918,risk_on,1.0,0.0362588235445875,193365.81756690002,10,1,5172,5172,5172,1341,0,0,1606,0,0,0,0,0,0,0,0,0,0,0,0,0,0,0
2026-01-28,4717.9914,risk_on,1.0,0.0358263311372601,193365.81756690002,10,1,5172,5172,5172,1341,0,0,1787,0,0,0,0,0,0,0,0,0,0,0,0,0,0,0
2026-01-29,4753.8697,risk_on,1.0,0.036138725689375505,193365.81756690002,10,1,5173,5173,5173,1341,0,0,1927,0,0,0,0,0,0,0,0,0,0,0,0,0,0,0
2026-01-30,4706.3401,risk_on,1.0,0.035994568746576326,193365.81756690002,10,1,5171,5171,5171,1341,0,0,1975,0,0,0,0,0,0,0,0,0,0,0,0,0,0,0
2026-02-02,4605.9799,risk_on,1.0,0.035176864209566026,193365.81756690002,11,1,5173,5173,5173,1341,0,0,2438,0,0,0,0,0,0,0,0,0,0,0,0,0,0,0
2026-02-03,4660.1074,risk_on,1.0,0.03508057246580563,193365.81756690002,11,1,5174,5174,5174,1342,0,0,2080,0,0,0,0,0,0,0,0,0,0,0,0,0,0,0
2026-02-04,4698.6832,risk_on,1.0,0.035200934142707294,193365.81756690002,11,1,5177,5177,5177,1343,0,0,1964,0,0,0,0,0,0,0,0,0,0,0,0,0,0,0
2026-02-05,4670.4188,risk_on,1.0,0.03539345038155488,193365.81756690002,11,1,5177,5177,5177,1343,0,0,2096,0,0,0,0,0,0,0,0,0,0,0,0,0,0,0
2026-02-06,4643.5959,risk_on,1.0,0.03529720186677355,193365.81756690002,11,1,5175,5175,5175,1342,0,0,2068,0,0,0,0,0,0,0,0,0,0,0,0,0,0,0
2026-02-09,4719.0559,risk_on,1.0,0.035874405017321004,193365.81756690002,11,1,5174,5174,5174,1342,0,0,1755,0,0,0,0,0,0,0,0,0,0,0,0,0,0,0
2026-02-10,4724.2956,risk_on,1.0,0.0358263311372601,193365.81756690002,11,1,5178,5178,5178,1343,0,0,1738,0,0,0,0,0,0,0,0,0,0,0,0,0,0,0
2026-02-11,4713.8185,risk_on,1.0,0.035754211327400615,193365.81756690002,11,1,5178,5178,5178,1343,0,0,1772,0,0,0,0,0,0,0,0,0,0,0,0,0,0,0
2026-02-12,4719.578,risk_on,1.0,0.035321265796114734,193365.81756690002,11,1,5182,5182,5182,1343,0,0,1883,0,0,0,0,0,0,0,0,0,0,0,0,0,0,0
2026-02-13,4660.4056,risk_on,1.0,0.03510464720360484,193365.81756690002,11,1,5180,5180,5180,1343,0,0,2031,0,0,0,0,0,0,0,0,0,0,0,0,0,0,0
2026-02-24,4707.544,risk_on,1.0,0.036210787994110115,193365.81756690002,11,1,5180,5180,5180,1345,0,0,1790,0,0,0,0,0,0,0,0,0,0,0,0,0,0,0
2026-02-25,4735.8858,risk_on,1.0,0.036186768423157226,193365.81756690002,11,1,5177,5177,5177,1344,0,0,1626,0,0,0,0,0,0,0,0,0,0,0,0,0,0,0
2026-02-26,4726.8739,risk_on,1.0,0.036138725689375505,193365.81756690002,11,1,5177,5177,5177,1344,0,0,1651,0,0,0,0,0,0,0,0,0,0,0,0,0,0,0
2026-02-27,4710.6469,risk_on,1.0,0.036066652607670155,193365.81756690002,11,1,5177,5177,5177,1344,0,0,1584,0,0,0,0,0,0,0,0,0,0,0,0,0,0,0
2026-03-02,4728.6688,risk_on,1.0,0.03481567103853328,193365.81756690002,12,1,5176,5176,5176,1343,0,0,1994,0,0,0,0,0,0,0,0,0,0,0,0,0,0,0
2026-03-03,4655.8962,risk_on,1.0,0.03483975899656213,193365.81756690002,12,1,5178,5178,5178,1343,0,0,2523,0,0,0,0,0,0,0,0,0,0,0,0,0,0,0
2026-03-04,4602.6247,risk_on,1.0,0.03358558883241749,193365.81756690002,12,1,5179,5179,5179,1343,0,0,2669,0,0,0,0,0,0,0,0,0,0,0,0,0,0,0
2026-03-05,4647.6921,risk_on,1.0,0.033513133407164546,193365.81756690002,12,1,5180,5180,5180,1344,0,0,2444,0,0,0,0,0,0,0,0,0,0,0,0,0,0,0
2026-03-06,4660.439,risk_on,1.0,0.033971834365411985,193365.81756690002,12,1,5181,5181,5181,1344,0,0,2141,0,0,0,0,0,0,0,0,0,0,0,0,0,0,0
2026-03-09,4615.4551,risk_on,1.0,0.033344028490144194,193365.81756690002,12,1,5184,5184,5184,1344,0,0,2282,0,0,0,0,0,0,0,0,0,0,0,0,0,0,0
2026-03-10,4674.7562,risk_on,1.0,0.03404422103392819,193365.81756690002,12,1,5182,5182,5182,1344,0,0,2010,0,0,0,0,0,0,0,0,0,0,0,0,0,0,0
2026-03-11,4704.4959,risk_on,1.0,0.03406834751278435,193365.81756690002,12,1,5185,5185,5185,1344,0,0,2035,0,0,0,0,0,0,0,0,0,0,0,0,0,0,0
2026-03-12,4687.5601,risk_on,1.0,0.03430954603166684,193365.81756690002,12,1,5185,5185,5185,1344,0,0,2152,0,0,0,0,0,0,0,0,0,0,0,0,0,0,0
2026-03-13,4669.14,risk_on,1.0,0.03474339994981259,193365.81756690002,12,1,5184,5184,5184,1344,0,0,2242,0,0,0,0,0,0,0,0,0,0,0,0,0,0,0
2026-03-16,4671.5591,risk_on,1.0,0.03426131596495001,193365.81756690002,12,1,5183,5183,5183,1345,0,0,2230,0,0,0,0,0,0,0,0,0,0,0,0,0,0,0
2026-03-17,4637.4392,risk_on,1.0,0.034237199124958775,193365.81756690002,12,1,5181,5181,5181,1345,0,0,2557,0,0,0,0,0,0,0,0,0,0,0,0,0,0,0
2026-03-18,4658.3324,risk_on,1.0,0.03426131596495001,193365.81756690002,12,1,5181,5181,5181,1345,0,0,2420,0,0,0,0,0,0,0,0,0,0,0,0,0,0,0
2026-03-19,4583.2511,risk_on,1.0,0.033513133407164546,193365.81756690002,11,1,5181,5181,5181,1344,0,0,2879,0,0,0,0,0,0,0,0,0,0,0,0,0,0,0
2026-03-20,4567.0179,risk_on,1.0,0.03331986581403088,193365.81756690002,11,1,5182,5182,5182,1343,0,0,3275,0,0,0,0,0,0,0,0,0,0,0,0,0,0,0
2026-03-23,4417.9971,neutral,0.7,0.03155272182675496,193365.81756690002,12,1,5184,5184,5184,1344,87,9,3899,0,0,0,0,0,0,0,0,0,0,1,0,0,0,0
2026-03-24,4474.7224,risk_on,1.0,0.03225551088014594,193365.81756690002,12,1,5184,5184,5184,1344,37,0,3564,0,0,0,0,0,0,0,0,0,0,1,0,0,0,0
2026-03-25,4537.4656,risk_on,1.0,0.03356143823110248,193365.81756690002,12,1,5185,5185,5185,1344,34,0,3309,0,0,0,0,0,0,0,0,0,0,1,0,0,0,0
2026-03-26,4477.5343,risk_on,1.0,0.03678689875093014,193365.81756690002,12,1,5185,5185,5185,1343,37,0,3481,0,0,0,0,0,0,0,0,0,0,1,0,0,0,0
2026-03-27,4502.5698,risk_on,1.0,0.03705071939721719,193365.81756690002,12,1,5182,5182,5182,1342,34,0,3304,0,0,0,0,0,0,0,0,0,0,0,0,0,0,0
2026-03-30,4491.95,risk_on,1.0,0.037697666863916415,193365.81756690002,12,1,5179,5179,5179,1340,35,0,3251,0,0,0,0,0,0,0,0,0,0,0,0,0,0,0
2026-03-31,4450.0493,risk_on,1.0,0.036978782645407174,193365.81756690002,12,1,5186,5186,5186,1343,39,0,3468,0,0,0,0,0,0,0,0,0,0,0,0,0,0,0
2026-04-01,4526.0668,risk_on,1.0,0.03781737656688813,193365.81756690002,14,1,5190,5190,5190,1344,35,0,3276,0,0,0,0,0,0,0,0,0,0,0,0,0,0,0
2026-04-02,4478.9141,risk_on,1.0,0.03738628218649991,193365.81756690002,14,1,5192,5192,5192,1346,39,0,3478,0,0,0,0,0,0,0,0,0,0,0,0,0,0,0
