date,ts_code,name,bucket,intended_action,intended_signal_level,intended_target_weight,current_weight,close,stock_valuation_quantile,stock_valuation_quantile_source_field,industry_valuation_quantile,industry_valuation_quantile_source_field,valuation_fallback_used,valuation_fallback_reason,reason_code,reason_detail
2023-05-04,002032.sz,苏 泊 尔,defensive_dividend,BUY_1,BUY_1,0.04,0.0,42.3,33.04935767410412,stock_pe_ttm_q_blended,49.492095526404306,industry_pe_ttm_q_blended,False,,MIN_TRADE_AMOUNT,目标成交额低于最小交易额，订单被阻断。
2023-05-05,002032.sz,苏 泊 尔,defensive_dividend,BUY_1,BUY_1,0.04,0.0,42.68,34.61409987208264,stock_pe_ttm_q_blended,45.80469706793458,industry_pe_ttm_q_blended,False,,MIN_TRADE_AMOUNT,目标成交额低于最小交易额，订单被阻断。
2023-05-08,002032.sz,苏 泊 尔,defensive_dividend,BUY_1,BUY_1,0.04,0.0,41.83,31.61094224924012,stock_pe_ttm_q_blended,44.20372503840247,industry_pe_ttm_q_blended,False,,MIN_TRADE_AMOUNT,目标成交额低于最小交易额，订单被阻断。
2023-05-09,002032.sz,苏 泊 尔,defensive_dividend,BUY_1,BUY_1,0.04,0.0,41.94,32.09656419529838,stock_pe_ttm_q_blended,42.425812642437336,industry_pe_ttm_q_blended,False,,MIN_TRADE_AMOUNT,目标成交额低于最小交易额，订单被阻断。
2023-05-10,002032.sz,苏 泊 尔,defensive_dividend,BUY_1,BUY_1,0.04,0.0,42.19,32.853479853479854,stock_pe_ttm_q_blended,44.80563947633434,industry_pe_ttm_q_blended,False,,MIN_TRADE_AMOUNT,目标成交额低于最小交易额，订单被阻断。
2023-05-11,002032.sz,苏 泊 尔,defensive_dividend,BUY_1,BUY_1,0.04,0.0,42.02,32.280511597658794,stock_pe_ttm_q_blended,43.83389651784216,industry_pe_ttm_q_blended,False,,MIN_TRADE_AMOUNT,目标成交额低于最小交易额，订单被阻断。
2023-05-12,002032.sz,苏 泊 尔,defensive_dividend,BUY_1,BUY_1,0.04,0.0,42.01,32.27069189657663,stock_pe_ttm_q_blended,44.69684775318578,industry_pe_ttm_q_blended,False,,MIN_TRADE_AMOUNT,目标成交额低于最小交易额，订单被阻断。
2023-05-15,002032.sz,苏 泊 尔,defensive_dividend,BUY_1,BUY_1,0.04,0.0,41.87,31.650400635241468,stock_pe_ttm_q_blended,46.30244918480213,industry_pe_ttm_q_blended,False,,MIN_TRADE_AMOUNT,目标成交额低于最小交易额，订单被阻断。
2023-05-16,002032.sz,苏 泊 尔,defensive_dividend,BUY_1,BUY_1,0.04,0.0,41.63,31.0981240981241,stock_pe_ttm_q_blended,43.512084230677196,industry_pe_ttm_q_blended,False,,MIN_TRADE_AMOUNT,目标成交额低于最小交易额，订单被阻断。
2023-05-17,002032.sz,苏 泊 尔,defensive_dividend,BUY_1,BUY_1,0.04,0.0,41.78,31.49537270738684,stock_pe_ttm_q_blended,43.6372964052522,industry_pe_ttm_q_blended,False,,MIN_TRADE_AMOUNT,目标成交额低于最小交易额，订单被阻断。
2023-05-18,002032.sz,苏 泊 尔,defensive_dividend,BUY_1,BUY_1,0.04,0.0,41.59,31.01109989909183,stock_pe_ttm_q_blended,46.270223752151466,industry_pe_ttm_q_blended,False,,MIN_TRADE_AMOUNT,目标成交额低于最小交易额，订单被阻断。
2023-05-26,002032.sz,苏 泊 尔,defensive_dividend,BUY_1,BUY_1,0.04,0.0,41.91,31.942320590207913,stock_pe_ttm_q_blended,49.169169169169166,industry_pe_ttm_q_blended,False,,MIN_TRADE_AMOUNT,目标成交额低于最小交易额，订单被阻断。
2023-05-29,000333.sz,美的集团,defensive_dividend,BUY_1,BUY_1,0.04,0.0,44.05,25.43562701280822,stock_pe_ttm_q_blended,46.85649967841064,industry_pe_ttm_q_blended,False,,MIN_TRADE_AMOUNT,目标成交额低于最小交易额，订单被阻断。
2023-05-29,002032.sz,苏 泊 尔,defensive_dividend,BUY_1,BUY_1,0.04,0.0,41.58,30.848954966602026,stock_pe_ttm_q_blended,46.85649967841064,industry_pe_ttm_q_blended,False,,MIN_TRADE_AMOUNT,目标成交额低于最小交易额，订单被阻断。
2023-05-30,000333.sz,美的集团,defensive_dividend,BUY_1,BUY_1,0.04,0.0,42.93,21.33672416334955,stock_pe_ttm_q_blended,44.930476190476185,industry_pe_ttm_q_blended,False,,MIN_TRADE_AMOUNT,目标成交额低于最小交易额，订单被阻断。
2023-05-30,002032.sz,苏 泊 尔,defensive_dividend,BUY_1,BUY_1,0.04,0.0,40.39,27.608040201005025,stock_pe_ttm_q_blended,44.930476190476185,industry_pe_ttm_q_blended,False,,MIN_TRADE_AMOUNT,目标成交额低于最小交易额，订单被阻断。
2023-05-31,000333.sz,美的集团,defensive_dividend,BUY_1,BUY_1,0.04,0.0,41.93,19.805741791301358,stock_pe_ttm_q_blended,41.64546298279433,industry_pe_ttm_q_blended,False,,MIN_TRADE_AMOUNT,目标成交额低于最小交易额，订单被阻断。
2023-09-04,600585.sh,海螺水泥,cyclical_rotation,BUY_1,BUY_1,0.03,0.0,25.36,22.010083237463625,stock_pb_q_blended,19.93519207777853,industry_pb_q_blended,False,,TOTAL_EXPOSURE_LIMIT,买入请求因仓位上限、资金约束或执行约束被阻断。
2023-09-08,000333.sz,美的集团,defensive_dividend,BUY_1,BUY_1,0.04,0.0,49.13,36.188485150157625,stock_pe_ttm_q_blended,47.52951185302707,industry_pe_ttm_q_blended,False,,MIN_TRADE_AMOUNT,目标成交额低于最小交易额，订单被阻断。
2023-09-11,000333.sz,美的集团,defensive_dividend,BUY_1,BUY_1,0.04,0.0,49.48,37.724235963041934,stock_pe_ttm_q_blended,51.126126126126124,industry_pe_ttm_q_blended,False,,MIN_TRADE_AMOUNT,目标成交额低于最小交易额，订单被阻断。
2023-09-14,000333.sz,美的集团,defensive_dividend,BUY_1,BUY_1,0.04,0.0,49.6,38.30281740117806,stock_pe_ttm_q_blended,48.48169822145726,industry_pe_ttm_q_blended,False,,MIN_TRADE_AMOUNT,目标成交额低于最小交易额，订单被阻断。
2023-09-14,600926.sh,杭州银行,defensive_dividend,BUY_1,BUY_1,0.04,0.0,9.94,1.5220700152207,stock_pb_q_blended,34.82608597946022,industry_pb_q_blended,False,,TOTAL_EXPOSURE_LIMIT,买入请求因仓位上限、资金约束或执行约束被阻断。
2023-09-15,000333.sz,美的集团,defensive_dividend,BUY_1,BUY_1,0.04,0.0,48.84,35.25247079964061,stock_pe_ttm_q_blended,46.394990366088635,industry_pe_ttm_q_blended,False,,MIN_TRADE_AMOUNT,目标成交额低于最小交易额，订单被阻断。
2023-09-15,600585.sh,海螺水泥,cyclical_rotation,BUY_1,BUY_1,0.03,0.0,24.53,19.2722371967655,stock_pb_q_blended,14.008086253369273,industry_pb_q_blended,False,,MIN_TRADE_AMOUNT,目标成交额低于最小交易额，订单被阻断。
2023-09-15,600926.sh,杭州银行,defensive_dividend,BUY_1,BUY_1,0.04,0.0,9.76,0.45592705167173253,stock_pb_q_blended,33.23270440251572,industry_pb_q_blended,False,,TOTAL_EXPOSURE_LIMIT,买入请求因仓位上限、资金约束或执行约束被阻断。
2023-09-18,000333.sz,美的集团,defensive_dividend,BUY_1,BUY_1,0.04,0.0,49.15,36.26728110599079,stock_pe_ttm_q_blended,47.713873031157576,industry_pe_ttm_q_blended,False,,MIN_TRADE_AMOUNT,目标成交额低于最小交易额，订单被阻断。
2023-09-18,600926.sh,杭州银行,defensive_dividend,BUY_1,BUY_1,0.04,0.0,9.73,0.4552352048558422,stock_pb_q_blended,33.66195190947666,industry_pb_q_blended,False,,TOTAL_EXPOSURE_LIMIT,买入请求因仓位上限、资金约束或执行约束被阻断。
2023-09-19,000333.sz,美的集团,defensive_dividend,BUY_1,BUY_1,0.04,0.0,49.1,36.12301587301587,stock_pe_ttm_q_blended,47.18731380906549,industry_pe_ttm_q_blended,False,,MIN_TRADE_AMOUNT,目标成交额低于最小交易额，订单被阻断。
2023-09-19,600585.sh,海螺水泥,cyclical_rotation,BUY_1,BUY_1,0.03,0.0,24.72,19.980835689601005,stock_pb_q_blended,14.512319913827925,industry_pb_q_blended,False,,MIN_TRADE_AMOUNT,目标成交额低于最小交易额，订单被阻断。
2023-09-19,600926.sh,杭州银行,defensive_dividend,BUY_1,BUY_1,0.04,0.0,9.77,0.7575757575757576,stock_pb_q_blended,35.809344284367846,industry_pb_q_blended,False,,TOTAL_EXPOSURE_LIMIT,买入请求因仓位上限、资金约束或执行约束被阻断。
2023-09-20,600585.sh,海螺水泥,cyclical_rotation,BUY_1,BUY_1,0.03,0.0,25.05,21.70134356144719,stock_pb_q_blended,15.362425139627213,industry_pb_q_blended,False,,TOTAL_EXPOSURE_LIMIT,买入请求因仓位上限、资金约束或执行约束被阻断。
2023-09-20,600926.sh,杭州银行,defensive_dividend,BUY_1,BUY_1,0.04,0.0,9.82,0.9077155824508321,stock_pb_q_blended,38.22194558463988,industry_pb_q_blended,False,,TOTAL_EXPOSURE_LIMIT,买入请求因仓位上限、资金约束或执行约束被阻断。
2023-09-20,601336.sh,新华保险,defensive_dividend,BUY_1,BUY_1,0.04,0.0,33.55,22.539470697716645,stock_pb_q_blended,23.21620348563354,industry_pb_q_blended,False,,TOTAL_EXPOSURE_LIMIT,买入请求因仓位上限、资金约束或执行约束被阻断。
2023-09-21,000333.sz,美的集团,defensive_dividend,BUY_1,BUY_1,0.04,0.0,49.37,37.37779036292416,stock_pe_ttm_q_blended,45.89468864468864,industry_pe_ttm_q_blended,False,,MIN_TRADE_AMOUNT,目标成交额低于最小交易额，订单被阻断。
2023-09-21,600585.sh,海螺水泥,cyclical_rotation,BUY_1,BUY_1,0.03,0.0,24.62,19.664514393327952,stock_pb_q_blended,13.660478880817866,industry_pb_q_blended,False,,MIN_TRADE_AMOUNT,目标成交额低于最小交易额，订单被阻断。
2023-09-21,600926.sh,杭州银行,defensive_dividend,BUY_1,BUY_1,0.04,0.0,9.73,0.6042296072507553,stock_pb_q_blended,36.61016949152542,industry_pb_q_blended,False,,TOTAL_EXPOSURE_LIMIT,买入请求因仓位上限、资金约束或执行约束被阻断。
2023-09-21,601336.sh,新华保险,defensive_dividend,BUY_1,BUY_1,0.04,0.0,33.35,22.26969758842079,stock_pb_q_blended,22.188323917137478,industry_pb_q_blended,False,,TOTAL_EXPOSURE_LIMIT,买入请求因仓位上限、资金约束或执行约束被阻断。
2023-09-22,600585.sh,海螺水泥,cyclical_rotation,BUY_1,BUY_1,0.03,0.0,24.76,20.160896358543418,stock_pb_q_blended,15.287843137254903,industry_pb_q_blended,False,,MIN_TRADE_AMOUNT,目标成交额低于最小交易额，订单被阻断。
2023-09-22,600926.sh,杭州银行,defensive_dividend,BUY_1,BUY_1,0.04,0.0,9.72,0.4524886877828055,stock_pb_q_blended,40.64425770308124,industry_pb_q_blended,False,,TOTAL_EXPOSURE_LIMIT,买入请求因仓位上限、资金约束或执行约束被阻断。
2023-09-22,601336.sh,新华保险,defensive_dividend,BUY_1,BUY_1,0.04,0.0,33.81,23.0,stock_pb_q_blended,27.677647058823524,industry_pb_q_blended,False,,TOTAL_EXPOSURE_LIMIT,买入请求因仓位上限、资金约束或执行约束被阻断。
2023-09-25,000333.sz,美的集团,defensive_dividend,BUY_1,BUY_1,0.04,0.0,49.68,38.79443658651579,stock_pe_ttm_q_blended,48.739810621655,industry_pe_ttm_q_blended,False,,MIN_TRADE_AMOUNT,目标成交额低于最小交易额，订单被阻断。
2023-09-25,600585.sh,海螺水泥,cyclical_rotation,BUY_1,BUY_1,0.03,0.0,24.56,19.500111992115755,stock_pb_q_blended,13.179052994669174,industry_pb_q_blended,False,,MIN_TRADE_AMOUNT,目标成交额低于最小交易额，订单被阻断。
2023-09-25,600926.sh,杭州银行,defensive_dividend,BUY_1,BUY_1,0.04,0.0,9.68,0.30120481927710846,stock_pb_q_blended,41.24257492272544,industry_pb_q_blended,False,,TOTAL_EXPOSURE_LIMIT,买入请求因仓位上限、资金约束或执行约束被阻断。
2023-09-25,601336.sh,新华保险,defensive_dividend,BUY_1,BUY_1,0.04,0.0,33.24,22.263638630130778,stock_pb_q_blended,23.623437709985215,industry_pb_q_blended,False,,TOTAL_EXPOSURE_LIMIT,买入请求因仓位上限、资金约束或执行约束被阻断。
2023-09-26,000333.sz,美的集团,defensive_dividend,BUY_1,BUY_1,0.04,0.0,49.05,35.96953417685728,stock_pe_ttm_q_blended,46.809363783919714,industry_pe_ttm_q_blended,False,,MIN_TRADE_AMOUNT,目标成交额低于最小交易额，订单被阻断。
2023-09-26,600926.sh,杭州银行,defensive_dividend,BUY_1,BUY_1,0.04,0.0,9.59,0.15037593984962408,stock_pb_q_blended,39.50822755054067,industry_pb_q_blended,False,,TOTAL_EXPOSURE_LIMIT,买入请求因仓位上限、资金约束或执行约束被阻断。
2023-09-26,601336.sh,新华保险,defensive_dividend,BUY_1,BUY_1,0.04,0.0,33.26,22.327262018032712,stock_pb_q_blended,23.401907448451876,industry_pb_q_blended,False,,TOTAL_EXPOSURE_LIMIT,买入请求因仓位上限、资金约束或执行约束被阻断。
2023-09-27,000333.sz,美的集团,defensive_dividend,BUY_1,BUY_1,0.04,0.0,49.24,36.53907022749753,stock_pe_ttm_q_blended,47.304725345032445,industry_pe_ttm_q_blended,False,,MIN_TRADE_AMOUNT,目标成交额低于最小交易额，订单被阻断。
2023-09-27,600926.sh,杭州银行,defensive_dividend,BUY_1,BUY_1,0.04,0.0,9.6,0.3003003003003003,stock_pb_q_blended,35.5639097744361,industry_pb_q_blended,False,,TOTAL_EXPOSURE_LIMIT,买入请求因仓位上限、资金约束或执行约束被阻断。
2023-09-27,601336.sh,新华保险,defensive_dividend,BUY_1,BUY_1,0.04,0.0,32.95,22.124312207051155,stock_pb_q_blended,23.1328320802005,industry_pb_q_blended,False,,TOTAL_EXPOSURE_LIMIT,买入请求因仓位上限、资金约束或执行约束被阻断。
2023-09-28,000333.sz,美的集团,defensive_dividend,BUY_1,BUY_1,0.04,0.0,48.53,33.97330696984676,stock_pe_ttm_q_blended,47.112709832134286,industry_pe_ttm_q_blended,False,,MIN_TRADE_AMOUNT,目标成交额低于最小交易额，订单被阻断。
2023-09-28,600926.sh,杭州银行,defensive_dividend,BUY_1,BUY_1,0.04,0.0,9.61,0.4497751124437781,stock_pb_q_blended,37.955668880985925,industry_pb_q_blended,False,,TOTAL_EXPOSURE_LIMIT,买入请求因仓位上限、资金约束或执行约束被阻断。
2023-09-28,601336.sh,新华保险,defensive_dividend,BUY_1,BUY_1,0.04,0.0,32.78,22.121310881767158,stock_pb_q_blended,21.40416918293856,industry_pb_q_blended,False,,TOTAL_EXPOSURE_LIMIT,买入请求因仓位上限、资金约束或执行约束被阻断。
2023-09-28,601601.sh,中国太保,defensive_dividend,BUY_1,BUY_1,0.04,0.0,26.49,30.950278467422667,stock_pb_q_blended,21.40416918293856,industry_pb_q_blended,False,,TOTAL_EXPOSURE_LIMIT,买入请求因仓位上限、资金约束或执行约束被阻断。
2023-10-09,000333.sz,美的集团,defensive_dividend,BUY_1,BUY_1,0.04,0.0,48.81,35.093732354601926,stock_pe_ttm_q_blended,46.500798977309046,industry_pe_ttm_q_blended,False,,MIN_TRADE_AMOUNT,目标成交额低于最小交易额，订单被阻断。
2023-10-09,600926.sh,杭州银行,defensive_dividend,BUY_1,BUY_1,0.04,0.0,9.53,0.14970059880239522,stock_pb_q_blended,36.98054996646546,industry_pb_q_blended,False,,TOTAL_EXPOSURE_LIMIT,买入请求因仓位上限、资金约束或执行约束被阻断。
2023-10-09,601336.sh,新华保险,defensive_dividend,BUY_1,BUY_1,0.04,0.0,32.66,21.985069562266712,stock_pb_q_blended,19.81757209926224,industry_pb_q_blended,False,,TOTAL_EXPOSURE_LIMIT,买入请求因仓位上限、资金约束或执行约束被阻断。
2023-10-09,601601.sh,中国太保,defensive_dividend,BUY_1,BUY_1,0.04,0.0,26.35,30.007377598926897,stock_pb_q_blended,19.81757209926224,industry_pb_q_blended,False,,TOTAL_EXPOSURE_LIMIT,买入请求因仓位上限、资金约束或执行约束被阻断。
2023-10-10,000333.sz,美的集团,defensive_dividend,BUY_1,BUY_1,0.04,0.0,47.82,31.700881834215167,stock_pe_ttm_q_blended,42.967303260547155,industry_pe_ttm_q_blended,False,,MIN_TRADE_AMOUNT,目标成交额低于最小交易额，订单被阻断。
2023-10-10,600926.sh,杭州银行,defensive_dividend,BUY_1,BUY_1,0.04,0.0,9.48,0.14947683109118087,stock_pb_q_blended,35.872941386784646,industry_pb_q_blended,False,,TOTAL_EXPOSURE_LIMIT,买入请求因仓位上限、资金约束或执行约束被阻断。
2023-10-10,601336.sh,新华保险,defensive_dividend,BUY_1,BUY_1,0.04,0.0,32.0,21.382580382580382,stock_pb_q_blended,17.96726330137874,industry_pb_q_blended,False,,TOTAL_EXPOSURE_LIMIT,买入请求因仓位上限、资金约束或执行约束被阻断。
2023-10-10,601601.sh,中国太保,defensive_dividend,BUY_1,BUY_1,0.04,0.0,26.06,27.234721011820962,stock_pb_q_blended,17.96726330137874,industry_pb_q_blended,False,,TOTAL_EXPOSURE_LIMIT,买入请求因仓位上限、资金约束或执行约束被阻断。
2023-10-11,000333.sz,美的集团,defensive_dividend,BUY_1,BUY_1,0.04,0.0,47.82,31.759742396465,stock_pe_ttm_q_blended,42.756978653530375,industry_pe_ttm_q_blended,False,,MIN_TRADE_AMOUNT,目标成交额低于最小交易额，订单被阻断。
2023-10-11,600926.sh,杭州银行,defensive_dividend,BUY_1,BUY_1,0.04,0.0,9.37,0.1492537313432836,stock_pb_q_blended,37.86536227999643,industry_pb_q_blended,False,,TOTAL_EXPOSURE_LIMIT,买入请求因仓位上限、资金约束或执行约束被阻断。
2023-10-11,601336.sh,新华保险,defensive_dividend,BUY_1,BUY_1,0.04,0.0,31.77,21.11327321626325,stock_pb_q_blended,18.50442240686143,industry_pb_q_blended,False,,TOTAL_EXPOSURE_LIMIT,买入请求因仓位上限、资金约束或执行约束被阻断。
2023-10-11,601601.sh,中国太保,defensive_dividend,BUY_1,BUY_1,0.04,0.0,26.47,31.069239703386046,stock_pb_q_blended,18.50442240686143,industry_pb_q_blended,False,,TOTAL_EXPOSURE_LIMIT,买入请求因仓位上限、资金约束或执行约束被阻断。
2023-10-12,000333.sz,美的集团,defensive_dividend,BUY_1,BUY_1,0.04,0.0,48.33,33.446637066272,stock_pe_ttm_q_blended,44.29298593539857,industry_pe_ttm_q_blended,False,,MIN_TRADE_AMOUNT,目标成交额低于最小交易额，订单被阻断。
2023-10-12,600926.sh,杭州银行,defensive_dividend,BUY_1,BUY_1,0.04,0.0,9.46,0.29806259314456035,stock_pb_q_blended,45.96912464001072,industry_pb_q_blended,False,,TOTAL_EXPOSURE_LIMIT,买入请求因仓位上限、资金约束或执行约束被阻断。
2023-10-12,601336.sh,新华保险,defensive_dividend,BUY_1,BUY_1,0.04,0.0,32.97,22.44230595463992,stock_pb_q_blended,22.879378474315185,industry_pb_q_blended,False,,TOTAL_EXPOSURE_LIMIT,买入请求因仓位上限、资金约束或执行约束被阻断。
2023-10-13,000333.sz,美的集团,defensive_dividend,BUY_1,BUY_1,0.04,0.0,48.04,32.43589743589744,stock_pe_ttm_q_blended,42.37480063795853,industry_pe_ttm_q_blended,False,,MIN_TRADE_AMOUNT,目标成交额低于最小交易额，订单被阻断。
2023-10-13,600926.sh,杭州银行,defensive_dividend,BUY_1,BUY_1,0.04,0.0,9.37,0.2976190476190476,stock_pb_q_blended,49.096264560182085,industry_pb_q_blended,False,,TOTAL_EXPOSURE_LIMIT,买入请求因仓位上限、资金约束或执行约束被阻断。
2023-10-13,601336.sh,新华保险,defensive_dividend,BUY_1,BUY_1,0.04,0.0,32.67,22.172932330827066,stock_pb_q_blended,21.18962824117463,industry_pb_q_blended,False,,TOTAL_EXPOSURE_LIMIT,买入请求因仓位上限、资金约束或执行约束被阻断。
2023-10-16,000333.sz,美的集团,defensive_dividend,BUY_1,BUY_1,0.04,0.0,48.13,32.93806472810908,stock_pe_ttm_q_blended,41.716130354580855,industry_pe_ttm_q_blended,False,,MIN_TRADE_AMOUNT,目标成交额低于最小交易额，订单被阻断。
2023-10-16,601336.sh,新华保险,defensive_dividend,BUY_1,BUY_1,0.04,0.0,32.84,22.436244640036108,stock_pb_q_blended,20.788446526151446,industry_pb_q_blended,False,,TOTAL_EXPOSURE_LIMIT,买入请求因仓位上限、资金约束或执行约束被阻断。
2023-10-17,000333.sz,美的集团,defensive_dividend,BUY_1,BUY_1,0.04,0.0,48.93,35.86699507389162,stock_pe_ttm_q_blended,43.35645998361104,industry_pe_ttm_q_blended,False,,MIN_TRADE_AMOUNT,目标成交额低于最小交易额，订单被阻断。
2023-10-17,601336.sh,新华保险,defensive_dividend,BUY_1,BUY_1,0.04,0.0,33.74,23.431729489522006,stock_pb_q_blended,23.238630283574103,industry_pb_q_blended,False,,TOTAL_EXPOSURE_LIMIT,买入请求因仓位上限、资金约束或执行约束被阻断。
2023-10-18,000333.sz,美的集团,defensive_dividend,BUY_1,BUY_1,0.04,0.0,48.52,34.239079974678205,stock_pe_ttm_q_blended,42.66937410415672,industry_pe_ttm_q_blended,False,,MIN_TRADE_AMOUNT,目标成交额低于最小交易额，订单被阻断。
2023-10-18,601336.sh,新华保险,defensive_dividend,BUY_1,BUY_1,0.04,0.0,33.05,22.696428571428573,stock_pb_q_blended,22.080286115382044,industry_pb_q_blended,False,,TOTAL_EXPOSURE_LIMIT,买入请求因仓位上限、资金约束或执行约束被阻断。
2023-10-19,601318.sh,中国平安,defensive_dividend,BUY_2,BUY_2,0.08,0.03832,40.17,15.131720789344737,stock_pb_q_blended,17.68412846897412,industry_pb_q_blended,False,,MIN_TRADE_AMOUNT,目标成交额低于最小交易额，订单被阻断。
2023-10-19,000333.sz,美的集团,defensive_dividend,BUY_1,BUY_1,0.04,0.0,47.28,29.725909261342334,stock_pe_ttm_q_blended,39.01719197707737,industry_pe_ttm_q_blended,False,,MIN_TRADE_AMOUNT,目标成交额低于最小交易额，订单被阻断。
2023-10-19,601336.sh,新华保险,defensive_dividend,BUY_1,BUY_1,0.04,0.0,32.08,21.628580443062226,stock_pb_q_blended,17.68412846897412,industry_pb_q_blended,False,,TOTAL_EXPOSURE_LIMIT,买入请求因仓位上限、资金约束或执行约束被阻断。
2023-10-20,601318.sh,中国平安,defensive_dividend,BUY_2,BUY_2,0.08,0.03832,39.96,14.882655446470315,stock_pb_q_blended,15.836639284044615,industry_pb_q_blended,False,,MIN_TRADE_AMOUNT,目标成交额低于最小交易额，订单被阻断。
2023-10-20,000333.sz,美的集团,defensive_dividend,BUY_1,BUY_1,0.04,0.0,46.23,25.36844447567517,stock_pe_ttm_q_blended,36.43425389248778,industry_pe_ttm_q_blended,False,,MIN_TRADE_AMOUNT,目标成交额低于最小交易额，订单被阻断。
2023-10-20,601336.sh,新华保险,defensive_dividend,BUY_1,BUY_1,0.04,0.0,31.78,21.15988647114475,stock_pb_q_blended,15.836639284044615,industry_pb_q_blended,False,,TOTAL_EXPOSURE_LIMIT,买入请求因仓位上限、资金约束或执行约束被阻断。
2023-10-20,601601.sh,中国太保,defensive_dividend,BUY_1,BUY_1,0.04,0.0,26.42,30.819408268216122,stock_pb_q_blended,15.836639284044615,industry_pb_q_blended,False,,CASH_INSUFFICIENT,买入请求因仓位上限、资金约束或执行约束被阻断。
2023-10-23,601318.sh,中国平安,defensive_dividend,BUY_2,BUY_2,0.08,0.03832,40.06,15.13351134846462,stock_pb_q_blended,14.215843346684466,industry_pb_q_blended,False,,MIN_TRADE_AMOUNT,目标成交额低于最小交易额，订单被阻断。
2023-10-23,000333.sz,美的集团,defensive_dividend,BUY_1,BUY_1,0.04,0.0,46.3,25.515240904621436,stock_pe_ttm_q_blended,33.604689203925844,industry_pe_ttm_q_blended,False,,MIN_TRADE_AMOUNT,目标成交额低于最小交易额，订单被阻断。
2023-10-23,601336.sh,新华保险,defensive_dividend,BUY_1,BUY_1,0.04,0.0,31.32,20.35866261398176,stock_pb_q_blended,14.215843346684466,industry_pb_q_blended,False,,CASH_INSUFFICIENT,买入请求因仓位上限、资金约束或执行约束被阻断。
2023-10-24,601318.sh,中国平安,defensive_dividend,BUY_2,BUY_2,0.08,0.03832,40.22,15.48793398723338,stock_pb_q_blended,17.45061275327506,industry_pb_q_blended,False,,MIN_TRADE_AMOUNT,目标成交额低于最小交易额，订单被阻断。
2023-10-24,000333.sz,美的集团,defensive_dividend,BUY_1,BUY_1,0.04,0.0,46.23,25.42084942084942,stock_pe_ttm_q_blended,34.87315212207916,industry_pe_ttm_q_blended,False,,MIN_TRADE_AMOUNT,目标成交额低于最小交易额，订单被阻断。
2023-10-24,601336.sh,新华保险,defensive_dividend,BUY_1,BUY_1,0.04,0.0,31.57,20.888108740660726,stock_pb_q_blended,17.45061275327506,industry_pb_q_blended,False,,CASH_INSUFFICIENT,买入请求因仓位上限、资金约束或执行约束被阻断。
2023-10-25,601318.sh,中国平安,defensive_dividend,BUY_2,BUY_2,0.08,0.03832,40.55,15.972922502334267,stock_pb_q_blended,16.747899159663866,industry_pb_q_blended,False,,MIN_TRADE_AMOUNT,目标成交额低于最小交易额，订单被阻断。
2023-10-25,000333.sz,美的集团,defensive_dividend,BUY_1,BUY_1,0.04,0.0,45.47,22.969220694171575,stock_pe_ttm_q_blended,34.59789368559626,industry_pe_ttm_q_blended,False,,MIN_TRADE_AMOUNT,目标成交额低于最小交易额，订单被阻断。
2023-10-25,601336.sh,新华保险,defensive_dividend,BUY_1,BUY_1,0.04,0.0,31.07,19.954112963087923,stock_pb_q_blended,16.747899159663866,industry_pb_q_blended,False,,CASH_INSUFFICIENT,买入请求因仓位上限、资金约束或执行约束被阻断。
2023-10-26,601318.sh,中国平安,defensive_dividend,BUY_2,BUY_2,0.08,0.03832,40.74,16.525831611225918,stock_pb_q_blended,16.81185698731196,industry_pb_q_blended,False,,MIN_TRADE_AMOUNT,目标成交额低于最小交易额，订单被阻断。
2023-10-26,000333.sz,美的集团,defensive_dividend,BUY_1,BUY_1,0.04,0.0,45.56,23.4246440844379,stock_pe_ttm_q_blended,34.67515143265501,industry_pe_ttm_q_blended,False,,MIN_TRADE_AMOUNT,目标成交额低于最小交易额，订单被阻断。
2023-10-26,601336.sh,新华保险,defensive_dividend,BUY_1,BUY_1,0.04,0.0,31.07,20.017941454202077,stock_pb_q_blended,16.81185698731196,industry_pb_q_blended,False,,CASH_INSUFFICIENT,买入请求因仓位上限、资金约束或执行约束被阻断。
2023-10-27,601318.sh,中国平安,defensive_dividend,BUY_2,BUY_2,0.08,0.03832,40.22,15.541400142146411,stock_pb_q_blended,17.074626865671643,industry_pb_q_blended,False,,MIN_TRADE_AMOUNT,目标成交额低于最小交易额，订单被阻断。
2023-10-27,000333.sz,美的集团,defensive_dividend,BUY_1,BUY_1,0.04,0.0,46.79,28.032431422029063,stock_pe_ttm_q_blended,38.90476190476191,industry_pe_ttm_q_blended,False,,MIN_TRADE_AMOUNT,目标成交额低于最小交易额，订单被阻断。
2023-10-27,601336.sh,新华保险,defensive_dividend,BUY_1,BUY_1,0.04,0.0,30.33,18.28636598575249,stock_pb_q_blended,17.074626865671643,industry_pb_q_blended,False,,CASH_INSUFFICIENT,买入请求因仓位上限、资金约束或执行约束被阻断。
2023-10-30,601318.sh,中国平安,defensive_dividend,BUY_2,BUY_2,0.08,0.03832,40.35,17.848484848484848,stock_pb_q_blended,17.00599400599401,industry_pb_q_blended,False,,MIN_TRADE_AMOUNT,目标成交额低于最小交易额，订单被阻断。
2023-10-30,000333.sz,美的集团,defensive_dividend,BUY_1,BUY_1,0.04,0.0,47.55,30.899016791611203,stock_pe_ttm_q_blended,38.91459849051472,industry_pe_ttm_q_blended,False,,MIN_TRADE_AMOUNT,目标成交额低于最小交易额，订单被阻断。
2023-10-30,601336.sh,新华保险,defensive_dividend,BUY_1,BUY_1,0.04,0.0,29.3,18.483378256963164,stock_pb_q_blended,17.00599400599401,industry_pb_q_blended,False,,CASH_INSUFFICIENT,买入请求因仓位上限、资金约束或执行约束被阻断。
2023-10-31,601318.sh,中国平安,defensive_dividend,BUY_2,BUY_2,0.08,0.03832,40.5,18.779656503794435,stock_pb_q_blended,17.13615586029379,industry_pb_q_blended,False,,MIN_TRADE_AMOUNT,目标成交额低于最小交易额，订单被阻断。
2023-10-31,000333.sz,美的集团,defensive_dividend,BUY_1,BUY_1,0.04,0.0,45.97,19.88235294117647,stock_pe_ttm_q_blended,29.63232295772734,industry_pe_ttm_q_blended,False,,MIN_TRADE_AMOUNT,目标成交额低于最小交易额，订单被阻断。
2023-10-31,601336.sh,新华保险,defensive_dividend,BUY_1,BUY_1,0.04,0.0,29.35,18.68033946251768,stock_pb_q_blended,17.13615586029379,industry_pb_q_blended,False,,CASH_INSUFFICIENT,买入请求因仓位上限、资金约束或执行约束被阻断。
2023-11-01,601318.sh,中国平安,defensive_dividend,BUY_2,BUY_2,0.08,0.03832,40.15,16.86597023532282,stock_pb_q_blended,15.554150863885376,industry_pb_q_blended,False,,MIN_TRADE_AMOUNT,目标成交额低于最小交易额，订单被阻断。
2023-11-01,000333.sz,美的集团,defensive_dividend,BUY_1,BUY_1,0.04,0.0,46.06,20.1643452089312,stock_pe_ttm_q_blended,30.072005977854765,industry_pe_ttm_q_blended,False,,MIN_TRADE_AMOUNT,目标成交额低于最小交易额，订单被阻断。
2023-11-01,601336.sh,新华保险,defensive_dividend,BUY_1,BUY_1,0.04,0.0,28.9,17.348458327723172,stock_pb_q_blended,15.554150863885376,industry_pb_q_blended,False,,CASH_INSUFFICIENT,买入请求因仓位上限、资金约束或执行约束被阻断。
2023-11-02,601318.sh,中国平安,defensive_dividend,BUY_2,BUY_2,0.08,0.03832,40.1,16.757914338919925,stock_pb_q_blended,14.332801276935356,industry_pb_q_blended,False,,MIN_TRADE_AMOUNT,目标成交额低于最小交易额，订单被阻断。
2023-11-02,000333.sz,美的集团,defensive_dividend,BUY_1,BUY_1,0.04,0.0,46.23,20.79343314211091,stock_pe_ttm_q_blended,28.427304001448487,industry_pe_ttm_q_blended,False,,MIN_TRADE_AMOUNT,目标成交额低于最小交易额，订单被阻断。
2023-11-02,601336.sh,新华保险,defensive_dividend,BUY_1,BUY_1,0.04,0.0,28.5,16.216315636004758,stock_pb_q_blended,14.332801276935356,industry_pb_q_blended,False,,CASH_INSUFFICIENT,买入请求因仓位上限、资金约束或执行约束被阻断。
2023-11-03,000333.sz,美的集团,defensive_dividend,BUY_1,BUY_1,0.04,0.0,45.85,19.708971400601357,stock_pe_ttm_q_blended,29.38095238095238,industry_pe_ttm_q_blended,False,,MIN_TRADE_AMOUNT,目标成交额低于最小交易额，订单被阻断。
2023-11-03,601336.sh,新华保险,defensive_dividend,BUY_1,BUY_1,0.04,0.0,28.47,15.948345439870863,stock_pb_q_blended,15.33255777881185,industry_pb_q_blended,False,,TOTAL_EXPOSURE_LIMIT,买入请求因仓位上限、资金约束或执行约束被阻断。
2023-11-06,000333.sz,美的集团,defensive_dividend,BUY_1,BUY_1,0.04,0.0,46.19,20.69341161121983,stock_pe_ttm_q_blended,32.35110568443902,industry_pe_ttm_q_blended,False,,MIN_TRADE_AMOUNT,目标成交额低于最小交易额，订单被阻断。
2023-11-06,601336.sh,新华保险,defensive_dividend,BUY_1,BUY_1,0.04,0.0,29.51,19.334789915966386,stock_pb_q_blended,22.49235880398671,industry_pb_q_blended,False,,TOTAL_EXPOSURE_LIMIT,买入请求因仓位上限、资金约束或执行约束被阻断。
2023-11-07,000333.sz,美的集团,defensive_dividend,BUY_1,BUY_1,0.04,0.0,46.15,20.532890906974036,stock_pe_ttm_q_blended,32.42857142857143,industry_pe_ttm_q_blended,False,,MIN_TRADE_AMOUNT,目标成交额低于最小交易额，订单被阻断。
2023-11-07,601336.sh,新华保险,defensive_dividend,BUY_1,BUY_1,0.04,0.0,28.79,17.139900551001208,stock_pb_q_blended,22.18708906156605,industry_pb_q_blended,False,,TOTAL_EXPOSURE_LIMIT,买入请求因仓位上限、资金约束或执行约束被阻断。
2023-11-08,000333.sz,美的集团,defensive_dividend,BUY_1,BUY_1,0.04,0.0,45.9,19.776427873202067,stock_pe_ttm_q_blended,32.37282009578025,industry_pe_ttm_q_blended,False,,MIN_TRADE_AMOUNT,目标成交额低于最小交易额，订单被阻断。
2023-11-09,000333.sz,美的集团,defensive_dividend,BUY_1,BUY_1,0.04,0.0,45.5,19.442738502337914,stock_pe_ttm_q_blended,31.575357312199415,industry_pe_ttm_q_blended,False,,MIN_TRADE_AMOUNT,目标成交额低于最小交易额，订单被阻断。
2023-11-21,601018.sh,宁波港,cyclical_rotation,BUY_1,BUY_1,0.03,0.0,3.28,6.064370412196499,stock_pb_q_blended,20.126793151318832,industry_pb_q_blended,False,,TOTAL_EXPOSURE_LIMIT,买入请求因仓位上限、资金约束或执行约束被阻断。
2023-11-22,601018.sh,宁波港,cyclical_rotation,BUY_1,BUY_1,0.03,0.0,3.3,7.4109347442680775,stock_pb_q_blended,19.407250781903883,industry_pb_q_blended,False,,TOTAL_EXPOSURE_LIMIT,买入请求因仓位上限、资金约束或执行约束被阻断。
2023-11-23,601018.sh,宁波港,cyclical_rotation,BUY_1,BUY_1,0.03,0.0,3.34,9.565458562497062,stock_pb_q_blended,20.91169671752196,industry_pb_q_blended,False,,TOTAL_EXPOSURE_LIMIT,买入请求因仓位上限、资金约束或执行约束被阻断。
2023-11-24,601018.sh,宁波港,cyclical_rotation,BUY_1,BUY_1,0.03,0.0,3.34,9.631428101581037,stock_pb_q_blended,20.19223659889094,industry_pb_q_blended,False,,TOTAL_EXPOSURE_LIMIT,买入请求因仓位上限、资金约束或执行约束被阻断。
2023-11-27,601018.sh,宁波港,cyclical_rotation,BUY_1,BUY_1,0.03,0.0,3.36,10.572837418991266,stock_pb_q_blended,20.961178928846362,industry_pb_q_blended,False,,TOTAL_EXPOSURE_LIMIT,买入请求因仓位上限、资金约束或执行约束被阻断。
2023-11-28,000333.sz,美的集团,defensive_dividend,BUY_1,BUY_1,0.04,0.0,45.58,20.16504854368932,stock_pe_ttm_q_blended,31.5177056685068,industry_pe_ttm_q_blended,False,,MIN_TRADE_AMOUNT,目标成交额低于最小交易额，订单被阻断。
2023-11-29,000333.sz,美的集团,defensive_dividend,BUY_1,BUY_1,0.04,0.0,45.06,19.18146530810286,stock_pe_ttm_q_blended,29.64986654105825,industry_pe_ttm_q_blended,False,,MIN_TRADE_AMOUNT,目标成交额低于最小交易额，订单被阻断。
2023-11-30,000333.sz,美的集团,defensive_dividend,BUY_1,BUY_1,0.04,0.0,44.72,18.714932335688882,stock_pe_ttm_q_blended,28.66532149582997,industry_pe_ttm_q_blended,False,,MIN_TRADE_AMOUNT,目标成交额低于最小交易额，订单被阻断。
2023-12-27,000333.sz,美的集团,defensive_dividend,BUY_1,BUY_1,0.04,0.0,46.65,24.188096382233816,stock_pe_ttm_q_blended,23.29124725018332,industry_pe_ttm_q_blended,False,,MIN_TRADE_AMOUNT,目标成交额低于最小交易额，订单被阻断。
2023-12-28,000333.sz,美的集团,defensive_dividend,BUY_1,BUY_1,0.04,0.0,47.1,25.824344723480174,stock_pe_ttm_q_blended,25.128109452736318,industry_pe_ttm_q_blended,False,,MIN_TRADE_AMOUNT,目标成交额低于最小交易额，订单被阻断。
2023-12-29,000333.sz,美的集团,defensive_dividend,BUY_1,BUY_1,0.04,0.0,47.68,27.63130100816131,stock_pe_ttm_q_blended,26.802863802863804,industry_pe_ttm_q_blended,False,,MIN_TRADE_AMOUNT,目标成交额低于最小交易额，订单被阻断。
2024-01-02,000333.sz,美的集团,defensive_dividend,BUY_1,BUY_1,0.04,0.0,47.61,27.375742619504614,stock_pe_ttm_q_blended,25.38765366351573,industry_pe_ttm_q_blended,False,,MIN_TRADE_AMOUNT,目标成交额低于最小交易额，订单被阻断。
2024-01-03,000333.sz,美的集团,defensive_dividend,BUY_1,BUY_1,0.04,0.0,47.5,27.12024665981501,stock_pe_ttm_q_blended,24.397320735466987,industry_pe_ttm_q_blended,False,,MIN_TRADE_AMOUNT,目标成交额低于最小交易额，订单被阻断。
2024-01-04,000333.sz,美的集团,defensive_dividend,BUY_1,BUY_1,0.04,0.0,48.3,30.300415468200704,stock_pe_ttm_q_blended,25.108805533386537,industry_pe_ttm_q_blended,False,,MIN_TRADE_AMOUNT,目标成交额低于最小交易额，订单被阻断。
2024-01-05,000333.sz,美的集团,defensive_dividend,BUY_1,BUY_1,0.04,0.0,48.65,31.695598603600516,stock_pe_ttm_q_blended,27.357685745307897,industry_pe_ttm_q_blended,False,,MIN_TRADE_AMOUNT,目标成交额低于最小交易额，订单被阻断。
2024-01-08,000333.sz,美的集团,defensive_dividend,BUY_1,BUY_1,0.04,0.0,48.05,29.13026819923372,stock_pe_ttm_q_blended,24.99977851605759,industry_pe_ttm_q_blended,False,,MIN_TRADE_AMOUNT,目标成交额低于最小交易额，订单被阻断。
2024-01-09,000333.sz,美的集团,defensive_dividend,BUY_1,BUY_1,0.04,0.0,48.22,29.866807996535137,stock_pe_ttm_q_blended,26.41834362754865,industry_pe_ttm_q_blended,False,,MIN_TRADE_AMOUNT,目标成交额低于最小交易额，订单被阻断。
2024-01-10,600018.sh,上港集团,cyclical_rotation,BUY_2,BUY_2,0.06,0.039,4.78,7.507914793824506,stock_pb_q_blended,14.385636221701795,industry_pb_q_blended,False,,MIN_TRADE_AMOUNT,目标成交额低于最小交易额，订单被阻断。
2024-01-10,000333.sz,美的集团,defensive_dividend,BUY_1,BUY_1,0.04,0.0,48.27,30.211893369788108,stock_pe_ttm_q_blended,26.61798548415649,industry_pe_ttm_q_blended,False,,MIN_TRADE_AMOUNT,目标成交额低于最小交易额，订单被阻断。
2024-01-11,600018.sh,上港集团,cyclical_rotation,BUY_2,BUY_2,0.06,0.039,4.8,7.967921170291271,stock_pb_q_blended,15.396189609207362,industry_pb_q_blended,False,,MIN_TRADE_AMOUNT,目标成交额低于最小交易额，订单被阻断。
2024-01-11,000333.sz,美的集团,defensive_dividend,BUY_1,BUY_1,0.04,0.0,48.05,29.031017284962765,stock_pe_ttm_q_blended,27.1194789109327,industry_pe_ttm_q_blended,False,,MIN_TRADE_AMOUNT,目标成交额低于最小交易额，订单被阻断。
2024-01-12,600018.sh,上港集团,cyclical_rotation,BUY_2,BUY_2,0.06,0.039,4.87,10.929818852370106,stock_pb_q_blended,16.574461631786473,industry_pb_q_blended,False,,MIN_TRADE_AMOUNT,目标成交额低于最小交易额，订单被阻断。
2024-01-12,000333.sz,美的集团,defensive_dividend,BUY_1,BUY_1,0.04,0.0,48.05,29.042429208777204,stock_pe_ttm_q_blended,26.924127868417564,industry_pe_ttm_q_blended,False,,MIN_TRADE_AMOUNT,目标成交额低于最小交易额，订单被阻断。
2024-01-15,600018.sh,上港集团,cyclical_rotation,BUY_2,BUY_2,0.06,0.039,4.92,13.627634660421545,stock_pb_q_blended,19.87910089001494,industry_pb_q_blended,False,,MIN_TRADE_AMOUNT,目标成交额低于最小交易额，订单被阻断。
2024-01-15,000333.sz,美的集团,defensive_dividend,BUY_1,BUY_1,0.04,0.0,48.93,32.86749482401657,stock_pe_ttm_q_blended,28.794166390454095,industry_pe_ttm_q_blended,False,,MIN_TRADE_AMOUNT,目标成交额低于最小交易额，订单被阻断。
2024-01-16,600018.sh,上港集团,cyclical_rotation,BUY_2,BUY_2,0.06,0.039,4.94,14.613303855907406,stock_pb_q_blended,21.487445887445887,industry_pb_q_blended,False,,MIN_TRADE_AMOUNT,目标成交额低于最小交易额，订单被阻断。
2024-01-17,600018.sh,上港集团,cyclical_rotation,BUY_2,BUY_2,0.06,0.039,4.89,12.439490445859873,stock_pb_q_blended,16.42446074295234,industry_pb_q_blended,False,,MIN_TRADE_AMOUNT,目标成交额低于最小交易额，订单被阻断。
2024-01-18,600018.sh,上港集团,cyclical_rotation,BUY_2,BUY_2,0.06,0.039,4.86,10.266224907425453,stock_pb_q_blended,15.925262748151031,industry_pb_q_blended,False,,MIN_TRADE_AMOUNT,目标成交额低于最小交易额，订单被阻断。
2024-01-19,600018.sh,上港集团,cyclical_rotation,BUY_2,BUY_2,0.06,0.039,4.87,11.054545454545455,stock_pb_q_blended,14.947625532282817,industry_pb_q_blended,False,,MIN_TRADE_AMOUNT,目标成交额低于最小交易额，订单被阻断。
2024-01-22,600018.sh,上港集团,cyclical_rotation,BUY_2,BUY_2,0.06,0.039,4.73,6.9740161398498515,stock_pb_q_blended,10.337049520352604,industry_pb_q_blended,False,,MIN_TRADE_AMOUNT,目标成交额低于最小交易额，订单被阻断。
2024-01-22,000333.sz,美的集团,defensive_dividend,BUY_1,BUY_1,0.04,0.0,48.39,30.253892596123293,stock_pe_ttm_q_blended,19.756613756613756,industry_pe_ttm_q_blended,False,,MIN_TRADE_AMOUNT,目标成交额低于最小交易额，订单被阻断。
2024-01-23,600018.sh,上港集团,cyclical_rotation,BUY_2,BUY_2,0.06,0.039,4.79,7.762553522771507,stock_pb_q_blended,10.736961451247165,industry_pb_q_blended,False,,MIN_TRADE_AMOUNT,目标成交额低于最小交易额，订单被阻断。
2024-01-24,600018.sh,上港集团,cyclical_rotation,BUY_2,BUY_2,0.06,0.039,4.96,16.11514601301256,stock_pb_q_blended,14.929801839140008,industry_pb_q_blended,False,,MIN_TRADE_AMOUNT,目标成交额低于最小交易额，订单被阻断。
2024-01-25,600018.sh,上港集团,cyclical_rotation,BUY_2,BUY_2,0.06,0.039,5.06,22.032235761818338,stock_pb_q_blended,21.442617645155025,industry_pb_q_blended,False,,MIN_TRADE_AMOUNT,目标成交额低于最小交易额，订单被阻断。
2024-01-26,600018.sh,上港集团,cyclical_rotation,BUY_2,BUY_2,0.06,0.039,5.12,24.72562358276644,stock_pb_q_blended,24.490165631469985,industry_pb_q_blended,False,,MIN_TRADE_AMOUNT,目标成交额低于最小交易额，订单被阻断。
2024-01-29,600018.sh,上港集团,cyclical_rotation,BUY_2,BUY_2,0.06,0.039,5.11,24.52527738203169,stock_pb_q_blended,22.87755717950376,industry_pb_q_blended,False,,MIN_TRADE_AMOUNT,目标成交额低于最小交易额，订单被阻断。
2024-01-30,600018.sh,上港集团,cyclical_rotation,BUY_2,BUY_2,0.06,0.039,5.1,23.93052409001661,stock_pb_q_blended,15.657401422107304,industry_pb_q_blended,False,,MIN_TRADE_AMOUNT,目标成交额低于最小交易额，订单被阻断。
2024-01-31,600018.sh,上港集团,cyclical_rotation,BUY_2,BUY_2,0.06,0.039,5.1,23.993271221532094,stock_pb_q_blended,13.92188408606319,industry_pb_q_blended,False,,MIN_TRADE_AMOUNT,目标成交额低于最小交易额，订单被阻断。
2024-02-01,600018.sh,上港集团,cyclical_rotation,BUY_2,BUY_2,0.06,0.039,5.09,23.53019034684947,stock_pb_q_blended,12.293550331525015,industry_pb_q_blended,False,,MIN_TRADE_AMOUNT,目标成交额低于最小交易额，订单被阻断。
2024-02-02,600018.sh,上港集团,cyclical_rotation,BUY_2,BUY_2,0.06,0.039,5.1,24.118724412842063,stock_pb_q_blended,10.905579583844382,industry_pb_q_blended,False,,MIN_TRADE_AMOUNT,目标成交额低于最小交易额，订单被阻断。
2024-02-05,600018.sh,上港集团,cyclical_rotation,BUY_2,BUY_2,0.06,0.039,5.04,20.69877883310719,stock_pb_q_blended,9.953155245838172,industry_pb_q_blended,False,,MIN_TRADE_AMOUNT,目标成交额低于最小交易额，订单被阻断。
2024-02-07,600018.sh,上港集团,cyclical_rotation,BUY_2,BUY_2,0.06,0.039,4.98,17.606007789469153,stock_pb_q_blended,15.620594808320439,industry_pb_q_blended,False,,MIN_TRADE_AMOUNT,目标成交额低于最小交易额，订单被阻断。
2024-02-08,600018.sh,上港集团,cyclical_rotation,BUY_2,BUY_2,0.06,0.039,4.88,11.6920893018454,stock_pb_q_blended,17.684837940588956,industry_pb_q_blended,False,,MIN_TRADE_AMOUNT,目标成交额低于最小交易额，订单被阻断。
2024-02-19,600018.sh,上港集团,cyclical_rotation,BUY_2,BUY_2,0.06,0.039,5.01,19.70332150919058,stock_pb_q_blended,22.57945811327236,industry_pb_q_blended,False,,MIN_TRADE_AMOUNT,目标成交额低于最小交易额，订单被阻断。
2024-02-21,600018.sh,上港集团,cyclical_rotation,BUY_2,BUY_2,0.06,0.039,5.09,23.835105354726462,stock_pb_q_blended,25.79150579150579,industry_pb_q_blended,False,,MIN_TRADE_AMOUNT,目标成交额低于最小交易额，订单被阻断。
2024-02-26,600018.sh,上港集团,cyclical_rotation,BUY_2,BUY_2,0.06,0.039,4.93,14.374517374517373,stock_pb_q_blended,24.097165991902834,industry_pb_q_blended,False,,MIN_TRADE_AMOUNT,目标成交额低于最小交易额，订单被阻断。
2024-02-27,600018.sh,上港集团,cyclical_rotation,BUY_2,BUY_2,0.06,0.039,5.04,21.001264981454085,stock_pb_q_blended,25.436279547790342,industry_pb_q_blended,False,,MIN_TRADE_AMOUNT,目标成交额低于最小交易额，订单被阻断。
2024-02-28,600018.sh,上港集团,cyclical_rotation,BUY_2,BUY_2,0.06,0.039,4.99,18.30821653593931,stock_pb_q_blended,21.351845906902085,industry_pb_q_blended,False,,MIN_TRADE_AMOUNT,目标成交额低于最小交易额，订单被阻断。
2024-02-29,600018.sh,上港集团,cyclical_rotation,BUY_2,BUY_2,0.06,0.039,5.01,19.88066319645267,stock_pb_q_blended,24.897574123989223,industry_pb_q_blended,False,,MIN_TRADE_AMOUNT,目标成交额低于最小交易额，订单被阻断。
2024-03-01,600018.sh,上港集团,cyclical_rotation,BUY_2,BUY_2,0.06,0.039,4.98,17.778862624186367,stock_pb_q_blended,22.251801483952356,industry_pb_q_blended,False,,MIN_TRADE_AMOUNT,目标成交额低于最小交易额，订单被阻断。
2024-03-04,600018.sh,上港集团,cyclical_rotation,BUY_2,BUY_2,0.06,0.039,4.94,15.087212413055108,stock_pb_q_blended,22.797212960588183,industry_pb_q_blended,False,,MIN_TRADE_AMOUNT,目标成交额低于最小交易额，订单被阻断。
2024-03-05,600018.sh,上港集团,cyclical_rotation,BUY_2,BUY_2,0.06,0.039,4.99,18.495956873315365,stock_pb_q_blended,23.240979298852782,industry_pb_q_blended,False,,MIN_TRADE_AMOUNT,目标成交额低于最小交易额，订单被阻断。
2024-03-06,600018.sh,上港集团,cyclical_rotation,BUY_2,BUY_2,0.06,0.039,4.96,16.329527230739625,stock_pb_q_blended,22.1644245142003,industry_pb_q_blended,False,,MIN_TRADE_AMOUNT,目标成交额低于最小交易额，订单被阻断。
2024-03-07,600018.sh,上港集团,cyclical_rotation,BUY_2,BUY_2,0.06,0.039,4.96,16.39309224587501,stock_pb_q_blended,21.654607158865335,industry_pb_q_blended,False,,MIN_TRADE_AMOUNT,目标成交额低于最小交易额，订单被阻断。
2024-04-29,600018.sh,上港集团,cyclical_rotation,BUY_2,BUY_2,0.06,0.039,5.18,24.550806977673968,stock_pb_q_blended,29.206699449417894,industry_pb_q_blended,False,,MIN_TRADE_AMOUNT,目标成交额低于最小交易额，订单被阻断。
2024-04-30,600018.sh,上港集团,cyclical_rotation,BUY_2,BUY_2,0.06,0.039,5.19,15.60356722194178,stock_pb_q_blended,25.10624487995463,industry_pb_q_blended,False,,MIN_TRADE_AMOUNT,目标成交额低于最小交易额，订单被阻断。
2024-07-02,002032.sz,苏 泊 尔,defensive_dividend,BUY_2,BUY_2,0.08,0.039542,46.1,27.4572611653357,stock_pe_ttm_q_blended,27.41039878849066,industry_pe_ttm_q_blended,False,,MIN_TRADE_AMOUNT,目标成交额低于最小交易额，订单被阻断。
2024-07-03,002032.sz,苏 泊 尔,defensive_dividend,BUY_2,BUY_2,0.08,0.039542,45.33,25.33058811107591,stock_pe_ttm_q_blended,24.444023967202778,industry_pe_ttm_q_blended,False,,MIN_TRADE_AMOUNT,目标成交额低于最小交易额，订单被阻断。
2024-07-04,002032.sz,苏 泊 尔,defensive_dividend,BUY_2,BUY_2,0.08,0.039542,44.76,23.929078014184398,stock_pe_ttm_q_blended,25.605009876854538,industry_pe_ttm_q_blended,False,,MIN_TRADE_AMOUNT,目标成交额低于最小交易额，订单被阻断。
2024-07-05,002032.sz,苏 泊 尔,defensive_dividend,BUY_2,BUY_2,0.08,0.039542,45.04,24.652319767073866,stock_pe_ttm_q_blended,23.95569979204739,industry_pe_ttm_q_blended,False,,MIN_TRADE_AMOUNT,目标成交额低于最小交易额，订单被阻断。
2024-07-08,002032.sz,苏 泊 尔,defensive_dividend,BUY_2,BUY_2,0.08,0.039542,44.51,23.583660213421062,stock_pe_ttm_q_blended,21.513227513227513,industry_pe_ttm_q_blended,False,,MIN_TRADE_AMOUNT,目标成交额低于最小交易额，订单被阻断。
2024-07-09,002032.sz,苏 泊 尔,defensive_dividend,BUY_2,BUY_2,0.08,0.039542,44.46,23.428761145892622,stock_pe_ttm_q_blended,23.15377027849483,industry_pe_ttm_q_blended,False,,MIN_TRADE_AMOUNT,目标成交额低于最小交易额，订单被阻断。
2024-07-17,600309.sh,万华化学,cyclical_rotation,BUY_1,BUY_1,0.03,0.0,81.06,25.265270506108205,stock_pb_q_blended,44.25035421671903,industry_pb_q_blended,False,,LOT_SIZE_ZERO,目标变动低于整手约束，无法下达可执行订单。
2024-07-18,600309.sh,万华化学,cyclical_rotation,BUY_1,BUY_1,0.03,0.0,80.53,24.60282848420659,stock_pb_q_blended,44.321839080459775,industry_pb_q_blended,False,,LOT_SIZE_ZERO,目标变动低于整手约束，无法下达可执行订单。
2024-07-19,600309.sh,万华化学,cyclical_rotation,BUY_1,BUY_1,0.03,0.0,81.29,25.728608793124923,stock_pb_q_blended,44.39330337908537,industry_pb_q_blended,False,,LOT_SIZE_ZERO,目标变动低于整手约束，无法下达可执行订单。
2024-07-22,600309.sh,万华化学,cyclical_rotation,BUY_1,BUY_1,0.03,0.0,80.38,24.068471833177718,stock_pb_q_blended,44.07567368032484,industry_pb_q_blended,False,,LOT_SIZE_ZERO,目标变动低于整手约束，无法下达可执行订单。
2024-07-24,600989.sh,宝丰能源,cyclical_rotation,BUY_1,BUY_1,0.03,0.0,15.2,34.68677494199536,stock_pb_q_blended,43.42857142857142,industry_pb_q_blended,False,,MIN_TRADE_AMOUNT,目标成交额低于最小交易额，订单被阻断。
2024-08-19,000807.sz,云铝股份,cyclical_rotation,BUY_1,BUY_1,0.03,0.0,11.13,29.182536245334,stock_pb_q_blended,27.893497621080883,industry_pb_q_blended,False,,TOTAL_EXPOSURE_LIMIT,买入请求因仓位上限、资金约束或执行约束被阻断。
2024-08-26,000807.sz,云铝股份,cyclical_rotation,BUY_1,BUY_1,0.03,0.0,10.96,27.88533563814463,stock_pb_q_blended,25.901028668817336,industry_pb_q_blended,False,,TOTAL_EXPOSURE_LIMIT,买入请求因仓位上限、资金约束或执行约束被阻断。
2024-08-27,000807.sz,云铝股份,cyclical_rotation,BUY_1,BUY_1,0.03,0.0,11.28,28.585518872775893,stock_pb_q_blended,23.973310618966494,industry_pb_q_blended,False,,TOTAL_EXPOSURE_LIMIT,买入请求因仓位上限、资金约束或执行约束被阻断。
2024-08-28,000807.sz,云铝股份,cyclical_rotation,BUY_1,BUY_1,0.03,0.0,11.17,27.71551936836911,stock_pb_q_blended,23.067019400352734,industry_pb_q_blended,False,,TOTAL_EXPOSURE_LIMIT,买入请求因仓位上限、资金约束或执行约束被阻断。
2024-08-29,600233.sh,圆通速递,cyclical_rotation,BUY_2,BUY_2,0.06,0.028287,15.11,21.28305116986875,stock_pb_q_blended,21.588449848024318,industry_pb_q_blended,False,,MIN_TRADE_AMOUNT,目标成交额低于最小交易额，订单被阻断。
2024-08-29,000807.sz,云铝股份,cyclical_rotation,BUY_1,BUY_1,0.03,0.0,11.18,27.72795281254496,stock_pb_q_blended,24.195947315096248,industry_pb_q_blended,False,,CASH_INSUFFICIENT,买入请求因仓位上限、资金约束或执行约束被阻断。
2024-08-30,600233.sh,圆通速递,cyclical_rotation,BUY_2,BUY_2,0.06,0.028287,14.9,19.05116829340432,stock_pb_q_blended,22.802900488140814,industry_pb_q_blended,False,,MIN_TRADE_AMOUNT,目标成交额低于最小交易额，订单被阻断。
2024-08-30,000807.sz,云铝股份,cyclical_rotation,BUY_1,BUY_1,0.03,0.0,11.35,28.968199186490814,stock_pb_q_blended,24.878714224949867,industry_pb_q_blended,False,,CASH_INSUFFICIENT,买入请求因仓位上限、资金约束或执行约束被阻断。
2024-09-02,300628.sz,亿联网络,defensive_dividend,BUY_2,BUY_2,0.08,0.031296,29.26,9.213483146067416,stock_pe_ttm_q_blended,26.067921742340342,industry_pe_ttm_q_blended,False,,CASH_INSUFFICIENT,买入请求因仓位上限、资金约束或执行约束被阻断。
2024-09-02,600233.sh,圆通速递,cyclical_rotation,BUY_2,BUY_2,0.06,0.028287,15.36,23.532995459824726,stock_pb_q_blended,23.70748299319728,industry_pb_q_blended,False,,MIN_TRADE_AMOUNT,目标成交额低于最小交易额，订单被阻断。
2024-09-02,000807.sz,云铝股份,cyclical_rotation,BUY_1,BUY_1,0.03,0.0,11.16,27.458818456231132,stock_pb_q_blended,22.18027210884354,industry_pb_q_blended,False,,CASH_INSUFFICIENT,买入请求因仓位上限、资金约束或执行约束被阻断。
2024-09-02,600036.sh,招商银行,defensive_dividend,BUY_1,BUY_1,0.04,0.0,28.92,20.705601882849436,stock_pb_q_blended,79.81972789115646,industry_pb_q_blended,False,,CASH_INSUFFICIENT,买入请求因仓位上限、资金约束或执行约束被阻断。
2024-09-02,600690.sh,海尔智家,defensive_dividend,BUY_1,BUY_1,0.04,0.0,23.2,35.63294097467893,stock_pe_ttm_q_blended,20.133696459519683,industry_pe_ttm_q_blended,False,,CASH_INSUFFICIENT,买入请求因仓位上限、资金约束或执行约束被阻断。
2024-09-02,600803.sh,新奥股份,defensive_dividend,BUY_1,BUY_1,0.04,0.0,16.67,21.975027213933537,stock_pe_ttm_q_blended,45.728579596504126,industry_pe_ttm_q_blended,False,,CASH_INSUFFICIENT,买入请求因仓位上限、资金约束或执行约束被阻断。
2024-09-02,601838.sh,成都银行,defensive_dividend,BUY_1,BUY_1,0.04,0.0,13.03,35.39325842696629,stock_pb_q_blended,79.81972789115646,industry_pb_q_blended,False,,CASH_INSUFFICIENT,买入请求因仓位上限、资金约束或执行约束被阻断。
2024-09-03,300628.sz,亿联网络,defensive_dividend,BUY_2,BUY_2,0.08,0.031296,29.93,12.121212121212121,stock_pe_ttm_q_blended,26.972674907242276,industry_pe_ttm_q_blended,False,,CASH_INSUFFICIENT,买入请求因仓位上限、资金约束或执行约束被阻断。
2024-09-03,000807.sz,云铝股份,cyclical_rotation,BUY_1,BUY_1,0.03,0.0,11.35,28.992610837438423,stock_pb_q_blended,22.468662092971485,industry_pb_q_blended,False,,CASH_INSUFFICIENT,买入请求因仓位上限、资金约束或执行约束被阻断。
2024-09-03,600036.sh,招商银行,defensive_dividend,BUY_1,BUY_1,0.04,0.0,28.61,18.868986776993594,stock_pb_q_blended,74.3214943435938,industry_pb_q_blended,False,,CASH_INSUFFICIENT,买入请求因仓位上限、资金约束或执行约束被阻断。
2024-09-03,600690.sh,海尔智家,defensive_dividend,BUY_1,BUY_1,0.04,0.0,23.96,39.13467060991813,stock_pe_ttm_q_blended,25.98977087586875,industry_pe_ttm_q_blended,False,,CASH_INSUFFICIENT,买入请求因仓位上限、资金约束或执行约束被阻断。
2024-09-03,600803.sh,新奥股份,defensive_dividend,BUY_1,BUY_1,0.04,0.0,16.57,21.65591397849462,stock_pe_ttm_q_blended,44.09629947135305,industry_pe_ttm_q_blended,False,,CASH_INSUFFICIENT,买入请求因仓位上限、资金约束或执行约束被阻断。
2024-09-03,601838.sh,成都银行,defensive_dividend,BUY_1,BUY_1,0.04,0.0,12.79,29.405162738496067,stock_pb_q_blended,74.3214943435938,industry_pb_q_blended,False,,CASH_INSUFFICIENT,买入请求因仓位上限、资金约束或执行约束被阻断。
2024-09-04,000807.sz,云铝股份,cyclical_rotation,BUY_1,BUY_1,0.03,0.0,11.16,27.418846556287313,stock_pb_q_blended,20.638629283489095,industry_pb_q_blended,False,,TOTAL_EXPOSURE_LIMIT,买入请求因仓位上限、资金约束或执行约束被阻断。
2024-09-04,600036.sh,招商银行,defensive_dividend,BUY_1,BUY_1,0.04,0.0,28.35,17.471811713191023,stock_pb_q_blended,73.73843913096249,industry_pb_q_blended,False,,TOTAL_EXPOSURE_LIMIT,买入请求因仓位上限、资金约束或执行约束被阻断。
2024-09-04,600690.sh,海尔智家,defensive_dividend,BUY_1,BUY_1,0.04,0.0,24.09,39.93650793650794,stock_pe_ttm_q_blended,25.14718614718615,industry_pe_ttm_q_blended,False,,TOTAL_EXPOSURE_LIMIT,买入请求因仓位上限、资金约束或执行约束被阻断。
2024-09-04,600803.sh,新奥股份,defensive_dividend,BUY_1,BUY_1,0.04,0.0,16.92,22.487236901030005,stock_pe_ttm_q_blended,43.769372016158655,industry_pe_ttm_q_blended,False,,TOTAL_EXPOSURE_LIMIT,买入请求因仓位上限、资金约束或执行约束被阻断。
2024-09-04,600926.sh,杭州银行,defensive_dividend,BUY_1,BUY_1,0.04,0.0,11.4,16.704035874439462,stock_pb_q_blended,73.73843913096249,industry_pb_q_blended,False,,TOTAL_EXPOSURE_LIMIT,买入请求因仓位上限、资金约束或执行约束被阻断。
2024-09-04,601838.sh,成都银行,defensive_dividend,BUY_1,BUY_1,0.04,0.0,12.6,26.00896860986547,stock_pb_q_blended,73.73843913096249,industry_pb_q_blended,False,,TOTAL_EXPOSURE_LIMIT,买入请求因仓位上限、资金约束或执行约束被阻断。
2024-09-05,000333.sz,美的集团,defensive_dividend,BUY_1,BUY_1,0.04,0.0,59.62,43.46674712570666,stock_pe_ttm_q_blended,23.01932785230059,industry_pe_ttm_q_blended,False,,TOTAL_EXPOSURE_LIMIT,买入请求因仓位上限、资金约束或执行约束被阻断。
2024-09-05,000807.sz,云铝股份,cyclical_rotation,BUY_1,BUY_1,0.03,0.0,11.06,26.208317952504,stock_pb_q_blended,20.58720048528966,industry_pb_q_blended,False,,TOTAL_EXPOSURE_LIMIT,买入请求因仓位上限、资金约束或执行约束被阻断。
2024-09-05,600036.sh,招商银行,defensive_dividend,BUY_1,BUY_1,0.04,0.0,28.19,16.609118541033435,stock_pb_q_blended,72.70003033060358,industry_pb_q_blended,False,,TOTAL_EXPOSURE_LIMIT,买入请求因仓位上限、资金约束或执行约束被阻断。
2024-09-05,600690.sh,海尔智家,defensive_dividend,BUY_1,BUY_1,0.04,0.0,24.03,39.31808838643371,stock_pe_ttm_q_blended,23.01932785230059,industry_pe_ttm_q_blended,False,,TOTAL_EXPOSURE_LIMIT,买入请求因仓位上限、资金约束或执行约束被阻断。
2024-09-05,600803.sh,新奥股份,defensive_dividend,BUY_1,BUY_1,0.04,0.0,17.13,22.7818561623396,stock_pe_ttm_q_blended,43.63107984092995,industry_pe_ttm_q_blended,False,,TOTAL_EXPOSURE_LIMIT,买入请求因仓位上限、资金约束或执行约束被阻断。
2024-09-05,600926.sh,杭州银行,defensive_dividend,BUY_1,BUY_1,0.04,0.0,11.3,16.12541993281075,stock_pb_q_blended,72.70003033060358,industry_pb_q_blended,False,,TOTAL_EXPOSURE_LIMIT,买入请求因仓位上限、资金约束或执行约束被阻断。
2024-09-05,601838.sh,成都银行,defensive_dividend,BUY_1,BUY_1,0.04,0.0,12.51,24.300111982082868,stock_pb_q_blended,72.70003033060358,industry_pb_q_blended,False,,TOTAL_EXPOSURE_LIMIT,买入请求因仓位上限、资金约束或执行约束被阻断。
2024-09-06,600233.sh,圆通速递,cyclical_rotation,BUY_2,BUY_2,0.06,0.028287,15.43,24.36577499525707,stock_pb_q_blended,22.312555582504647,industry_pb_q_blended,False,,MIN_TRADE_AMOUNT,目标成交额低于最小交易额，订单被阻断。
2024-09-06,000333.sz,美的集团,defensive_dividend,BUY_1,BUY_1,0.04,0.0,59.05,41.78666666666667,stock_pe_ttm_q_blended,19.74954687757456,industry_pe_ttm_q_blended,False,,CASH_INSUFFICIENT,买入请求因仓位上限、资金约束或执行约束被阻断。
2024-09-06,000807.sz,云铝股份,cyclical_rotation,BUY_1,BUY_1,0.03,0.0,10.87,25.223049012975835,stock_pb_q_blended,19.998706443528178,industry_pb_q_blended,False,,CASH_INSUFFICIENT,买入请求因仓位上限、资金约束或执行约束被阻断。
2024-09-06,600036.sh,招商银行,defensive_dividend,BUY_1,BUY_1,0.04,0.0,28.24,16.991675274958986,stock_pb_q_blended,73.0317729808392,industry_pb_q_blended,False,,CASH_INSUFFICIENT,买入请求因仓位上限、资金约束或执行约束被阻断。
2024-09-06,600346.sh,恒力石化,defensive_dividend,BUY_1,BUY_1,0.04,0.0,12.17,11.630026393417172,stock_pb_q_blended,81.72185430463577,industry_pb_q_blended,False,,CASH_INSUFFICIENT,买入请求因仓位上限、资金约束或执行约束被阻断。
2024-09-06,600690.sh,海尔智家,defensive_dividend,BUY_1,BUY_1,0.04,0.0,23.83,38.270304975922954,stock_pe_ttm_q_blended,19.74954687757456,industry_pe_ttm_q_blended,False,,CASH_INSUFFICIENT,买入请求因仓位上限、资金约束或执行约束被阻断。
2024-09-06,600803.sh,新奥股份,defensive_dividend,BUY_1,BUY_1,0.04,0.0,16.87,22.08756791307127,stock_pe_ttm_q_blended,42.74853228962817,industry_pe_ttm_q_blended,False,,CASH_INSUFFICIENT,买入请求因仓位上限、资金约束或执行约束被阻断。
2024-09-06,600926.sh,杭州银行,defensive_dividend,BUY_1,BUY_1,0.04,0.0,11.3,16.21923937360179,stock_pb_q_blended,73.0317729808392,industry_pb_q_blended,False,,CASH_INSUFFICIENT,买入请求因仓位上限、资金约束或执行约束被阻断。
2024-09-06,601838.sh,成都银行,defensive_dividend,BUY_1,BUY_1,0.04,0.0,12.58,25.95078299776286,stock_pb_q_blended,73.0317729808392,industry_pb_q_blended,False,,CASH_INSUFFICIENT,买入请求因仓位上限、资金约束或执行约束被阻断。
2024-09-09,600233.sh,圆通速递,cyclical_rotation,BUY_2,BUY_2,0.06,0.028287,15.4,24.03497682258744,stock_pb_q_blended,18.21686162797745,industry_pb_q_blended,False,,MIN_TRADE_AMOUNT,目标成交额低于最小交易额，订单被阻断。
2024-09-09,000333.sz,美的集团,defensive_dividend,BUY_1,BUY_1,0.04,0.0,57.12,36.32224831291913,stock_pe_ttm_q_blended,15.321042554505588,industry_pe_ttm_q_blended,False,,CASH_INSUFFICIENT,买入请求因仓位上限、资金约束或执行约束被阻断。
2024-09-09,000807.sz,云铝股份,cyclical_rotation,BUY_1,BUY_1,0.03,0.0,10.68,23.65863453815261,stock_pb_q_blended,18.720669939592298,industry_pb_q_blended,False,,CASH_INSUFFICIENT,买入请求因仓位上限、资金约束或执行约束被阻断。
2024-09-09,600036.sh,招商银行,defensive_dividend,BUY_1,BUY_1,0.04,0.0,27.23,14.76530612244898,stock_pb_q_blended,70.66201992039922,industry_pb_q_blended,False,,CASH_INSUFFICIENT,买入请求因仓位上限、资金约束或执行约束被阻断。
2024-09-09,600346.sh,恒力石化,defensive_dividend,BUY_1,BUY_1,0.04,0.0,11.95,10.599095504123436,stock_pb_q_blended,79.23280423280423,industry_pb_q_blended,False,,CASH_INSUFFICIENT,买入请求因仓位上限、资金约束或执行约束被阻断。
2024-09-09,600690.sh,海尔智家,defensive_dividend,BUY_1,BUY_1,0.04,0.0,23.1,35.09164420485175,stock_pe_ttm_q_blended,15.321042554505588,industry_pe_ttm_q_blended,False,,CASH_INSUFFICIENT,买入请求因仓位上限、资金约束或执行约束被阻断。
2024-09-09,600803.sh,新奥股份,defensive_dividend,BUY_1,BUY_1,0.04,0.0,16.38,20.85126501405571,stock_pe_ttm_q_blended,42.11565499113638,industry_pe_ttm_q_blended,False,,CASH_INSUFFICIENT,买入请求因仓位上限、资金约束或执行约束被阻断。
2024-09-09,600926.sh,杭州银行,defensive_dividend,BUY_1,BUY_1,0.04,0.0,11.04,14.30167597765363,stock_pb_q_blended,70.66201992039922,industry_pb_q_blended,False,,CASH_INSUFFICIENT,买入请求因仓位上限、资金约束或执行约束被阻断。
2024-09-09,601838.sh,成都银行,defensive_dividend,BUY_1,BUY_1,0.04,0.0,12.29,19.66480446927374,stock_pb_q_blended,70.66201992039922,industry_pb_q_blended,False,,CASH_INSUFFICIENT,买入请求因仓位上限、资金约束或执行约束被阻断。
2024-09-10,600233.sh,圆通速递,cyclical_rotation,BUY_2,BUY_2,0.06,0.028287,15.19,21.988500663423263,stock_pb_q_blended,16.10359869138495,industry_pb_q_blended,False,,MIN_TRADE_AMOUNT,目标成交额低于最小交易额，订单被阻断。
2024-09-10,000333.sz,美的集团,defensive_dividend,BUY_1,BUY_1,0.04,0.0,56.78,34.982660915165354,stock_pe_ttm_q_blended,15.315512203152654,industry_pe_ttm_q_blended,False,,CASH_INSUFFICIENT,买入请求因仓位上限、资金约束或执行约束被阻断。
2024-09-10,600036.sh,招商银行,defensive_dividend,BUY_1,BUY_1,0.04,0.0,27.18,14.695707607309819,stock_pb_q_blended,73.61008118260027,industry_pb_q_blended,False,,CASH_INSUFFICIENT,买入请求因仓位上限、资金约束或执行约束被阻断。
2024-09-10,600346.sh,恒力石化,defensive_dividend,BUY_1,BUY_1,0.04,0.0,11.8,9.407166123778502,stock_pb_q_blended,80.18494055482167,industry_pb_q_blended,False,,CASH_INSUFFICIENT,买入请求因仓位上限、资金约束或执行约束被阻断。
2024-09-10,600690.sh,海尔智家,defensive_dividend,BUY_1,BUY_1,0.04,0.0,23.06,34.312656360254024,stock_pe_ttm_q_blended,15.315512203152654,industry_pe_ttm_q_blended,False,,CASH_INSUFFICIENT,买入请求因仓位上限、资金约束或执行约束被阻断。
2024-09-10,600803.sh,新奥股份,defensive_dividend,BUY_1,BUY_1,0.04,0.0,16.7,21.950103242012045,stock_pe_ttm_q_blended,41.63330481893357,industry_pe_ttm_q_blended,False,,CASH_INSUFFICIENT,买入请求因仓位上限、资金约束或执行约束被阻断。
2024-09-10,600926.sh,杭州银行,defensive_dividend,BUY_1,BUY_1,0.04,0.0,11.03,14.174107142857142,stock_pb_q_blended,73.61008118260027,industry_pb_q_blended,False,,CASH_INSUFFICIENT,买入请求因仓位上限、资金约束或执行约束被阻断。
2024-09-10,601838.sh,成都银行,defensive_dividend,BUY_1,BUY_1,0.04,0.0,12.26,19.084821428571427,stock_pb_q_blended,73.61008118260027,industry_pb_q_blended,False,,CASH_INSUFFICIENT,买入请求因仓位上限、资金约束或执行约束被阻断。
2024-09-11,600233.sh,圆通速递,cyclical_rotation,BUY_2,BUY_2,0.06,0.028287,15.13,21.462170013894152,stock_pb_q_blended,12.669492722905186,industry_pb_q_blended,False,,MIN_TRADE_AMOUNT,目标成交额低于最小交易额，订单被阻断。
2024-09-11,000333.sz,美的集团,defensive_dividend,BUY_1,BUY_1,0.04,0.0,57.69,37.64732737302644,stock_pe_ttm_q_blended,17.922760464877097,industry_pe_ttm_q_blended,False,,CASH_INSUFFICIENT,买入请求因仓位上限、资金约束或执行约束被阻断。
2024-09-11,600036.sh,招商银行,defensive_dividend,BUY_1,BUY_1,0.04,0.0,27.07,14.25209370069183,stock_pb_q_blended,68.59827610569451,industry_pb_q_blended,False,,CASH_INSUFFICIENT,买入请求因仓位上限、资金约束或执行约束被阻断。
2024-09-11,600346.sh,恒力石化,defensive_dividend,BUY_1,BUY_1,0.04,0.0,11.73,9.148837209302327,stock_pb_q_blended,77.17678100263852,industry_pb_q_blended,False,,CASH_INSUFFICIENT,买入请求因仓位上限、资金约束或执行约束被阻断。
2024-09-11,600690.sh,海尔智家,defensive_dividend,BUY_1,BUY_1,0.04,0.0,23.88,37.97879798238865,stock_pe_ttm_q_blended,17.922760464877097,industry_pe_ttm_q_blended,False,,CASH_INSUFFICIENT,买入请求因仓位上限、资金约束或执行约束被阻断。
2024-09-11,600803.sh,新奥股份,defensive_dividend,BUY_1,BUY_1,0.04,0.0,16.35,20.732158815268733,stock_pe_ttm_q_blended,37.665669089354424,industry_pe_ttm_q_blended,False,,CASH_INSUFFICIENT,买入请求因仓位上限、资金约束或执行约束被阻断。
2024-09-11,600926.sh,杭州银行,defensive_dividend,BUY_1,BUY_1,0.04,0.0,10.81,12.37458193979933,stock_pb_q_blended,68.59827610569451,industry_pb_q_blended,False,,CASH_INSUFFICIENT,买入请求因仓位上限、资金约束或执行约束被阻断。
2024-09-11,601838.sh,成都银行,defensive_dividend,BUY_1,BUY_1,0.04,0.0,11.99,16.722408026755854,stock_pb_q_blended,68.59827610569451,industry_pb_q_blended,False,,CASH_INSUFFICIENT,买入请求因仓位上限、资金约束或执行约束被阻断。
2024-09-12,600233.sh,圆通速递,cyclical_rotation,BUY_2,BUY_2,0.06,0.028287,14.71,17.708036108831514,stock_pb_q_blended,13.333333333333334,industry_pb_q_blended,False,,MIN_TRADE_AMOUNT,目标成交额低于最小交易额，订单被阻断。
2024-09-12,000333.sz,美的集团,defensive_dividend,BUY_1,BUY_1,0.04,0.0,58.4,40.12156166814552,stock_pe_ttm_q_blended,17.198865038243277,industry_pe_ttm_q_blended,False,,CASH_INSUFFICIENT,买入请求因仓位上限、资金约束或执行约束被阻断。
2024-09-12,600036.sh,招商银行,defensive_dividend,BUY_1,BUY_1,0.04,0.0,27.22,14.879587503791324,stock_pb_q_blended,69.2090395480226,industry_pb_q_blended,False,,CASH_INSUFFICIENT,买入请求因仓位上限、资金约束或执行约束被阻断。
2024-09-12,600346.sh,恒力石化,defensive_dividend,BUY_1,BUY_1,0.04,0.0,11.86,9.81311018131102,stock_pb_q_blended,77.99736495388669,industry_pb_q_blended,False,,CASH_INSUFFICIENT,买入请求因仓位上限、资金约束或执行约束被阻断。
2024-09-12,600690.sh,海尔智家,defensive_dividend,BUY_1,BUY_1,0.04,0.0,23.68,36.913862718707946,stock_pe_ttm_q_blended,17.198865038243277,industry_pe_ttm_q_blended,False,,CASH_INSUFFICIENT,买入请求因仓位上限、资金约束或执行约束被阻断。
2024-09-12,600803.sh,新奥股份,defensive_dividend,BUY_1,BUY_1,0.04,0.0,16.51,21.312618303239116,stock_pe_ttm_q_blended,38.101343101343105,industry_pe_ttm_q_blended,False,,CASH_INSUFFICIENT,买入请求因仓位上限、资金约束或执行约束被阻断。
2024-09-12,600926.sh,杭州银行,defensive_dividend,BUY_1,BUY_1,0.04,0.0,10.87,12.806236080178174,stock_pb_q_blended,69.2090395480226,industry_pb_q_blended,False,,CASH_INSUFFICIENT,买入请求因仓位上限、资金约束或执行约束被阻断。
2024-09-12,601838.sh,成都银行,defensive_dividend,BUY_1,BUY_1,0.04,0.0,12.36,20.824053452115812,stock_pb_q_blended,69.2090395480226,industry_pb_q_blended,False,,CASH_INSUFFICIENT,买入请求因仓位上限、资金约束或执行约束被阻断。
2024-09-13,600233.sh,圆通速递,cyclical_rotation,BUY_2,BUY_2,0.06,0.028287,14.73,17.835268382971563,stock_pb_q_blended,12.519392509227327,industry_pb_q_blended,False,,MIN_TRADE_AMOUNT,目标成交额低于最小交易额，订单被阻断。
2024-09-13,000333.sz,美的集团,defensive_dividend,BUY_1,BUY_1,0.04,0.0,59.54,43.801393728223,stock_pe_ttm_q_blended,18.399654725938714,industry_pe_ttm_q_blended,False,,CASH_INSUFFICIENT,买入请求因仓位上限、资金约束或执行约束被阻断。
2024-09-13,600036.sh,招商银行,defensive_dividend,BUY_1,BUY_1,0.04,0.0,27.59,15.506912442396315,stock_pb_q_blended,68.85526713862166,industry_pb_q_blended,False,,CASH_INSUFFICIENT,买入请求因仓位上限、资金约束或执行约束被阻断。
2024-09-13,600346.sh,恒力石化,defensive_dividend,BUY_1,BUY_1,0.04,0.0,11.93,10.317932377411932,stock_pb_q_blended,79.86842105263158,industry_pb_q_blended,False,,CASH_INSUFFICIENT,买入请求因仓位上限、资金约束或执行约束被阻断。
2024-09-13,600690.sh,海尔智家,defensive_dividend,BUY_1,BUY_1,0.04,0.0,24.06,38.85372624386078,stock_pe_ttm_q_blended,18.399654725938714,industry_pe_ttm_q_blended,False,,CASH_INSUFFICIENT,买入请求因仓位上限、资金约束或执行约束被阻断。
2024-09-13,600803.sh,新奥股份,defensive_dividend,BUY_1,BUY_1,0.04,0.0,16.57,21.51190476190476,stock_pe_ttm_q_blended,38.29147088138972,industry_pe_ttm_q_blended,False,,CASH_INSUFFICIENT,买入请求因仓位上限、资金约束或执行约束被阻断。
2024-09-13,600926.sh,杭州银行,defensive_dividend,BUY_1,BUY_1,0.04,0.0,10.85,12.680756395995552,stock_pb_q_blended,68.85526713862166,industry_pb_q_blended,False,,CASH_INSUFFICIENT,买入请求因仓位上限、资金约束或执行约束被阻断。
2024-09-13,601838.sh,成都银行,defensive_dividend,BUY_1,BUY_1,0.04,0.0,12.17,18.5761957730812,stock_pb_q_blended,68.85526713862166,industry_pb_q_blended,False,,CASH_INSUFFICIENT,买入请求因仓位上限、资金约束或执行约束被阻断。
2024-09-18,600233.sh,圆通速递,cyclical_rotation,BUY_2,BUY_2,0.06,0.028287,15.07,20.97603279722485,stock_pb_q_blended,13.896334825208662,industry_pb_q_blended,False,,MIN_TRADE_AMOUNT,目标成交额低于最小交易额，订单被阻断。
2024-09-18,600036.sh,招商银行,defensive_dividend,BUY_1,BUY_1,0.04,0.0,28.1,16.555548821140675,stock_pb_q_blended,71.53683319221,industry_pb_q_blended,False,,CASH_INSUFFICIENT,买入请求因仓位上限、资金约束或执行约束被阻断。
2024-09-18,600346.sh,恒力石化,defensive_dividend,BUY_1,BUY_1,0.04,0.0,11.73,9.203680357419326,stock_pb_q_blended,81.47174770039422,industry_pb_q_blended,False,,CASH_INSUFFICIENT,买入请求因仓位上限、资金约束或执行约束被阻断。
2024-09-18,600803.sh,新奥股份,defensive_dividend,BUY_1,BUY_1,0.04,0.0,16.82,22.091986995601452,stock_pe_ttm_q_blended,38.494977837420194,industry_pe_ttm_q_blended,False,,CASH_INSUFFICIENT,买入请求因仓位上限、资金约束或执行约束被阻断。
2024-09-18,600926.sh,杭州银行,defensive_dividend,BUY_1,BUY_1,0.04,0.0,11.0,14.333333333333334,stock_pb_q_blended,71.53683319221,industry_pb_q_blended,False,,CASH_INSUFFICIENT,买入请求因仓位上限、资金约束或执行约束被阻断。
2024-09-18,601838.sh,成都银行,defensive_dividend,BUY_1,BUY_1,0.04,0.0,12.33,20.333333333333332,stock_pb_q_blended,71.53683319221,industry_pb_q_blended,False,,CASH_INSUFFICIENT,买入请求因仓位上限、资金约束或执行约束被阻断。
2024-09-19,600233.sh,圆通速递,cyclical_rotation,BUY_2,BUY_2,0.06,0.028287,15.09,21.168074643802797,stock_pb_q_blended,14.298349555649597,industry_pb_q_blended,False,,MIN_TRADE_AMOUNT,目标成交额低于最小交易额，订单被阻断。
2024-09-19,600036.sh,招商银行,defensive_dividend,BUY_1,BUY_1,0.04,0.0,27.81,16.193505391978675,stock_pb_q_blended,70.78917034439675,industry_pb_q_blended,False,,CASH_INSUFFICIENT,买入请求因仓位上限、资金约束或执行约束被阻断。
2024-09-19,600346.sh,恒力石化,defensive_dividend,BUY_1,BUY_1,0.04,0.0,12.1,11.620771985674493,stock_pb_q_blended,81.75853018372703,industry_pb_q_blended,False,,CASH_INSUFFICIENT,买入请求因仓位上限、资金约束或执行约束被阻断。
2024-09-19,600803.sh,新奥股份,defensive_dividend,BUY_1,BUY_1,0.04,0.0,16.7,21.957818274499807,stock_pe_ttm_q_blended,39.40375586854461,industry_pe_ttm_q_blended,False,,CASH_INSUFFICIENT,买入请求因仓位上限、资金约束或执行约束被阻断。
2024-09-19,600926.sh,杭州银行,defensive_dividend,BUY_1,BUY_1,0.04,0.0,11.0,14.428412874583795,stock_pb_q_blended,70.78917034439675,industry_pb_q_blended,False,,CASH_INSUFFICIENT,买入请求因仓位上限、资金约束或执行约束被阻断。
2024-09-19,601838.sh,成都银行,defensive_dividend,BUY_1,BUY_1,0.04,0.0,12.33,20.42175360710322,stock_pb_q_blended,70.78917034439675,industry_pb_q_blended,False,,CASH_INSUFFICIENT,买入请求因仓位上限、资金约束或执行约束被阻断。
2024-09-20,600233.sh,圆通速递,cyclical_rotation,BUY_2,BUY_2,0.06,0.028287,15.24,22.961686306635578,stock_pb_q_blended,15.939086294416242,industry_pb_q_blended,False,,MIN_TRADE_AMOUNT,目标成交额低于最小交易额，订单被阻断。
2024-09-20,002352.sz,顺丰控股,cyclical_rotation,BUY_1,BUY_1,0.03,0.0,35.27,14.815445349124104,stock_pb_q_blended,15.939086294416242,industry_pb_q_blended,False,,MIN_TRADE_AMOUNT,目标成交额低于最小交易额，订单被阻断。
2024-09-20,600036.sh,招商银行,defensive_dividend,BUY_1,BUY_1,0.04,0.0,27.93,16.463614525929067,stock_pb_q_blended,72.31520425429053,industry_pb_q_blended,False,,CASH_INSUFFICIENT,买入请求因仓位上限、资金约束或执行约束被阻断。
2024-09-20,600346.sh,恒力石化,defensive_dividend,BUY_1,BUY_1,0.04,0.0,12.0,11.240415423710086,stock_pb_q_blended,81.7824377457405,industry_pb_q_blended,False,,CASH_INSUFFICIENT,买入请求因仓位上限、资金约束或执行约束被阻断。
2024-09-20,600803.sh,新奥股份,defensive_dividend,BUY_1,BUY_1,0.04,0.0,16.69,21.841517525423008,stock_pe_ttm_q_blended,38.75897935966196,industry_pe_ttm_q_blended,False,,CASH_INSUFFICIENT,买入请求因仓位上限、资金约束或执行约束被阻断。
2024-09-20,600926.sh,杭州银行,defensive_dividend,BUY_1,BUY_1,0.04,0.0,11.1,15.521064301552107,stock_pb_q_blended,72.31520425429053,industry_pb_q_blended,False,,CASH_INSUFFICIENT,买入请求因仓位上限、资金约束或执行约束被阻断。
2024-09-20,601838.sh,成都银行,defensive_dividend,BUY_1,BUY_1,0.04,0.0,12.51,24.944567627494457,stock_pb_q_blended,72.31520425429053,industry_pb_q_blended,False,,CASH_INSUFFICIENT,买入请求因仓位上限、资金约束或执行约束被阻断。
2024-09-23,600233.sh,圆通速递,cyclical_rotation,BUY_2,BUY_2,0.06,0.028287,15.07,21.029982363315696,stock_pb_q_blended,16.860062418201952,industry_pb_q_blended,False,,MIN_TRADE_AMOUNT,目标成交额低于最小交易额，订单被阻断。
2024-09-23,002352.sz,顺丰控股,cyclical_rotation,BUY_1,BUY_1,0.03,0.0,35.27,14.87699611566681,stock_pb_q_blended,16.860062418201952,industry_pb_q_blended,False,,MIN_TRADE_AMOUNT,目标成交额低于最小交易额，订单被阻断。
2024-09-23,600036.sh,招商银行,defensive_dividend,BUY_1,BUY_1,0.04,0.0,28.38,18.20500403551251,stock_pb_q_blended,75.21584616933453,industry_pb_q_blended,False,,CASH_INSUFFICIENT,买入请求因仓位上限、资金约束或执行约束被阻断。
2024-09-23,600346.sh,恒力石化,defensive_dividend,BUY_1,BUY_1,0.04,0.0,11.92,10.198515769944342,stock_pb_q_blended,82.06806282722513,industry_pb_q_blended,False,,CASH_INSUFFICIENT,买入请求因仓位上限、资金约束或执行约束被阻断。
2024-09-23,600803.sh,新奥股份,defensive_dividend,BUY_1,BUY_1,0.04,0.0,16.81,22.07028265851795,stock_pe_ttm_q_blended,40.457711442786064,industry_pe_ttm_q_blended,False,,CASH_INSUFFICIENT,买入请求因仓位上限、资金约束或执行约束被阻断。
2024-09-23,600926.sh,杭州银行,defensive_dividend,BUY_1,BUY_1,0.04,0.0,11.32,17.05426356589147,stock_pb_q_blended,75.21584616933453,industry_pb_q_blended,False,,CASH_INSUFFICIENT,买入请求因仓位上限、资金约束或执行约束被阻断。
2024-09-23,601838.sh,成都银行,defensive_dividend,BUY_1,BUY_1,0.04,0.0,12.89,31.450719822812843,stock_pb_q_blended,75.21584616933453,industry_pb_q_blended,False,,CASH_INSUFFICIENT,买入请求因仓位上限、资金约束或执行约束被阻断。
2024-09-24,002352.sz,顺丰控股,cyclical_rotation,BUY_1,BUY_1,0.03,0.0,35.96,16.33542873577386,stock_pb_q_blended,26.49366018596788,industry_pb_q_blended,False,,MIN_TRADE_AMOUNT,目标成交额低于最小交易额，订单被阻断。
2024-09-30,601018.sh,宁波港,defensive_dividend,REDUCE,SELL_HALF,0.04,0.059445,3.7,68.53789618741388,stock_pe_ttm_q_blended,76.80873454354118,industry_pe_ttm_q_blended,False,,MIN_TRADE_AMOUNT,目标成交额低于最小交易额，订单被阻断。
2024-10-08,601018.sh,宁波港,defensive_dividend,REDUCE,SELL_HALF,0.04,0.059445,3.83,76.23507805325987,stock_pe_ttm_q_blended,77.49799732977303,industry_pe_ttm_q_blended,False,,MIN_TRADE_AMOUNT,目标成交额低于最小交易额，订单被阻断。
2024-10-10,601018.sh,宁波港,defensive_dividend,REDUCE,SELL_HALF,0.04,0.059445,3.59,58.478811708169516,stock_pe_ttm_q_blended,73.67014309968471,industry_pe_ttm_q_blended,False,,MIN_TRADE_AMOUNT,目标成交额低于最小交易额，订单被阻断。
2024-10-14,601018.sh,宁波港,defensive_dividend,REDUCE,SELL_HALF,0.04,0.059445,3.58,58.06712932652438,stock_pe_ttm_q_blended,73.71440688234581,industry_pe_ttm_q_blended,False,,MIN_TRADE_AMOUNT,目标成交额低于最小交易额，订单被阻断。
2024-10-16,601018.sh,宁波港,defensive_dividend,REDUCE,SELL_HALF,0.04,0.059445,3.52,55.062271062271066,stock_pe_ttm_q_blended,71.76190476190476,industry_pe_ttm_q_blended,False,,MIN_TRADE_AMOUNT,目标成交额低于最小交易额，订单被阻断。
2024-10-23,601018.sh,宁波港,defensive_dividend,REDUCE,SELL_HALF,0.04,0.059445,3.53,55.775326850703735,stock_pe_ttm_q_blended,73.6297191180912,industry_pe_ttm_q_blended,False,,MIN_TRADE_AMOUNT,目标成交额低于最小交易额，订单被阻断。
2024-10-25,601018.sh,宁波港,defensive_dividend,REDUCE,SELL_HALF,0.04,0.059445,3.52,55.21497033318119,stock_pe_ttm_q_blended,72.52036936447583,industry_pe_ttm_q_blended,False,,MIN_TRADE_AMOUNT,目标成交额低于最小交易额，订单被阻断。
2024-10-28,601018.sh,宁波港,defensive_dividend,REDUCE,SELL_HALF,0.04,0.059445,3.61,60.271289537712896,stock_pe_ttm_q_blended,73.95881595881596,industry_pe_ttm_q_blended,False,,MIN_TRADE_AMOUNT,目标成交额低于最小交易额，订单被阻断。
2024-10-29,601018.sh,宁波港,defensive_dividend,REDUCE,SELL_HALF,0.04,0.059445,3.53,55.75226369617614,stock_pe_ttm_q_blended,72.06287563569117,industry_pe_ttm_q_blended,False,,MIN_TRADE_AMOUNT,目标成交额低于最小交易额，订单被阻断。
2024-10-31,601018.sh,宁波港,defensive_dividend,REDUCE,SELL_HALF,0.04,0.059445,3.58,56.37325089489099,stock_pe_ttm_q_blended,67.34229077544134,industry_pe_ttm_q_blended,False,,MIN_TRADE_AMOUNT,目标成交额低于最小交易额，订单被阻断。
2024-11-01,601018.sh,宁波港,defensive_dividend,REDUCE,SELL_HALF,0.04,0.059445,3.6,57.4847775175644,stock_pe_ttm_q_blended,69.76463502770417,industry_pe_ttm_q_blended,False,,MIN_TRADE_AMOUNT,目标成交额低于最小交易额，订单被阻断。
2024-11-04,601018.sh,宁波港,defensive_dividend,REDUCE,SELL_HALF,0.04,0.059445,3.62,58.81871383054815,stock_pe_ttm_q_blended,71.69827222924567,industry_pe_ttm_q_blended,False,,MIN_TRADE_AMOUNT,目标成交额低于最小交易额，订单被阻断。
2024-11-05,601018.sh,宁波港,defensive_dividend,REDUCE,SELL_HALF,0.04,0.059445,3.67,62.12678192296026,stock_pe_ttm_q_blended,73.64307778713845,industry_pe_ttm_q_blended,False,,MIN_TRADE_AMOUNT,目标成交额低于最小交易额，订单被阻断。
2024-11-06,601018.sh,宁波港,defensive_dividend,REDUCE,SELL_HALF,0.04,0.059445,3.66,61.394465016565974,stock_pe_ttm_q_blended,73.29383458646616,industry_pe_ttm_q_blended,False,,MIN_TRADE_AMOUNT,目标成交额低于最小交易额，订单被阻断。
2024-11-07,601018.sh,宁波港,defensive_dividend,REDUCE,SELL_HALF,0.04,0.059445,3.73,68.32727272727273,stock_pe_ttm_q_blended,75.78162578162578,industry_pe_ttm_q_blended,False,,MIN_TRADE_AMOUNT,目标成交额低于最小交易额，订单被阻断。
2024-11-08,601018.sh,宁波港,defensive_dividend,REDUCE,SELL_HALF,0.04,0.059445,3.68,63.14296531879448,stock_pe_ttm_q_blended,74.9862571869303,industry_pe_ttm_q_blended,False,,MIN_TRADE_AMOUNT,目标成交额低于最小交易额，订单被阻断。
2024-11-11,601018.sh,宁波港,defensive_dividend,REDUCE,SELL_HALF,0.04,0.059445,3.68,63.20020760347737,stock_pe_ttm_q_blended,74.17725980215468,industry_pe_ttm_q_blended,False,,MIN_TRADE_AMOUNT,目标成交额低于最小交易额，订单被阻断。
2024-11-12,601018.sh,宁波港,defensive_dividend,REDUCE,SELL_HALF,0.04,0.059445,3.64,60.0388647515293,stock_pe_ttm_q_blended,72.73542304689846,industry_pe_ttm_q_blended,False,,MIN_TRADE_AMOUNT,目标成交额低于最小交易额，订单被阻断。
2024-11-13,601018.sh,宁波港,defensive_dividend,REDUCE,SELL_HALF,0.04,0.059445,3.65,60.64082620343964,stock_pe_ttm_q_blended,73.49019607843137,industry_pe_ttm_q_blended,False,,MIN_TRADE_AMOUNT,目标成交额低于最小交易额，订单被阻断。
2024-11-14,601018.sh,宁波港,defensive_dividend,REDUCE,SELL_HALF,0.04,0.059445,3.64,60.04081632653062,stock_pe_ttm_q_blended,70.88114237715246,industry_pe_ttm_q_blended,False,,MIN_TRADE_AMOUNT,目标成交额低于最小交易额，订单被阻断。
2024-11-15,601018.sh,宁波港,defensive_dividend,REDUCE,SELL_HALF,0.04,0.059445,3.65,60.66075206147736,stock_pe_ttm_q_blended,71.52392947103274,industry_pe_ttm_q_blended,False,,MIN_TRADE_AMOUNT,目标成交额低于最小交易额，订单被阻断。
2024-11-18,601018.sh,宁波港,defensive_dividend,REDUCE,SELL_HALF,0.04,0.059445,3.72,67.57587330355794,stock_pe_ttm_q_blended,73.36478628379592,industry_pe_ttm_q_blended,False,,MIN_TRADE_AMOUNT,目标成交额低于最小交易额，订单被阻断。
2024-11-19,601018.sh,宁波港,defensive_dividend,REDUCE,SELL_HALF,0.04,0.059445,3.71,66.777950310559,stock_pe_ttm_q_blended,72.80600830936402,industry_pe_ttm_q_blended,False,,MIN_TRADE_AMOUNT,目标成交额低于最小交易额，订单被阻断。
2024-11-20,601018.sh,宁波港,defensive_dividend,REDUCE,SELL_HALF,0.04,0.059445,3.76,71.38524219103667,stock_pe_ttm_q_blended,73.60497154836777,industry_pe_ttm_q_blended,False,,MIN_TRADE_AMOUNT,目标成交额低于最小交易额，订单被阻断。
2024-11-21,601018.sh,宁波港,defensive_dividend,REDUCE,SELL_HALF,0.04,0.059445,3.69,64.31027795733678,stock_pe_ttm_q_blended,72.67409092723426,industry_pe_ttm_q_blended,False,,MIN_TRADE_AMOUNT,目标成交额低于最小交易额，订单被阻断。
2024-11-22,601018.sh,宁波港,defensive_dividend,REDUCE,SELL_HALF,0.04,0.059445,3.58,55.9840408347871,stock_pe_ttm_q_blended,68.27943024717219,industry_pe_ttm_q_blended,False,,MIN_TRADE_AMOUNT,目标成交额低于最小交易额，订单被阻断。
2024-11-25,601018.sh,宁波港,defensive_dividend,REDUCE,SELL_HALF,0.04,0.059445,3.61,57.60759493670886,stock_pe_ttm_q_blended,68.07705192629817,industry_pe_ttm_q_blended,False,,MIN_TRADE_AMOUNT,目标成交额低于最小交易额，订单被阻断。
2024-11-26,601018.sh,宁波港,defensive_dividend,REDUCE,SELL_HALF,0.04,0.059445,3.63,59.06978245432832,stock_pe_ttm_q_blended,68.31112838605515,industry_pe_ttm_q_blended,False,,MIN_TRADE_AMOUNT,目标成交额低于最小交易额，订单被阻断。
2024-11-27,601018.sh,宁波港,defensive_dividend,REDUCE,SELL_HALF,0.04,0.059445,3.69,64.34791586011099,stock_pe_ttm_q_blended,70.5427375971309,industry_pe_ttm_q_blended,False,,MIN_TRADE_AMOUNT,目标成交额低于最小交易额，订单被阻断。
2024-11-28,601018.sh,宁波港,defensive_dividend,REDUCE,SELL_HALF,0.04,0.059445,3.66,61.26389336773084,stock_pe_ttm_q_blended,70.48557089084065,industry_pe_ttm_q_blended,False,,MIN_TRADE_AMOUNT,目标成交额低于最小交易额，订单被阻断。
2024-11-29,601018.sh,宁波港,defensive_dividend,REDUCE,SELL_HALF,0.04,0.059445,3.68,63.10091112257177,stock_pe_ttm_q_blended,71.07692307692308,industry_pe_ttm_q_blended,False,,MIN_TRADE_AMOUNT,目标成交额低于最小交易额，订单被阻断。
2024-12-02,601018.sh,宁波港,defensive_dividend,REDUCE,SELL_HALF,0.04,0.059445,3.74,69.87505638249888,stock_pe_ttm_q_blended,73.86806757805505,industry_pe_ttm_q_blended,False,,MIN_TRADE_AMOUNT,目标成交额低于最小交易额，订单被阻断。
2024-12-03,601018.sh,宁波港,defensive_dividend,REDUCE,SELL_HALF,0.04,0.059445,3.75,70.75013955086092,stock_pe_ttm_q_blended,74.9498746867168,industry_pe_ttm_q_blended,False,,MIN_TRADE_AMOUNT,目标成交额低于最小交易额，订单被阻断。
2024-12-04,601018.sh,宁波港,defensive_dividend,REDUCE,SELL_HALF,0.04,0.059445,3.73,68.39402133092986,stock_pe_ttm_q_blended,74.22457500745601,industry_pe_ttm_q_blended,False,,MIN_TRADE_AMOUNT,目标成交额低于最小交易额，订单被阻断。
2024-12-05,601018.sh,宁波港,defensive_dividend,REDUCE,SELL_HALF,0.04,0.059445,3.73,68.40283140283141,stock_pe_ttm_q_blended,74.05238890213849,industry_pe_ttm_q_blended,False,,MIN_TRADE_AMOUNT,目标成交额低于最小交易额，订单被阻断。
2024-12-06,601018.sh,宁波港,defensive_dividend,REDUCE,SELL_HALF,0.04,0.059445,3.76,71.48581719945972,stock_pe_ttm_q_blended,75.42404195720842,industry_pe_ttm_q_blended,False,,MIN_TRADE_AMOUNT,目标成交额低于最小交易额，订单被阻断。
2024-12-09,601018.sh,宁波港,defensive_dividend,REDUCE,SELL_HALF,0.04,0.059445,3.79,73.7972654408298,stock_pe_ttm_q_blended,75.95198379602049,industry_pe_ttm_q_blended,False,,MIN_TRADE_AMOUNT,目标成交额低于最小交易额，订单被阻断。
2024-12-10,601018.sh,宁波港,defensive_dividend,REDUCE,SELL_HALF,0.04,0.059445,3.75,70.66114002956108,stock_pe_ttm_q_blended,75.4056452093134,industry_pe_ttm_q_blended,False,,MIN_TRADE_AMOUNT,目标成交额低于最小交易额，订单被阻断。
2024-12-11,601018.sh,宁波港,defensive_dividend,REDUCE,SELL_HALF,0.04,0.059445,3.76,71.44518670777663,stock_pe_ttm_q_blended,75.98095238095237,industry_pe_ttm_q_blended,False,,MIN_TRADE_AMOUNT,目标成交额低于最小交易额，订单被阻断。
2024-12-12,601018.sh,宁波港,defensive_dividend,REDUCE,SELL_HALF,0.04,0.059445,3.79,73.82129481005886,stock_pe_ttm_q_blended,76.46550048590865,industry_pe_ttm_q_blended,False,,MIN_TRADE_AMOUNT,目标成交额低于最小交易额，订单被阻断。
2024-12-13,601018.sh,宁波港,defensive_dividend,REDUCE,SELL_HALF,0.04,0.059445,3.74,69.55884995507637,stock_pe_ttm_q_blended,74.76035843146585,industry_pe_ttm_q_blended,False,,MIN_TRADE_AMOUNT,目标成交额低于最小交易额，订单被阻断。
2024-12-16,601018.sh,宁波港,defensive_dividend,REDUCE,SELL_HALF,0.04,0.059445,3.8,74.23076100669276,stock_pe_ttm_q_blended,75.61143808334819,industry_pe_ttm_q_blended,False,,MIN_TRADE_AMOUNT,目标成交额低于最小交易额，订单被阻断。
2024-12-17,601018.sh,宁波港,defensive_dividend,REDUCE,SELL_HALF,0.04,0.059445,3.74,69.51047277079593,stock_pe_ttm_q_blended,74.41850883448222,industry_pe_ttm_q_blended,False,,MIN_TRADE_AMOUNT,目标成交额低于最小交易额，订单被阻断。
2024-12-18,601018.sh,宁波港,defensive_dividend,REDUCE,SELL_HALF,0.04,0.059445,3.73,67.95725181054925,stock_pe_ttm_q_blended,74.57004257004257,industry_pe_ttm_q_blended,False,,MIN_TRADE_AMOUNT,目标成交额低于最小交易额，订单被阻断。
2024-12-19,601018.sh,宁波港,defensive_dividend,REDUCE,SELL_HALF,0.04,0.059445,3.69,63.64488575699338,stock_pe_ttm_q_blended,73.97708110675691,industry_pe_ttm_q_blended,False,,MIN_TRADE_AMOUNT,目标成交额低于最小交易额，订单被阻断。
2024-12-20,601018.sh,宁波港,defensive_dividend,REDUCE,SELL_HALF,0.04,0.059445,3.66,60.43621267422254,stock_pe_ttm_q_blended,72.70649098858489,industry_pe_ttm_q_blended,False,,MIN_TRADE_AMOUNT,目标成交额低于最小交易额，订单被阻断。
2024-12-23,601018.sh,宁波港,defensive_dividend,REDUCE,SELL_HALF,0.04,0.059445,3.68,62.334869431643625,stock_pe_ttm_q_blended,73.19601328903654,industry_pe_ttm_q_blended,False,,MIN_TRADE_AMOUNT,目标成交额低于最小交易额，订单被阻断。
2024-12-24,601018.sh,宁波港,defensive_dividend,REDUCE,SELL_HALF,0.04,0.059445,3.69,63.67293625914316,stock_pe_ttm_q_blended,75.17790428749333,industry_pe_ttm_q_blended,False,,MIN_TRADE_AMOUNT,目标成交额低于最小交易额，订单被阻断。
2024-12-25,601018.sh,宁波港,defensive_dividend,REDUCE,SELL_HALF,0.04,0.059445,3.69,63.68226968495546,stock_pe_ttm_q_blended,75.11993677138906,industry_pe_ttm_q_blended,False,,MIN_TRADE_AMOUNT,目标成交额低于最小交易额，订单被阻断。
2024-12-26,601018.sh,宁波港,defensive_dividend,REDUCE,SELL_HALF,0.04,0.059445,3.62,57.2409715564078,stock_pe_ttm_q_blended,74.01157393691611,industry_pe_ttm_q_blended,False,,MIN_TRADE_AMOUNT,目标成交额低于最小交易额，订单被阻断。
2024-12-27,601018.sh,宁波港,defensive_dividend,REDUCE,SELL_HALF,0.04,0.059445,3.71,66.11287162449952,stock_pe_ttm_q_blended,75.92584695569771,industry_pe_ttm_q_blended,False,,MIN_TRADE_AMOUNT,目标成交额低于最小交易额，订单被阻断。
2024-12-30,601018.sh,宁波港,defensive_dividend,REDUCE,SELL_HALF,0.04,0.059445,3.72,66.92575089937628,stock_pe_ttm_q_blended,77.75085351173207,industry_pe_ttm_q_blended,False,,MIN_TRADE_AMOUNT,目标成交额低于最小交易额，订单被阻断。
2024-12-31,601018.sh,宁波港,defensive_dividend,REDUCE,SELL_HALF,0.04,0.059445,3.71,66.06536448359505,stock_pe_ttm_q_blended,77.21793506134847,industry_pe_ttm_q_blended,False,,MIN_TRADE_AMOUNT,目标成交额低于最小交易额，订单被阻断。
2025-03-18,601018.sh,宁波港,defensive_dividend,REDUCE,SELL_HALF,0.04,0.059445,3.65,59.60592425946757,stock_pe_ttm_q_blended,72.65165757610924,industry_pe_ttm_q_blended,False,,MIN_TRADE_AMOUNT,目标成交额低于最小交易额，订单被阻断。
2025-03-25,601018.sh,宁波港,defensive_dividend,REDUCE,SELL_HALF,0.04,0.059445,3.61,56.637401010164,stock_pe_ttm_q_blended,61.63943096492753,industry_pe_ttm_q_blended,False,,MIN_TRADE_AMOUNT,目标成交额低于最小交易额，订单被阻断。
2025-03-26,601018.sh,宁波港,defensive_dividend,REDUCE,SELL_HALF,0.04,0.059445,3.62,57.545499875342806,stock_pe_ttm_q_blended,61.88840009261403,industry_pe_ttm_q_blended,False,,MIN_TRADE_AMOUNT,目标成交额低于最小交易额，订单被阻断。
2025-03-27,601018.sh,宁波港,defensive_dividend,REDUCE,SELL_HALF,0.04,0.059445,3.63,58.22326750150562,stock_pe_ttm_q_blended,61.286466469941566,industry_pe_ttm_q_blended,False,,MIN_TRADE_AMOUNT,目标成交额低于最小交易额，订单被阻断。
2025-04-01,600585.sh,海螺水泥,cyclical_rotation,BUY_1,BUY_1,0.03,0.0,23.25,25.858348160477526,stock_pb_q_blended,14.129522278979895,industry_pb_q_blended,False,,MIN_TRADE_AMOUNT,目标成交额低于最小交易额，订单被阻断。
2025-04-02,600585.sh,海螺水泥,cyclical_rotation,BUY_1,BUY_1,0.03,0.0,23.12,24.929432013769365,stock_pb_q_blended,13.649454962707976,industry_pb_q_blended,False,,MIN_TRADE_AMOUNT,目标成交额低于最小交易额，订单被阻断。
2025-04-03,600585.sh,海螺水泥,cyclical_rotation,BUY_1,BUY_1,0.03,0.0,23.21,25.465848483110626,stock_pb_q_blended,14.857773699604289,industry_pb_q_blended,False,,MIN_TRADE_AMOUNT,目标成交额低于最小交易额，订单被阻断。
2025-04-07,000708.sz,中信特钢,cyclical_rotation,BUY_1,BUY_1,0.03,0.0,10.89,22.176470588235297,stock_pb_q_blended,38.08079186730872,industry_pb_q_blended,False,,TOTAL_EXPOSURE_LIMIT,买入请求因仓位上限、资金约束或执行约束被阻断。
2025-04-07,600585.sh,海螺水泥,cyclical_rotation,BUY_1,BUY_1,0.03,0.0,22.7,21.91011235955056,stock_pb_q_blended,5.980738362760835,industry_pb_q_blended,False,,MIN_TRADE_AMOUNT,目标成交额低于最小交易额，订单被阻断。
2025-04-07,601688.sh,华泰证券,defensive_dividend,BUY_1,BUY_1,0.04,0.0,14.22,28.047084002140178,stock_pb_q_blended,35.888710540395934,industry_pb_q_blended,False,,TOTAL_EXPOSURE_LIMIT,买入请求因仓位上限、资金约束或执行约束被阻断。
2025-04-08,600585.sh,海螺水泥,cyclical_rotation,BUY_1,BUY_1,0.03,0.0,23.87,30.91662368918687,stock_pb_q_blended,7.4144748151968365,industry_pb_q_blended,False,,MIN_TRADE_AMOUNT,目标成交额低于最小交易额，订单被阻断。
2025-04-08,601688.sh,华泰证券,defensive_dividend,BUY_1,BUY_1,0.04,0.0,14.41,30.01782132829064,stock_pb_q_blended,38.76872385536646,industry_pb_q_blended,False,,TOTAL_EXPOSURE_LIMIT,买入请求因仓位上限、资金约束或执行约束被阻断。
2025-04-09,600585.sh,海螺水泥,cyclical_rotation,BUY_1,BUY_1,0.03,0.0,24.55,34.301714591209375,stock_pb_q_blended,11.314850880207736,industry_pb_q_blended,False,,MIN_TRADE_AMOUNT,目标成交额低于最小交易额，订单被阻断。
2025-04-09,601688.sh,华泰证券,defensive_dividend,BUY_1,BUY_1,0.04,0.0,14.61,31.8608469851453,stock_pb_q_blended,40.48554626341314,industry_pb_q_blended,False,,TOTAL_EXPOSURE_LIMIT,买入请求因仓位上限、资金约束或执行约束被阻断。
2025-04-11,600585.sh,海螺水泥,cyclical_rotation,BUY_1,BUY_1,0.03,0.0,24.63,34.782967032967036,stock_pb_q_blended,11.470695970695969,industry_pb_q_blended,False,,MIN_TRADE_AMOUNT,目标成交额低于最小交易额，订单被阻断。
2025-04-14,600585.sh,海螺水泥,cyclical_rotation,BUY_1,BUY_1,0.03,0.0,24.22,33.08966950817171,stock_pb_q_blended,11.91483113069016,industry_pb_q_blended,False,,MIN_TRADE_AMOUNT,目标成交额低于最小交易额，订单被阻断。
2025-04-15,600585.sh,海螺水泥,cyclical_rotation,BUY_1,BUY_1,0.03,0.0,24.43,34.213427885165274,stock_pb_q_blended,11.371497197758206,industry_pb_q_blended,False,,MIN_TRADE_AMOUNT,目标成交额低于最小交易额，订单被阻断。
2025-04-16,600585.sh,海螺水泥,cyclical_rotation,BUY_1,BUY_1,0.03,0.0,24.55,34.46178471388555,stock_pb_q_blended,10.335334133653461,industry_pb_q_blended,False,,MIN_TRADE_AMOUNT,目标成交额低于最小交易额，订单被阻断。
2025-04-17,600585.sh,海螺水泥,cyclical_rotation,BUY_1,BUY_1,0.03,0.0,24.37,33.86704761904762,stock_pb_q_blended,12.291047619047617,industry_pb_q_blended,False,,MIN_TRADE_AMOUNT,目标成交额低于最小交易额，订单被阻断。
2025-04-18,600585.sh,海螺水泥,cyclical_rotation,BUY_1,BUY_1,0.03,0.0,24.16,32.7471868395499,stock_pb_q_blended,11.732297557167609,industry_pb_q_blended,False,,MIN_TRADE_AMOUNT,目标成交额低于最小交易额，订单被阻断。
2025-04-21,600585.sh,海螺水泥,cyclical_rotation,BUY_1,BUY_1,0.03,0.0,23.93,31.309923489779607,stock_pb_q_blended,12.668950553842642,industry_pb_q_blended,False,,MIN_TRADE_AMOUNT,目标成交额低于最小交易额，订单被阻断。
2025-04-22,600585.sh,海螺水泥,cyclical_rotation,BUY_1,BUY_1,0.03,0.0,24.15,32.79888895230486,stock_pb_q_blended,13.971976485360425,industry_pb_q_blended,False,,MIN_TRADE_AMOUNT,目标成交额低于最小交易额，订单被阻断。
2025-04-23,600585.sh,海螺水泥,cyclical_rotation,BUY_1,BUY_1,0.03,0.0,23.93,31.36193518941123,stock_pb_q_blended,13.078959379278867,industry_pb_q_blended,False,,MIN_TRADE_AMOUNT,目标成交额低于最小交易额，订单被阻断。
2025-04-24,600585.sh,海螺水泥,cyclical_rotation,BUY_1,BUY_1,0.03,0.0,23.94,31.483319076133448,stock_pb_q_blended,11.645566010835473,industry_pb_q_blended,False,,MIN_TRADE_AMOUNT,目标成交额低于最小交易额，订单被阻断。
2025-04-25,600585.sh,海螺水泥,cyclical_rotation,BUY_1,BUY_1,0.03,0.0,23.62,28.981378026070765,stock_pb_q_blended,11.214418728385208,industry_pb_q_blended,False,,MIN_TRADE_AMOUNT,目标成交额低于最小交易额，订单被阻断。
2025-04-28,600585.sh,海螺水泥,cyclical_rotation,BUY_1,BUY_1,0.03,0.0,23.59,28.769198624802932,stock_pb_q_blended,8.843751780728248,industry_pb_q_blended,False,,MIN_TRADE_AMOUNT,目标成交额低于最小交易额，订单被阻断。
2025-04-29,600585.sh,海螺水泥,cyclical_rotation,BUY_1,BUY_1,0.03,0.0,23.48,28.032581453634084,stock_pb_q_blended,9.60537707906129,industry_pb_q_blended,False,,MIN_TRADE_AMOUNT,目标成交额低于最小交易额，订单被阻断。
2025-04-30,600585.sh,海螺水泥,cyclical_rotation,BUY_1,BUY_1,0.03,0.0,23.13,24.197137922526526,stock_pb_q_blended,8.777353906887585,industry_pb_q_blended,False,,MIN_TRADE_AMOUNT,目标成交额低于最小交易额，订单被阻断。
2025-05-06,601021.sh,春秋航空,cyclical_rotation,BUY_1,BUY_1,0.03,0.0,53.91,12.881679389312978,stock_pb_q_blended,36.00853727945361,industry_pb_q_blended,False,,TOTAL_EXPOSURE_LIMIT,买入请求因仓位上限、资金约束或执行约束被阻断。
2025-05-07,601021.sh,春秋航空,cyclical_rotation,BUY_1,BUY_1,0.03,0.0,54.2,13.822688274547188,stock_pb_q_blended,39.14934289127837,industry_pb_q_blended,False,,TOTAL_EXPOSURE_LIMIT,买入请求因仓位上限、资金约束或执行约束被阻断。
2025-05-08,601021.sh,春秋航空,cyclical_rotation,BUY_1,BUY_1,0.03,0.0,53.84,12.761904761904763,stock_pb_q_blended,38.380800727934485,industry_pb_q_blended,False,,TOTAL_EXPOSURE_LIMIT,买入请求因仓位上限、资金约束或执行约束被阻断。
2025-05-09,601021.sh,春秋航空,cyclical_rotation,BUY_1,BUY_1,0.03,0.0,53.19,10.846812559467175,stock_pb_q_blended,38.3907680063669,industry_pb_q_blended,False,,TOTAL_EXPOSURE_LIMIT,买入请求因仓位上限、资金约束或执行约束被阻断。
2025-05-12,601021.sh,春秋航空,cyclical_rotation,BUY_1,BUY_1,0.03,0.0,55.05,17.300380228136884,stock_pb_q_blended,42.68939652233208,industry_pb_q_blended,False,,TOTAL_EXPOSURE_LIMIT,买入请求因仓位上限、资金约束或执行约束被阻断。
2025-05-15,601018.sh,宁波港,defensive_dividend,REDUCE,SELL_HALF,0.04,0.059445,3.78,58.37005163511188,stock_pe_ttm_q_blended,59.91809523809523,industry_pe_ttm_q_blended,False,,MIN_TRADE_AMOUNT,目标成交额低于最小交易额，订单被阻断。
