date,market_regime,cash_ratio,exposure,positions_count,max_positions,executable_buy_count,account_actionable_buy_count,watch_only_count,top_watch_only_reason,raw_buy_signal_count,replacement_candidate_count,replacement_executed_count,reason_cash_not_deployed
2023-04-03,risk_on,0.8345187365060215,0.1654812634939785,1,5,1,1,0,WATCH_ONLY_CYCLICAL_DISABLED,1,0,0,UNKNOWN
2023-04-04,risk_on,0.8369308649877972,0.1630691350122028,1,5,0,0,0,WATCH_ONLY_CYCLICAL_DISABLED,0,0,0,NO_RAW_SIGNAL
2023-04-07,risk_on,0.7576027760669255,0.2423972239330745,2,5,0,0,0,WATCH_ONLY_CYCLICAL_DISABLED,0,0,0,NO_RAW_SIGNAL
2023-04-10,risk_on,0.7605369625542566,0.2394630374457434,2,5,0,0,0,WATCH_ONLY_CYCLICAL_DISABLED,0,0,0,NO_RAW_SIGNAL
2023-04-17,risk_on,0.7473247927959973,0.2526752072040027,2,5,0,0,1,WATCH_ONLY_CYCLICAL_DISABLED,1,0,0,CYCLICAL_DISABLED_OR_BLOCKED
2023-04-18,risk_on,0.7484464295297535,0.2515535704702465,2,5,0,0,1,WATCH_ONLY_CYCLICAL_DISABLED,1,0,0,CYCLICAL_DISABLED_OR_BLOCKED
2023-04-19,risk_on,0.7501352117370593,0.2498647882629407,2,5,0,0,0,WATCH_ONLY_CYCLICAL_DISABLED,0,0,0,NO_RAW_SIGNAL
2023-04-20,risk_on,0.7553981301969189,0.2446018698030811,2,5,0,0,1,WATCH_ONLY_CYCLICAL_DISABLED,1,0,0,CYCLICAL_DISABLED_OR_BLOCKED
2023-07-28,risk_on,0.4335312587458453,0.5664687412541547,5,5,0,0,0,WATCH_ONLY_CYCLICAL_DISABLED,0,0,0,NO_RAW_SIGNAL
2023-07-31,risk_on,0.4356652497546972,0.5643347502453028,5,5,0,0,0,WATCH_ONLY_CYCLICAL_DISABLED,0,0,0,NO_RAW_SIGNAL
2023-08-01,risk_on,0.4393943031061721,0.5606056968938279,5,5,0,0,0,WATCH_ONLY_CYCLICAL_DISABLED,0,0,0,NO_RAW_SIGNAL
2023-08-02,risk_on,0.4365791897235317,0.5634208102764682,5,5,0,0,0,WATCH_ONLY_CYCLICAL_DISABLED,0,0,0,NO_RAW_SIGNAL
2023-08-03,risk_on,0.4359612431662548,0.5640387568337452,5,5,0,0,0,WATCH_ONLY_CYCLICAL_DISABLED,0,0,0,NO_RAW_SIGNAL
2023-08-04,risk_on,0.4376461656220001,0.5623538343779999,5,5,0,0,0,WATCH_ONLY_CYCLICAL_DISABLED,0,0,0,NO_RAW_SIGNAL
2023-08-07,risk_on,0.4390769393062572,0.5609230606937428,5,5,0,0,0,WATCH_ONLY_CYCLICAL_DISABLED,0,0,0,NO_RAW_SIGNAL
2023-08-08,risk_on,0.4397623506166918,0.5602376493833082,5,5,0,0,0,WATCH_ONLY_CYCLICAL_DISABLED,0,0,0,NO_RAW_SIGNAL
2023-08-09,risk_on,0.4409291074569577,0.5590708925430423,5,5,0,0,0,WATCH_ONLY_CYCLICAL_DISABLED,0,0,0,NO_RAW_SIGNAL
2023-08-10,risk_on,0.4476450008704348,0.5523549991295652,5,5,0,0,0,WATCH_ONLY_CYCLICAL_DISABLED,0,0,0,NO_RAW_SIGNAL
2024-04-29,risk_on,0.4300607160882351,0.5699392839117648,5,5,0,0,1,WATCH_ONLY_CYCLICAL_DISABLED,1,0,0,PORTFOLIO_FULL
2024-04-30,risk_on,0.4250595034115391,0.5749404965884609,5,5,0,0,1,WATCH_ONLY_CYCLICAL_DISABLED,1,0,0,PORTFOLIO_FULL
2024-05-06,risk_on,0.4268818212101342,0.5731181787898657,5,5,0,0,1,WATCH_ONLY_CYCLICAL_DISABLED,1,0,0,PORTFOLIO_FULL
2024-05-07,risk_on,0.4293014491760401,0.5706985508239599,5,5,0,0,1,WATCH_ONLY_CYCLICAL_DISABLED,1,0,0,PORTFOLIO_FULL
2024-05-08,risk_on,0.4271501986039687,0.5728498013960313,5,5,0,0,1,WATCH_ONLY_CYCLICAL_DISABLED,1,0,0,PORTFOLIO_FULL
2024-05-09,risk_on,0.4232216606116384,0.5767783393883615,5,5,0,0,1,WATCH_ONLY_CYCLICAL_DISABLED,1,0,0,PORTFOLIO_FULL
2024-05-10,risk_on,0.4211614741626496,0.5788385258373503,5,5,0,0,1,WATCH_ONLY_CYCLICAL_DISABLED,1,0,0,PORTFOLIO_FULL
2024-05-13,risk_on,0.4251220829164902,0.5748779170835099,5,5,0,0,1,WATCH_ONLY_CYCLICAL_DISABLED,1,0,0,PORTFOLIO_FULL
2024-05-14,risk_on,0.4261415886644134,0.5738584113355866,5,5,0,0,0,WATCH_ONLY_CYCLICAL_DISABLED,0,0,0,NO_RAW_SIGNAL
2024-05-15,risk_on,0.4228807682744133,0.5771192317255867,5,5,0,0,0,WATCH_ONLY_CYCLICAL_DISABLED,0,0,0,NO_RAW_SIGNAL
2024-05-16,risk_on,0.4191668786212357,0.5808331213787642,5,5,0,0,0,WATCH_ONLY_CYCLICAL_DISABLED,0,0,0,NO_RAW_SIGNAL
2024-05-17,risk_on,0.4204945031590016,0.5795054968409983,5,5,0,0,1,WATCH_ONLY_CYCLICAL_DISABLED,1,0,0,PORTFOLIO_FULL
2024-05-20,risk_on,0.420425626709221,0.579574373290779,5,5,0,0,0,WATCH_ONLY_CYCLICAL_DISABLED,0,0,0,NO_RAW_SIGNAL
2024-05-21,risk_on,0.4212613182410697,0.5787386817589303,5,5,0,0,0,WATCH_ONLY_CYCLICAL_DISABLED,0,0,0,NO_RAW_SIGNAL
2024-05-22,risk_on,0.4235864032177328,0.5764135967822671,5,5,0,0,0,WATCH_ONLY_CYCLICAL_DISABLED,0,0,0,NO_RAW_SIGNAL
2024-05-23,risk_on,0.4273556561789189,0.5726443438210811,5,5,0,0,1,WATCH_ONLY_CYCLICAL_DISABLED,1,0,0,PORTFOLIO_FULL
2024-05-24,risk_on,0.4231751429336869,0.5768248570663131,5,5,0,0,1,WATCH_ONLY_CYCLICAL_DISABLED,1,0,0,PORTFOLIO_FULL
2024-05-27,risk_on,0.4250516822688238,0.5749483177311762,5,5,0,0,0,WATCH_ONLY_CYCLICAL_DISABLED,0,0,0,NO_RAW_SIGNAL
2024-05-28,risk_on,0.4278067747548467,0.5721932252451534,5,5,0,0,0,WATCH_ONLY_CYCLICAL_DISABLED,0,0,0,NO_RAW_SIGNAL
2024-05-29,risk_on,0.4285925642620629,0.5714074357379372,5,5,0,0,0,WATCH_ONLY_CYCLICAL_DISABLED,0,0,0,NO_RAW_SIGNAL
2024-05-30,risk_on,0.43019686829363,0.56980313170637,5,5,0,0,0,WATCH_ONLY_CYCLICAL_DISABLED,0,0,0,NO_RAW_SIGNAL
2024-05-31,risk_on,0.4297087220078237,0.5702912779921764,5,5,0,0,0,WATCH_ONLY_CYCLICAL_DISABLED,0,0,0,NO_RAW_SIGNAL
2024-06-03,risk_on,0.4283223719119455,0.5716776280880546,5,5,0,0,1,WATCH_ONLY_CYCLICAL_DISABLED,1,0,0,PORTFOLIO_FULL
2024-06-04,risk_on,0.4312730934707245,0.5687269065292754,5,5,0,0,0,WATCH_ONLY_CYCLICAL_DISABLED,0,0,0,NO_RAW_SIGNAL
2024-06-05,risk_on,0.4306780953305487,0.5693219046694513,5,5,0,0,1,WATCH_ONLY_CYCLICAL_DISABLED,1,0,0,PORTFOLIO_FULL
2024-06-06,risk_on,0.4326705378504996,0.5673294621495004,5,5,0,0,1,WATCH_ONLY_CYCLICAL_DISABLED,1,0,0,PORTFOLIO_FULL
2024-06-07,risk_on,0.4358707580722087,0.5641292419277912,5,5,0,0,0,WATCH_ONLY_CYCLICAL_DISABLED,0,0,0,NO_RAW_SIGNAL
2024-06-12,risk_on,0.4386933749198913,0.5613066250801086,5,5,0,0,1,WATCH_ONLY_CYCLICAL_DISABLED,1,0,0,PORTFOLIO_FULL
2024-06-14,risk_on,0.4355091929936273,0.5644908070063727,5,5,0,0,1,WATCH_ONLY_CYCLICAL_DISABLED,1,0,0,PORTFOLIO_FULL
2024-06-18,risk_on,0.4347878594164383,0.5652121405835617,5,5,0,0,1,WATCH_ONLY_CYCLICAL_DISABLED,1,0,0,PORTFOLIO_FULL
2024-07-18,risk_on,0.4305817638127612,0.5694182361872389,5,5,0,0,2,WATCH_ONLY_CYCLICAL_DISABLED,2,0,0,PORTFOLIO_FULL
2024-07-19,risk_on,0.4342484253899335,0.5657515746100665,5,5,0,0,2,WATCH_ONLY_CYCLICAL_DISABLED,2,0,0,PORTFOLIO_FULL
2024-07-22,risk_on,0.436950799236515,0.563049200763485,5,5,0,0,1,WATCH_ONLY_CYCLICAL_DISABLED,1,0,0,PORTFOLIO_FULL
2024-09-26,risk_on,0.4000605471077529,0.5999394528922471,5,5,0,0,1,WATCH_ONLY_CYCLICAL_DISABLED,1,0,0,PORTFOLIO_FULL
2024-09-27,risk_on,0.3833184716323775,0.6166815283676225,5,5,0,0,1,WATCH_ONLY_CYCLICAL_DISABLED,1,0,0,PORTFOLIO_FULL
2024-09-30,risk_on,0.3699838387469678,0.6300161612530322,5,5,0,0,0,WATCH_ONLY_CYCLICAL_DISABLED,0,0,0,NO_RAW_SIGNAL
2024-10-08,risk_on,0.3897732458506,0.6102267541494,5,5,0,0,0,WATCH_ONLY_CYCLICAL_DISABLED,0,0,0,NO_RAW_SIGNAL
2024-10-09,risk_on,0.3788923133293699,0.6211076866706301,5,5,0,0,1,WATCH_ONLY_CYCLICAL_DISABLED,1,0,0,PORTFOLIO_FULL
2024-10-10,risk_on,0.3826834651095468,0.6173165348904531,5,5,0,0,0,WATCH_ONLY_CYCLICAL_DISABLED,0,0,0,NO_RAW_SIGNAL
2024-10-11,risk_on,0.3774374994218429,0.6225625005781571,5,5,0,0,1,WATCH_ONLY_CYCLICAL_DISABLED,1,0,0,PORTFOLIO_FULL
2024-10-14,risk_on,0.3834584559835623,0.6165415440164377,5,5,0,0,1,WATCH_ONLY_CYCLICAL_DISABLED,1,0,0,PORTFOLIO_FULL
2024-10-15,risk_on,0.3814827307942841,0.6185172692057158,5,5,0,0,0,WATCH_ONLY_CYCLICAL_DISABLED,0,0,0,NO_RAW_SIGNAL
2024-10-16,risk_on,0.3857250732472503,0.6142749267527496,5,5,0,0,0,WATCH_ONLY_CYCLICAL_DISABLED,0,0,0,NO_RAW_SIGNAL
2024-10-17,risk_on,0.3827976109689774,0.6172023890310226,5,5,0,0,0,WATCH_ONLY_CYCLICAL_DISABLED,0,0,0,NO_RAW_SIGNAL
2024-10-18,risk_on,0.3851591214146861,0.6148408785853139,5,5,0,0,0,WATCH_ONLY_CYCLICAL_DISABLED,0,0,0,NO_RAW_SIGNAL
2024-10-21,risk_on,0.3825820592567638,0.6174179407432361,5,5,0,0,0,WATCH_ONLY_CYCLICAL_DISABLED,0,0,0,NO_RAW_SIGNAL
2024-10-22,risk_on,0.3805588991366057,0.6194411008633943,5,5,0,0,1,WATCH_ONLY_CYCLICAL_DISABLED,1,0,0,PORTFOLIO_FULL
2024-10-23,risk_on,0.3822149131198103,0.6177850868801896,5,5,0,0,1,WATCH_ONLY_CYCLICAL_DISABLED,1,0,0,PORTFOLIO_FULL
2024-10-24,risk_on,0.3842429833853508,0.6157570166146492,5,5,0,0,1,WATCH_ONLY_CYCLICAL_DISABLED,1,0,0,PORTFOLIO_FULL
2024-10-25,risk_on,0.3858088207982663,0.6141911792017337,5,5,0,0,1,WATCH_ONLY_CYCLICAL_DISABLED,1,0,0,PORTFOLIO_FULL
2024-10-28,risk_on,0.3862345622759734,0.6137654377240266,5,5,0,0,0,WATCH_ONLY_CYCLICAL_DISABLED,0,0,0,NO_RAW_SIGNAL
2024-10-29,risk_on,0.3908812589546434,0.6091187410453566,5,5,0,0,1,WATCH_ONLY_CYCLICAL_DISABLED,1,0,0,PORTFOLIO_FULL
2024-10-30,risk_on,0.3855191750616735,0.6144808249383266,5,5,1,1,1,WATCH_ONLY_CYCLICAL_DISABLED,1,0,1,UNKNOWN
2024-10-31,risk_on,0.3820718898778262,0.6179281101221737,5,5,0,0,1,WATCH_ONLY_CYCLICAL_DISABLED,1,0,1,PORTFOLIO_FULL
2024-11-01,risk_on,0.380171806226323,0.619828193773677,5,5,0,0,0,WATCH_ONLY_CYCLICAL_DISABLED,0,0,1,NO_RAW_SIGNAL
2024-11-04,risk_on,0.3776421821351826,0.6223578178648174,5,5,0,0,0,WATCH_ONLY_CYCLICAL_DISABLED,0,0,1,NO_RAW_SIGNAL
2024-11-05,risk_on,0.3811776541775206,0.6188223458224794,5,5,0,0,0,WATCH_ONLY_CYCLICAL_DISABLED,0,0,1,NO_RAW_SIGNAL
2024-11-06,risk_on,0.3727320442230973,0.6272679557769028,5,5,0,0,0,WATCH_ONLY_CYCLICAL_DISABLED,0,0,1,NO_RAW_SIGNAL
2024-11-07,risk_on,0.3751585233179718,0.6248414766820282,5,5,0,0,0,WATCH_ONLY_CYCLICAL_DISABLED,0,0,1,NO_RAW_SIGNAL
2024-11-08,risk_on,0.3769138644599227,0.6230861355400773,5,5,0,0,0,WATCH_ONLY_CYCLICAL_DISABLED,0,0,1,NO_RAW_SIGNAL
2024-11-11,risk_on,0.3804292095500838,0.6195707904499163,5,5,0,0,1,WATCH_ONLY_CYCLICAL_DISABLED,1,0,1,PORTFOLIO_FULL
2024-11-12,risk_on,0.3808740504680198,0.6191259495319802,5,5,0,0,1,WATCH_ONLY_CYCLICAL_DISABLED,1,0,1,PORTFOLIO_FULL
2024-11-13,risk_on,0.3804163311058599,0.6195836688941401,5,5,0,0,0,WATCH_ONLY_CYCLICAL_DISABLED,0,0,1,NO_RAW_SIGNAL
2024-11-14,risk_on,0.3823969246917018,0.6176030753082982,5,5,0,0,1,WATCH_ONLY_CYCLICAL_DISABLED,1,0,1,PORTFOLIO_FULL
2024-11-15,risk_on,0.381378168479019,0.6186218315209809,5,5,0,0,1,WATCH_ONLY_CYCLICAL_DISABLED,1,0,1,PORTFOLIO_FULL
2024-11-18,risk_on,0.381617768327137,0.618382231672863,5,5,0,0,1,WATCH_ONLY_CYCLICAL_DISABLED,1,0,1,PORTFOLIO_FULL
2024-11-19,risk_on,0.3827942168489983,0.6172057831510017,5,5,0,0,1,WATCH_ONLY_CYCLICAL_DISABLED,1,0,1,PORTFOLIO_FULL
2024-11-20,risk_on,0.3826443212525736,0.6173556787474265,5,5,0,0,1,WATCH_ONLY_CYCLICAL_DISABLED,1,0,1,PORTFOLIO_FULL
2024-11-21,risk_on,0.3901299604445218,0.6098700395554781,5,5,0,0,1,WATCH_ONLY_CYCLICAL_DISABLED,1,0,1,PORTFOLIO_FULL
2024-11-22,risk_on,0.3905027781413778,0.6094972218586222,5,5,0,0,1,WATCH_ONLY_CYCLICAL_DISABLED,1,0,1,PORTFOLIO_FULL
2024-11-25,risk_on,0.3898389802568031,0.6101610197431968,5,5,0,0,1,WATCH_ONLY_CYCLICAL_DISABLED,1,0,1,PORTFOLIO_FULL
2024-11-26,risk_on,0.388008370976346,0.611991629023654,5,5,0,0,1,WATCH_ONLY_CYCLICAL_DISABLED,1,0,1,PORTFOLIO_FULL
2024-11-27,risk_on,0.3901299604445218,0.6098700395554781,5,5,0,0,1,WATCH_ONLY_CYCLICAL_DISABLED,1,0,1,PORTFOLIO_FULL
2024-11-28,risk_on,0.3901570504537201,0.6098429495462799,5,5,0,0,1,WATCH_ONLY_CYCLICAL_DISABLED,1,0,1,PORTFOLIO_FULL
2024-11-29,risk_on,0.3875667680321235,0.6124332319678765,5,5,0,0,0,WATCH_ONLY_CYCLICAL_DISABLED,0,0,1,NO_RAW_SIGNAL
2024-12-02,risk_on,0.3849842728552875,0.6150157271447125,5,5,0,0,0,WATCH_ONLY_CYCLICAL_DISABLED,0,0,1,NO_RAW_SIGNAL
2024-12-03,risk_on,0.3853803540362114,0.6146196459637886,5,5,0,0,0,WATCH_ONLY_CYCLICAL_DISABLED,0,0,1,NO_RAW_SIGNAL
2024-12-04,risk_on,0.3868329926754302,0.6131670073245699,5,5,0,0,0,WATCH_ONLY_CYCLICAL_DISABLED,0,0,1,NO_RAW_SIGNAL
2024-12-05,risk_on,0.3831923354000649,0.6168076645999351,5,5,0,0,0,WATCH_ONLY_CYCLICAL_DISABLED,0,0,1,NO_RAW_SIGNAL
2024-12-06,risk_on,0.3826182644357905,0.6173817355642094,5,5,0,0,0,WATCH_ONLY_CYCLICAL_DISABLED,0,0,1,NO_RAW_SIGNAL
2024-12-09,risk_on,0.3801267964525722,0.6198732035474278,5,5,0,0,0,WATCH_ONLY_CYCLICAL_DISABLED,0,0,1,NO_RAW_SIGNAL
2024-12-10,risk_on,0.3811453329056967,0.6188546670943033,5,5,0,0,0,WATCH_ONLY_CYCLICAL_DISABLED,0,0,1,NO_RAW_SIGNAL
2024-12-11,risk_on,0.3785772707456967,0.6214227292543033,5,5,0,0,1,WATCH_ONLY_CYCLICAL_DISABLED,1,0,1,PORTFOLIO_FULL
2024-12-12,risk_on,0.3865868014033672,0.6134131985966328,5,5,0,0,1,WATCH_ONLY_CYCLICAL_DISABLED,1,0,1,PORTFOLIO_FULL
2024-12-13,risk_on,0.3821238583113124,0.6178761416886875,5,5,0,0,1,WATCH_ONLY_CYCLICAL_DISABLED,1,0,1,PORTFOLIO_FULL
2024-12-16,risk_on,0.3809644350288687,0.6190355649711313,5,5,0,0,0,WATCH_ONLY_CYCLICAL_DISABLED,0,0,1,NO_RAW_SIGNAL
2024-12-17,risk_on,0.3781886792484851,0.6218113207515149,5,5,0,0,0,WATCH_ONLY_CYCLICAL_DISABLED,0,0,1,NO_RAW_SIGNAL
2024-12-18,risk_on,0.3807772574473771,0.6192227425526229,5,5,0,0,0,WATCH_ONLY_CYCLICAL_DISABLED,0,0,1,NO_RAW_SIGNAL
2024-12-19,risk_on,0.3814234751012833,0.6185765248987166,5,5,0,0,0,WATCH_ONLY_CYCLICAL_DISABLED,0,0,1,NO_RAW_SIGNAL
2024-12-20,risk_on,0.3793952773768883,0.6206047226231117,5,5,0,0,0,WATCH_ONLY_CYCLICAL_DISABLED,0,0,1,NO_RAW_SIGNAL
2024-12-23,risk_on,0.375591116448105,0.624408883551895,5,5,0,0,0,WATCH_ONLY_CYCLICAL_DISABLED,0,0,1,NO_RAW_SIGNAL
2024-12-24,risk_on,0.3724355682406963,0.6275644317593037,5,5,0,0,1,WATCH_ONLY_CYCLICAL_DISABLED,1,0,1,PORTFOLIO_FULL
2024-12-25,risk_on,0.3721827015709358,0.6278172984290642,5,5,0,0,0,WATCH_ONLY_CYCLICAL_DISABLED,0,0,1,NO_RAW_SIGNAL
2024-12-26,risk_on,0.3719917375416379,0.628008262458362,5,5,0,0,1,WATCH_ONLY_CYCLICAL_DISABLED,1,0,1,PORTFOLIO_FULL
2024-12-27,risk_on,0.3697518555437797,0.6302481444562202,5,5,0,0,0,WATCH_ONLY_CYCLICAL_DISABLED,0,0,1,NO_RAW_SIGNAL
2024-12-30,risk_on,0.3704771580164883,0.6295228419835117,5,5,0,0,1,WATCH_ONLY_CYCLICAL_DISABLED,1,0,1,PORTFOLIO_FULL
2024-12-31,risk_on,0.3754029099563846,0.6245970900436154,5,5,0,0,1,WATCH_ONLY_CYCLICAL_DISABLED,1,0,1,PORTFOLIO_FULL
2025-01-02,risk_on,0.3751585233179718,0.6248414766820282,5,5,0,0,1,WATCH_ONLY_CYCLICAL_DISABLED,1,0,1,PORTFOLIO_FULL
2025-01-03,risk_on,0.3745208600513686,0.6254791399486314,5,5,0,0,1,WATCH_ONLY_CYCLICAL_DISABLED,1,0,1,PORTFOLIO_FULL
2025-01-06,risk_on,0.3760372911827815,0.6239627088172185,5,5,0,0,1,WATCH_ONLY_CYCLICAL_DISABLED,1,0,1,PORTFOLIO_FULL
2025-01-07,risk_on,0.373829390864389,0.626170609135611,5,5,0,0,0,WATCH_ONLY_CYCLICAL_DISABLED,0,0,1,NO_RAW_SIGNAL
2025-01-08,risk_on,0.3767053873959646,0.6232946126040354,5,5,0,0,0,WATCH_ONLY_CYCLICAL_DISABLED,0,0,1,NO_RAW_SIGNAL
2025-01-09,risk_on,0.3775406824638984,0.6224593175361016,5,5,0,0,0,WATCH_ONLY_CYCLICAL_DISABLED,0,0,1,NO_RAW_SIGNAL
2025-01-10,risk_on,0.3790369649161484,0.6209630350838515,5,5,0,0,0,WATCH_ONLY_CYCLICAL_DISABLED,0,0,1,NO_RAW_SIGNAL
2025-01-13,risk_on,0.3754154511875109,0.624584548812489,5,5,0,0,1,WATCH_ONLY_CYCLICAL_DISABLED,1,0,1,PORTFOLIO_FULL
2025-01-14,risk_on,0.3738231730169695,0.6261768269830306,5,5,0,0,1,WATCH_ONLY_CYCLICAL_DISABLED,1,0,1,PORTFOLIO_FULL
2025-01-15,risk_on,0.3735435838034315,0.6264564161965686,5,5,0,0,1,WATCH_ONLY_CYCLICAL_DISABLED,1,0,1,PORTFOLIO_FULL
2025-01-16,risk_on,0.373897800840237,0.626102199159763,5,5,0,0,1,WATCH_ONLY_CYCLICAL_DISABLED,1,0,1,PORTFOLIO_FULL
2025-01-17,risk_on,0.3748894399353043,0.6251105600646957,5,5,0,0,1,WATCH_ONLY_CYCLICAL_DISABLED,1,0,1,PORTFOLIO_FULL
2025-01-20,risk_on,0.3752336853098067,0.6247663146901933,5,5,0,0,1,WATCH_ONLY_CYCLICAL_DISABLED,1,0,1,PORTFOLIO_FULL
2025-01-21,risk_on,0.3758926396727791,0.6241073603272208,5,5,0,0,1,WATCH_ONLY_CYCLICAL_DISABLED,1,0,1,PORTFOLIO_FULL
2025-01-22,risk_on,0.3708867750281898,0.6291132249718102,5,5,0,0,1,WATCH_ONLY_CYCLICAL_DISABLED,1,0,1,PORTFOLIO_FULL
2025-01-23,risk_on,0.371942488308669,0.628057511691331,5,5,0,0,1,WATCH_ONLY_CYCLICAL_DISABLED,1,0,1,PORTFOLIO_FULL
2025-01-24,risk_on,0.3701293895012935,0.6298706104987064,5,5,0,0,0,WATCH_ONLY_CYCLICAL_DISABLED,0,0,1,NO_RAW_SIGNAL
2025-01-27,risk_on,0.3761883506324065,0.6238116493675935,5,5,0,0,1,WATCH_ONLY_CYCLICAL_DISABLED,1,0,1,PORTFOLIO_FULL
2025-02-05,risk_on,0.375798361672651,0.624201638327349,5,5,0,0,1,WATCH_ONLY_CYCLICAL_DISABLED,1,0,1,PORTFOLIO_FULL
2025-02-06,risk_on,0.3757355359414591,0.6242644640585409,5,5,0,0,1,WATCH_ONLY_CYCLICAL_DISABLED,1,0,1,PORTFOLIO_FULL
2025-02-07,risk_on,0.3755032632731915,0.6244967367268085,5,5,0,0,1,WATCH_ONLY_CYCLICAL_DISABLED,1,0,1,PORTFOLIO_FULL
2025-02-10,risk_on,0.3745021380632062,0.6254978619367938,5,5,0,0,1,WATCH_ONLY_CYCLICAL_DISABLED,1,0,1,PORTFOLIO_FULL
2025-02-11,risk_on,0.3721703753945465,0.6278296246054534,5,5,0,0,0,WATCH_ONLY_CYCLICAL_DISABLED,0,0,1,NO_RAW_SIGNAL
2025-02-12,risk_on,0.3727876860264384,0.6272123139735616,5,5,0,0,0,WATCH_ONLY_CYCLICAL_DISABLED,0,0,1,NO_RAW_SIGNAL
2025-02-13,risk_on,0.3700075201454731,0.6299924798545269,5,5,0,0,1,WATCH_ONLY_CYCLICAL_DISABLED,1,0,1,PORTFOLIO_FULL
2025-02-14,risk_on,0.3707215965742889,0.6292784034257111,5,5,0,0,1,WATCH_ONLY_CYCLICAL_DISABLED,1,0,1,PORTFOLIO_FULL
2025-02-17,risk_on,0.367634978515761,0.6323650214842389,5,5,0,0,1,WATCH_ONLY_CYCLICAL_DISABLED,1,0,1,PORTFOLIO_FULL
2025-02-18,risk_on,0.3687629708161577,0.6312370291838423,5,5,0,0,1,WATCH_ONLY_CYCLICAL_DISABLED,1,0,1,PORTFOLIO_FULL
2025-02-19,risk_on,0.3706849102295733,0.6293150897704267,5,5,0,0,1,WATCH_ONLY_CYCLICAL_DISABLED,1,0,1,PORTFOLIO_FULL
2025-02-20,risk_on,0.3726455233141545,0.6273544766858454,5,5,0,0,1,WATCH_ONLY_CYCLICAL_DISABLED,1,0,1,PORTFOLIO_FULL
2025-02-21,risk_on,0.3714445732890668,0.6285554267109332,5,5,0,0,1,WATCH_ONLY_CYCLICAL_DISABLED,1,0,1,PORTFOLIO_FULL
2025-02-24,risk_on,0.3731900372758185,0.6268099627241815,5,5,0,0,1,WATCH_ONLY_CYCLICAL_DISABLED,1,0,1,PORTFOLIO_FULL
2025-02-25,risk_on,0.3710888598066268,0.6289111401933732,5,5,0,0,1,WATCH_ONLY_CYCLICAL_DISABLED,1,0,1,PORTFOLIO_FULL
2025-02-26,risk_on,0.3665258202340011,0.6334741797659988,5,5,0,0,0,WATCH_ONLY_CYCLICAL_DISABLED,0,0,1,NO_RAW_SIGNAL
2025-02-27,risk_on,0.3674005979008354,0.6325994020991645,5,5,0,0,0,WATCH_ONLY_CYCLICAL_DISABLED,0,0,1,NO_RAW_SIGNAL
2025-02-28,risk_on,0.3695147688565934,0.6304852311434066,5,5,0,0,1,WATCH_ONLY_CYCLICAL_DISABLED,1,0,1,PORTFOLIO_FULL
2025-03-03,risk_on,0.3703794728262936,0.6296205271737064,5,5,0,0,1,WATCH_ONLY_CYCLICAL_DISABLED,1,0,1,PORTFOLIO_FULL
2025-03-04,risk_on,0.3671785128942288,0.6328214871057711,5,5,0,0,1,WATCH_ONLY_CYCLICAL_DISABLED,1,0,1,PORTFOLIO_FULL
2025-03-05,risk_on,0.3671125393887629,0.632887460611237,5,5,0,0,1,WATCH_ONLY_CYCLICAL_DISABLED,1,0,1,PORTFOLIO_FULL
2025-03-06,risk_on,0.3659886460973232,0.6340113539026768,5,5,0,0,1,WATCH_ONLY_CYCLICAL_DISABLED,1,0,1,PORTFOLIO_FULL
2025-03-07,risk_on,0.3675447967443923,0.6324552032556077,5,5,0,0,1,WATCH_ONLY_CYCLICAL_DISABLED,1,0,1,PORTFOLIO_FULL
2025-03-10,risk_on,0.3643806219194841,0.6356193780805159,5,5,0,0,1,WATCH_ONLY_CYCLICAL_DISABLED,1,0,1,PORTFOLIO_FULL
2025-03-11,risk_on,0.3660721030803149,0.6339278969196851,5,5,0,0,1,WATCH_ONLY_CYCLICAL_DISABLED,1,0,1,PORTFOLIO_FULL
2025-03-12,risk_on,0.3649367837305355,0.6350632162694645,5,5,0,0,1,WATCH_ONLY_CYCLICAL_DISABLED,1,0,1,PORTFOLIO_FULL
2025-03-13,risk_on,0.360210865447621,0.6397891345523791,5,5,0,0,1,WATCH_ONLY_CYCLICAL_DISABLED,1,0,1,PORTFOLIO_FULL
2025-03-14,risk_on,0.4885012992962756,0.5114987007037244,4,5,0,0,0,WATCH_ONLY_CYCLICAL_DISABLED,0,0,1,NO_RAW_SIGNAL
2025-03-17,risk_on,0.4882905313871022,0.5117094686128978,4,5,0,0,0,WATCH_ONLY_CYCLICAL_DISABLED,0,0,1,NO_RAW_SIGNAL
2025-03-18,risk_on,0.5697808211536457,0.4302191788463542,4,5,0,0,0,WATCH_ONLY_CYCLICAL_DISABLED,0,0,1,NO_RAW_SIGNAL
2025-03-19,risk_on,0.5749158670813358,0.4250841329186642,4,5,0,0,0,WATCH_ONLY_CYCLICAL_DISABLED,0,0,1,NO_RAW_SIGNAL
2025-03-20,risk_on,0.5770765323048627,0.4229234676951373,4,5,0,0,1,WATCH_ONLY_CYCLICAL_DISABLED,1,0,1,CYCLICAL_DISABLED_OR_BLOCKED
2025-03-21,risk_on,0.5756306741789755,0.4243693258210245,4,5,0,0,0,WATCH_ONLY_CYCLICAL_DISABLED,0,0,1,NO_RAW_SIGNAL
2025-03-24,risk_on,0.5740841659622679,0.4259158340377321,4,5,0,0,1,WATCH_ONLY_CYCLICAL_DISABLED,1,0,1,CYCLICAL_DISABLED_OR_BLOCKED
2025-03-25,risk_on,0.5815686841870313,0.4184313158129687,4,5,0,0,1,WATCH_ONLY_CYCLICAL_DISABLED,1,0,1,CYCLICAL_DISABLED_OR_BLOCKED
2025-03-26,risk_on,0.4912105500401587,0.5087894499598413,4,5,0,0,1,WATCH_ONLY_CYCLICAL_DISABLED,1,0,1,CYCLICAL_DISABLED_OR_BLOCKED
2026-03-03,risk_on,0.4879660753889188,0.5120339246110812,4,5,0,0,0,WATCH_ONLY_CYCLICAL_DISABLED,0,0,1,NO_RAW_SIGNAL
2026-03-04,risk_on,0.4856984152639424,0.5143015847360576,4,5,0,0,0,WATCH_ONLY_CYCLICAL_DISABLED,0,0,1,NO_RAW_SIGNAL
2026-03-05,risk_on,0.4833214998807946,0.5166785001192054,4,5,0,0,0,WATCH_ONLY_CYCLICAL_DISABLED,0,0,1,NO_RAW_SIGNAL
2026-03-06,risk_on,0.4855231680775096,0.5144768319224903,4,5,0,0,0,WATCH_ONLY_CYCLICAL_DISABLED,0,0,1,NO_RAW_SIGNAL
2026-03-09,risk_on,0.4843217586078872,0.5156782413921128,4,5,0,0,0,WATCH_ONLY_CYCLICAL_DISABLED,0,0,1,NO_RAW_SIGNAL
2026-03-10,risk_on,0.4809319231998443,0.5190680768001557,4,5,0,0,0,WATCH_ONLY_CYCLICAL_DISABLED,0,0,1,NO_RAW_SIGNAL
2026-03-11,risk_on,0.4797174687568343,0.5202825312431657,4,5,0,0,0,WATCH_ONLY_CYCLICAL_DISABLED,0,0,1,NO_RAW_SIGNAL
2026-03-12,risk_on,0.4790912160995637,0.5209087839004364,4,5,0,0,0,WATCH_ONLY_CYCLICAL_DISABLED,0,0,1,NO_RAW_SIGNAL
2026-03-13,risk_on,0.4819726510364103,0.5180273489635897,4,5,0,0,0,WATCH_ONLY_CYCLICAL_DISABLED,0,0,1,NO_RAW_SIGNAL
2026-03-16,risk_on,0.4819942308981528,0.5180057691018473,4,5,0,0,0,WATCH_ONLY_CYCLICAL_DISABLED,0,0,1,NO_RAW_SIGNAL
2026-03-17,risk_on,0.4825487760993087,0.5174512239006913,4,5,0,0,0,WATCH_ONLY_CYCLICAL_DISABLED,0,0,1,NO_RAW_SIGNAL
2026-03-18,risk_on,0.4839443637937318,0.5160556362062682,4,5,0,0,0,WATCH_ONLY_CYCLICAL_DISABLED,0,0,1,NO_RAW_SIGNAL
2026-03-19,risk_on,0.4840749338838528,0.5159250661161472,4,5,0,0,0,WATCH_ONLY_CYCLICAL_DISABLED,0,0,1,NO_RAW_SIGNAL
2026-03-20,risk_on,0.4919352665221165,0.5080647334778835,4,5,0,0,0,WATCH_ONLY_CYCLICAL_DISABLED,0,0,1,NO_RAW_SIGNAL
2026-03-24,risk_on,0.4845252151048159,0.5154747848951842,4,5,0,0,0,WATCH_ONLY_CYCLICAL_DISABLED,0,0,1,NO_RAW_SIGNAL
2026-03-25,risk_on,0.487273999228936,0.512726000771064,4,5,0,0,0,WATCH_ONLY_CYCLICAL_DISABLED,0,0,1,NO_RAW_SIGNAL
2026-03-26,risk_on,0.4878923568341921,0.5121076431658078,4,5,0,0,0,WATCH_ONLY_CYCLICAL_DISABLED,0,0,1,NO_RAW_SIGNAL
2026-03-27,risk_on,0.4918978023610181,0.5081021976389819,4,5,0,0,0,WATCH_ONLY_CYCLICAL_DISABLED,0,0,1,NO_RAW_SIGNAL
2026-03-30,risk_on,0.4939139584132813,0.5060860415867187,4,5,0,0,0,WATCH_ONLY_CYCLICAL_DISABLED,0,0,1,NO_RAW_SIGNAL
2026-03-31,risk_on,0.4907243234549469,0.5092756765450531,4,5,0,0,0,WATCH_ONLY_CYCLICAL_DISABLED,0,0,1,NO_RAW_SIGNAL
2026-04-01,risk_on,0.4915683636339131,0.5084316363660869,4,5,0,0,0,WATCH_ONLY_CYCLICAL_DISABLED,0,0,1,NO_RAW_SIGNAL
2026-04-02,risk_on,0.4933556087518187,0.5066443912481813,4,5,0,0,0,WATCH_ONLY_CYCLICAL_DISABLED,0,0,1,NO_RAW_SIGNAL
