date,ts_code,name,bucket,intended_action,intended_signal_level,intended_target_weight,current_weight,close,stock_valuation_quantile,stock_valuation_quantile_source_field,industry_valuation_quantile,industry_valuation_quantile_source_field,valuation_fallback_used,valuation_fallback_reason,reason_code,reason_detail,lot_notional,minimum_lot_order_value,max_single_position_value,remaining_single_name_capacity,execution_eligible_for_new_buy,execution_ineligible_reason,pending_add_state,pending_reason,pending_until_condition,repeated_blocked_signal_suppressed,user_visible_action,rule_path
2023-09-04,600585.sh,海螺水泥,cyclical_rotation,BUY_1,BUY_1,0.03,0.0,25.36,22.010083237463625,stock_pb_q_blended,19.93519207777853,industry_pb_q_blended,False,,CASH_INSUFFICIENT_FOR_ONE_LOT,买入请求不满足 100 股整手、现金或单票上限。,2536.0,2536.0,45803.828743708495,45803.828743708495,False,CASH_INSUFFICIENT_FOR_ONE_LOT,False,,,False,True,hard_filter -> bucket -> valuation -> market_state -> grid -> account_constraints
2023-09-14,600926.sh,杭州银行,defensive_dividend,BUY_1,BUY_1,0.04,0.0,9.94,1.5220700152207,stock_pb_q_blended,34.82608597946022,industry_pb_q_blended,False,,CASH_INSUFFICIENT_FOR_ONE_LOT,买入请求不满足 100 股整手、现金或单票上限。,994.0,1988.0,60733.731658278,60733.731658278,False,CASH_INSUFFICIENT_FOR_ONE_LOT,False,,,False,True,hard_filter -> bucket -> valuation -> market_state -> grid -> account_constraints
2023-09-15,600585.sh,海螺水泥,cyclical_rotation,BUY_1,BUY_1,0.03,0.0,24.53,19.2722371967655,stock_pb_q_blended,14.008086253369273,industry_pb_q_blended,False,,CASH_INSUFFICIENT_FOR_ONE_LOT,买入请求不满足 100 股整手、现金或单票上限。,2453.0,2453.0,45324.218743708494,45324.218743708494,False,CASH_INSUFFICIENT_FOR_ONE_LOT,False,,,False,True,hard_filter -> bucket -> valuation -> market_state -> grid -> account_constraints
2023-09-15,600926.sh,杭州银行,defensive_dividend,BUY_1,BUY_1,0.04,0.0,9.76,0.45592705167173253,stock_pb_q_blended,33.23270440251572,industry_pb_q_blended,False,,CASH_INSUFFICIENT_FOR_ONE_LOT,买入请求不满足 100 股整手、现金或单票上限。,976.0,1952.0,60432.291658277994,60432.291658277994,False,CASH_INSUFFICIENT_FOR_ONE_LOT,False,,,True,False,hard_filter -> bucket -> valuation -> market_state -> grid -> account_constraints
2023-09-18,600926.sh,杭州银行,defensive_dividend,BUY_1,BUY_1,0.04,0.0,9.73,0.4552352048558422,stock_pb_q_blended,33.66195190947666,industry_pb_q_blended,False,,CASH_INSUFFICIENT_FOR_ONE_LOT,买入请求不满足 100 股整手、现金或单票上限。,973.0,1946.0,60481.731658278,60481.731658278,False,CASH_INSUFFICIENT_FOR_ONE_LOT,False,,,True,False,hard_filter -> bucket -> valuation -> market_state -> grid -> account_constraints
2023-09-19,600585.sh,海螺水泥,cyclical_rotation,BUY_1,BUY_1,0.03,0.0,24.72,19.980835689601005,stock_pb_q_blended,14.512319913827925,industry_pb_q_blended,False,,CASH_INSUFFICIENT_FOR_ONE_LOT,买入请求不满足 100 股整手、现金或单票上限。,2472.0,2472.0,45455.798743708496,45455.798743708496,False,CASH_INSUFFICIENT_FOR_ONE_LOT,False,,,True,False,hard_filter -> bucket -> valuation -> market_state -> grid -> account_constraints
2023-09-19,600926.sh,杭州银行,defensive_dividend,BUY_1,BUY_1,0.04,0.0,9.77,0.7575757575757576,stock_pb_q_blended,35.809344284367846,industry_pb_q_blended,False,,CASH_INSUFFICIENT_FOR_ONE_LOT,买入请求不满足 100 股整手、现金或单票上限。,977.0,1954.0,60607.731658278,60607.731658278,False,CASH_INSUFFICIENT_FOR_ONE_LOT,False,,,True,False,hard_filter -> bucket -> valuation -> market_state -> grid -> account_constraints
2023-09-20,600585.sh,海螺水泥,cyclical_rotation,BUY_1,BUY_1,0.03,0.0,25.05,21.70134356144719,stock_pb_q_blended,15.362425139627213,industry_pb_q_blended,False,,CASH_INSUFFICIENT_FOR_ONE_LOT,买入请求不满足 100 股整手、现金或单票上限。,2505.0,2505.0,45410.70874370849,45410.70874370849,False,CASH_INSUFFICIENT_FOR_ONE_LOT,False,,,True,False,hard_filter -> bucket -> valuation -> market_state -> grid -> account_constraints
2023-09-20,600926.sh,杭州银行,defensive_dividend,BUY_1,BUY_1,0.04,0.0,9.82,0.9077155824508321,stock_pb_q_blended,38.22194558463988,industry_pb_q_blended,False,,CASH_INSUFFICIENT_FOR_ONE_LOT,买入请求不满足 100 股整手、现金或单票上限。,982.0,1964.0,60547.611658277994,60547.611658277994,False,CASH_INSUFFICIENT_FOR_ONE_LOT,False,,,True,False,hard_filter -> bucket -> valuation -> market_state -> grid -> account_constraints
2023-09-20,601336.sh,新华保险,defensive_dividend,BUY_1,BUY_1,0.04,0.0,33.55,22.539470697716645,stock_pb_q_blended,23.21620348563354,industry_pb_q_blended,False,,CASH_INSUFFICIENT_FOR_ONE_LOT,买入请求不满足 100 股整手、现金或单票上限。,3354.9999999999995,3354.9999999999995,60547.611658277994,60547.611658277994,False,CASH_INSUFFICIENT_FOR_ONE_LOT,False,,,False,True,hard_filter -> bucket -> valuation -> market_state -> grid -> account_constraints
2023-09-21,600585.sh,海螺水泥,cyclical_rotation,BUY_1,BUY_1,0.03,0.0,24.62,19.664514393327952,stock_pb_q_blended,13.660478880817866,industry_pb_q_blended,False,,CASH_INSUFFICIENT_FOR_ONE_LOT,买入请求不满足 100 股整手、现金或单票上限。,2462.0,2462.0,45306.6687437085,45306.6687437085,False,CASH_INSUFFICIENT_FOR_ONE_LOT,False,,,True,False,hard_filter -> bucket -> valuation -> market_state -> grid -> account_constraints
2023-09-21,600926.sh,杭州银行,defensive_dividend,BUY_1,BUY_1,0.04,0.0,9.73,0.6042296072507553,stock_pb_q_blended,36.61016949152542,industry_pb_q_blended,False,,CASH_INSUFFICIENT_FOR_ONE_LOT,买入请求不满足 100 股整手、现金或单票上限。,973.0,1946.0,60408.89165827799,60408.89165827799,False,CASH_INSUFFICIENT_FOR_ONE_LOT,False,,,True,False,hard_filter -> bucket -> valuation -> market_state -> grid -> account_constraints
2023-09-21,601336.sh,新华保险,defensive_dividend,BUY_1,BUY_1,0.04,0.0,33.35,22.26969758842079,stock_pb_q_blended,22.188323917137478,industry_pb_q_blended,False,,CASH_INSUFFICIENT_FOR_ONE_LOT,买入请求不满足 100 股整手、现金或单票上限。,3335.0,3335.0,60408.89165827799,60408.89165827799,False,CASH_INSUFFICIENT_FOR_ONE_LOT,False,,,True,False,hard_filter -> bucket -> valuation -> market_state -> grid -> account_constraints
2023-09-22,600585.sh,海螺水泥,cyclical_rotation,BUY_1,BUY_1,0.03,0.0,24.76,20.160896358543418,stock_pb_q_blended,15.287843137254903,industry_pb_q_blended,False,,CASH_INSUFFICIENT_FOR_ONE_LOT,买入请求不满足 100 股整手、现金或单票上限。,2476.0,2476.0,45666.4887437085,45666.4887437085,False,CASH_INSUFFICIENT_FOR_ONE_LOT,False,,,True,False,hard_filter -> bucket -> valuation -> market_state -> grid -> account_constraints
2023-09-22,600926.sh,杭州银行,defensive_dividend,BUY_1,BUY_1,0.04,0.0,9.72,0.4524886877828055,stock_pb_q_blended,40.64425770308124,industry_pb_q_blended,False,,CASH_INSUFFICIENT_FOR_ONE_LOT,买入请求不满足 100 股整手、现金或单票上限。,972.0000000000001,1944.0000000000002,60888.651658277995,60888.651658277995,False,CASH_INSUFFICIENT_FOR_ONE_LOT,False,,,True,False,hard_filter -> bucket -> valuation -> market_state -> grid -> account_constraints
2023-09-22,601336.sh,新华保险,defensive_dividend,BUY_1,BUY_1,0.04,0.0,33.81,23.0,stock_pb_q_blended,27.677647058823524,industry_pb_q_blended,False,,CASH_INSUFFICIENT_FOR_ONE_LOT,买入请求不满足 100 股整手、现金或单票上限。,3381.0,3381.0,60888.651658277995,60888.651658277995,False,CASH_INSUFFICIENT_FOR_ONE_LOT,False,,,True,False,hard_filter -> bucket -> valuation -> market_state -> grid -> account_constraints
2023-09-25,600585.sh,海螺水泥,cyclical_rotation,BUY_1,BUY_1,0.03,0.0,24.56,19.500111992115755,stock_pb_q_blended,13.179052994669174,industry_pb_q_blended,False,,CASH_INSUFFICIENT_FOR_ONE_LOT,买入请求不满足 100 股整手、现金或单票上限。,2456.0,2456.0,45495.4887437085,45495.4887437085,False,CASH_INSUFFICIENT_FOR_ONE_LOT,False,,,True,False,hard_filter -> bucket -> valuation -> market_state -> grid -> account_constraints
2023-09-25,600926.sh,杭州银行,defensive_dividend,BUY_1,BUY_1,0.04,0.0,9.68,0.30120481927710846,stock_pb_q_blended,41.24257492272544,industry_pb_q_blended,False,,CASH_INSUFFICIENT_FOR_ONE_LOT,买入请求不满足 100 股整手、现金或单票上限。,968.0,1936.0,60660.651658277995,60660.651658277995,False,CASH_INSUFFICIENT_FOR_ONE_LOT,False,,,True,False,hard_filter -> bucket -> valuation -> market_state -> grid -> account_constraints
2023-09-25,601336.sh,新华保险,defensive_dividend,BUY_1,BUY_1,0.04,0.0,33.24,22.263638630130778,stock_pb_q_blended,23.623437709985215,industry_pb_q_blended,False,,CASH_INSUFFICIENT_FOR_ONE_LOT,买入请求不满足 100 股整手、现金或单票上限。,3324.0,3324.0,60660.651658277995,60660.651658277995,False,CASH_INSUFFICIENT_FOR_ONE_LOT,False,,,True,False,hard_filter -> bucket -> valuation -> market_state -> grid -> account_constraints
2023-09-26,600926.sh,杭州银行,defensive_dividend,BUY_1,BUY_1,0.04,0.0,9.59,0.15037593984962408,stock_pb_q_blended,39.50822755054067,industry_pb_q_blended,False,,CASH_INSUFFICIENT_FOR_ONE_LOT,买入请求不满足 100 股整手、现金或单票上限。,959.0,1918.0,60526.371658277996,60526.371658277996,False,CASH_INSUFFICIENT_FOR_ONE_LOT,False,,,False,True,hard_filter -> bucket -> valuation -> market_state -> grid -> account_constraints
2023-09-26,601336.sh,新华保险,defensive_dividend,BUY_1,BUY_1,0.04,0.0,33.26,22.327262018032712,stock_pb_q_blended,23.401907448451876,industry_pb_q_blended,False,,CASH_INSUFFICIENT_FOR_ONE_LOT,买入请求不满足 100 股整手、现金或单票上限。,3326.0,3326.0,60526.371658277996,60526.371658277996,False,CASH_INSUFFICIENT_FOR_ONE_LOT,False,,,True,False,hard_filter -> bucket -> valuation -> market_state -> grid -> account_constraints
2023-09-27,600926.sh,杭州银行,defensive_dividend,BUY_1,BUY_1,0.04,0.0,9.6,0.3003003003003003,stock_pb_q_blended,35.5639097744361,industry_pb_q_blended,False,,CASH_INSUFFICIENT_FOR_ONE_LOT,买入请求不满足 100 股整手、现金或单票上限。,960.0,1920.0,60556.371658277996,60556.371658277996,False,CASH_INSUFFICIENT_FOR_ONE_LOT,False,,,True,False,hard_filter -> bucket -> valuation -> market_state -> grid -> account_constraints
2023-09-27,601336.sh,新华保险,defensive_dividend,BUY_1,BUY_1,0.04,0.0,32.95,22.124312207051155,stock_pb_q_blended,23.1328320802005,industry_pb_q_blended,False,,CASH_INSUFFICIENT_FOR_ONE_LOT,买入请求不满足 100 股整手、现金或单票上限。,3295.0000000000005,3295.0000000000005,60556.371658277996,60556.371658277996,False,CASH_INSUFFICIENT_FOR_ONE_LOT,False,,,True,False,hard_filter -> bucket -> valuation -> market_state -> grid -> account_constraints
2023-09-28,600926.sh,杭州银行,defensive_dividend,BUY_1,BUY_1,0.04,0.0,9.61,0.4497751124437781,stock_pb_q_blended,37.955668880985925,industry_pb_q_blended,False,,CASH_INSUFFICIENT_FOR_ONE_LOT,买入请求不满足 100 股整手、现金或单票上限。,961.0,1922.0,60420.77165827799,60420.77165827799,False,CASH_INSUFFICIENT_FOR_ONE_LOT,False,,,True,False,hard_filter -> bucket -> valuation -> market_state -> grid -> account_constraints
2023-09-28,601336.sh,新华保险,defensive_dividend,BUY_1,BUY_1,0.04,0.0,32.78,22.121310881767158,stock_pb_q_blended,21.40416918293856,industry_pb_q_blended,False,,CASH_INSUFFICIENT_FOR_ONE_LOT,买入请求不满足 100 股整手、现金或单票上限。,3278.0,3278.0,60420.77165827799,60420.77165827799,False,CASH_INSUFFICIENT_FOR_ONE_LOT,False,,,True,False,hard_filter -> bucket -> valuation -> market_state -> grid -> account_constraints
2023-09-28,601601.sh,中国太保,defensive_dividend,BUY_1,BUY_1,0.04,0.0,26.49,30.950278467422667,stock_pb_q_blended,21.40416918293856,industry_pb_q_blended,False,,CASH_INSUFFICIENT_FOR_ONE_LOT,买入请求不满足 100 股整手、现金或单票上限。,2649.0,2649.0,60420.77165827799,60420.77165827799,False,CASH_INSUFFICIENT_FOR_ONE_LOT,False,,,False,True,hard_filter -> bucket -> valuation -> market_state -> grid -> account_constraints
2023-10-09,600926.sh,杭州银行,defensive_dividend,BUY_1,BUY_1,0.04,0.0,9.53,0.14970059880239522,stock_pb_q_blended,36.98054996646546,industry_pb_q_blended,False,,CASH_INSUFFICIENT_FOR_ONE_LOT,买入请求不满足 100 股整手、现金或单票上限。,952.9999999999999,1905.9999999999998,60319.13165827799,60319.13165827799,False,CASH_INSUFFICIENT_FOR_ONE_LOT,False,,,True,False,hard_filter -> bucket -> valuation -> market_state -> grid -> account_constraints
2023-10-09,601336.sh,新华保险,defensive_dividend,BUY_1,BUY_1,0.04,0.0,32.66,21.985069562266712,stock_pb_q_blended,19.81757209926224,industry_pb_q_blended,False,,CASH_INSUFFICIENT_FOR_ONE_LOT,买入请求不满足 100 股整手、现金或单票上限。,3265.9999999999995,3265.9999999999995,60319.13165827799,60319.13165827799,False,CASH_INSUFFICIENT_FOR_ONE_LOT,False,,,True,False,hard_filter -> bucket -> valuation -> market_state -> grid -> account_constraints
2023-10-09,601601.sh,中国太保,defensive_dividend,BUY_1,BUY_1,0.04,0.0,26.35,30.007377598926897,stock_pb_q_blended,19.81757209926224,industry_pb_q_blended,False,,CASH_INSUFFICIENT_FOR_ONE_LOT,买入请求不满足 100 股整手、现金或单票上限。,2635.0,2635.0,60319.13165827799,60319.13165827799,False,CASH_INSUFFICIENT_FOR_ONE_LOT,False,,,True,False,hard_filter -> bucket -> valuation -> market_state -> grid -> account_constraints
2023-10-10,600926.sh,杭州银行,defensive_dividend,BUY_1,BUY_1,0.04,0.0,9.48,0.14947683109118087,stock_pb_q_blended,35.872941386784646,industry_pb_q_blended,False,,CASH_INSUFFICIENT_FOR_ONE_LOT,买入请求不满足 100 股整手、现金或单票上限。,948.0,1896.0,59944.611658277994,59944.611658277994,False,CASH_INSUFFICIENT_FOR_ONE_LOT,False,,,True,False,hard_filter -> bucket -> valuation -> market_state -> grid -> account_constraints
2023-10-10,601336.sh,新华保险,defensive_dividend,BUY_1,BUY_1,0.04,0.0,32.0,21.382580382580382,stock_pb_q_blended,17.96726330137874,industry_pb_q_blended,False,,CASH_INSUFFICIENT_FOR_ONE_LOT,买入请求不满足 100 股整手、现金或单票上限。,3200.0,3200.0,59944.611658277994,59944.611658277994,False,CASH_INSUFFICIENT_FOR_ONE_LOT,False,,,False,True,hard_filter -> bucket -> valuation -> market_state -> grid -> account_constraints
2023-10-10,601601.sh,中国太保,defensive_dividend,BUY_1,BUY_1,0.04,0.0,26.06,27.234721011820962,stock_pb_q_blended,17.96726330137874,industry_pb_q_blended,False,,CASH_INSUFFICIENT_FOR_ONE_LOT,买入请求不满足 100 股整手、现金或单票上限。,2606.0,2606.0,59944.611658277994,59944.611658277994,False,CASH_INSUFFICIENT_FOR_ONE_LOT,False,,,True,False,hard_filter -> bucket -> valuation -> market_state -> grid -> account_constraints
2023-10-11,600926.sh,杭州银行,defensive_dividend,BUY_1,BUY_1,0.04,0.0,9.37,0.1492537313432836,stock_pb_q_blended,37.86536227999643,industry_pb_q_blended,False,,CASH_INSUFFICIENT_FOR_ONE_LOT,买入请求不满足 100 股整手、现金或单票上限。,936.9999999999999,1873.9999999999998,59823.291658277994,59823.291658277994,False,CASH_INSUFFICIENT_FOR_ONE_LOT,False,,,True,False,hard_filter -> bucket -> valuation -> market_state -> grid -> account_constraints
2023-10-11,601336.sh,新华保险,defensive_dividend,BUY_1,BUY_1,0.04,0.0,31.77,21.11327321626325,stock_pb_q_blended,18.50442240686143,industry_pb_q_blended,False,,CASH_INSUFFICIENT_FOR_ONE_LOT,买入请求不满足 100 股整手、现金或单票上限。,3177.0,3177.0,59823.291658277994,59823.291658277994,False,CASH_INSUFFICIENT_FOR_ONE_LOT,False,,,True,False,hard_filter -> bucket -> valuation -> market_state -> grid -> account_constraints
2023-10-11,601601.sh,中国太保,defensive_dividend,BUY_1,BUY_1,0.04,0.0,26.47,31.069239703386046,stock_pb_q_blended,18.50442240686143,industry_pb_q_blended,False,,CASH_INSUFFICIENT_FOR_ONE_LOT,买入请求不满足 100 股整手、现金或单票上限。,2647.0,2647.0,59823.291658277994,59823.291658277994,False,CASH_INSUFFICIENT_FOR_ONE_LOT,False,,,True,False,hard_filter -> bucket -> valuation -> market_state -> grid -> account_constraints
2023-10-12,600926.sh,杭州银行,defensive_dividend,BUY_1,BUY_1,0.04,0.0,9.46,0.29806259314456035,stock_pb_q_blended,45.96912464001072,industry_pb_q_blended,False,,CASH_INSUFFICIENT_FOR_ONE_LOT,买入请求不满足 100 股整手、现金或单票上限。,946.0000000000001,1892.0000000000002,60157.371658277996,60157.371658277996,False,CASH_INSUFFICIENT_FOR_ONE_LOT,False,,,True,False,hard_filter -> bucket -> valuation -> market_state -> grid -> account_constraints
2023-10-12,601336.sh,新华保险,defensive_dividend,BUY_1,BUY_1,0.04,0.0,32.97,22.44230595463992,stock_pb_q_blended,22.879378474315185,industry_pb_q_blended,False,,CASH_INSUFFICIENT_FOR_ONE_LOT,买入请求不满足 100 股整手、现金或单票上限。,3297.0,3297.0,60157.371658277996,60157.371658277996,False,CASH_INSUFFICIENT_FOR_ONE_LOT,False,,,False,True,hard_filter -> bucket -> valuation -> market_state -> grid -> account_constraints
2023-10-13,600926.sh,杭州银行,defensive_dividend,BUY_1,BUY_1,0.04,0.0,9.37,0.2976190476190476,stock_pb_q_blended,49.096264560182085,industry_pb_q_blended,False,,CASH_INSUFFICIENT_FOR_ONE_LOT,买入请求不满足 100 股整手、现金或单票上限。,936.9999999999999,1873.9999999999998,59882.331658277995,59882.331658277995,False,CASH_INSUFFICIENT_FOR_ONE_LOT,False,,,True,False,hard_filter -> bucket -> valuation -> market_state -> grid -> account_constraints
2023-10-13,601336.sh,新华保险,defensive_dividend,BUY_1,BUY_1,0.04,0.0,32.67,22.172932330827066,stock_pb_q_blended,21.18962824117463,industry_pb_q_blended,False,,CASH_INSUFFICIENT_FOR_ONE_LOT,买入请求不满足 100 股整手、现金或单票上限。,3267.0,3267.0,59882.331658277995,59882.331658277995,False,CASH_INSUFFICIENT_FOR_ONE_LOT,False,,,True,False,hard_filter -> bucket -> valuation -> market_state -> grid -> account_constraints
2023-10-16,601336.sh,新华保险,defensive_dividend,BUY_1,BUY_1,0.04,0.0,32.84,22.436244640036108,stock_pb_q_blended,20.788446526151446,industry_pb_q_blended,False,,CASH_INSUFFICIENT_FOR_ONE_LOT,买入请求不满足 100 股整手、现金或单票上限。,3284.0000000000005,3284.0000000000005,59835.77165827799,59835.77165827799,False,CASH_INSUFFICIENT_FOR_ONE_LOT,False,,,True,False,hard_filter -> bucket -> valuation -> market_state -> grid -> account_constraints
2023-10-17,601336.sh,新华保险,defensive_dividend,BUY_1,BUY_1,0.04,0.0,33.74,23.431729489522006,stock_pb_q_blended,23.238630283574103,industry_pb_q_blended,False,,CASH_INSUFFICIENT_FOR_ONE_LOT,买入请求不满足 100 股整手、现金或单票上限。,3374.0,3374.0,59999.45165827799,59999.45165827799,False,CASH_INSUFFICIENT_FOR_ONE_LOT,False,,,True,False,hard_filter -> bucket -> valuation -> market_state -> grid -> account_constraints
2023-10-18,601336.sh,新华保险,defensive_dividend,BUY_1,BUY_1,0.04,0.0,33.05,22.696428571428573,stock_pb_q_blended,22.080286115382044,industry_pb_q_blended,False,,CASH_INSUFFICIENT_FOR_ONE_LOT,买入请求不满足 100 股整手、现金或单票上限。,3304.9999999999995,3304.9999999999995,59753.57165827799,59753.57165827799,False,CASH_INSUFFICIENT_FOR_ONE_LOT,False,,,True,False,hard_filter -> bucket -> valuation -> market_state -> grid -> account_constraints
2023-10-19,601318.sh,中国平安,defensive_dividend,BUY_2,BUY_2,0.08,0.03832,40.17,15.131720789344737,stock_pb_q_blended,17.68412846897412,industry_pb_q_blended,False,,CASH_INSUFFICIENT_FOR_ONE_LOT,加仓目标、现金或剩余单票容量尚未同时满足一手，进入 pending add。,4017.0,4017.0,59079.77165827799,38994.77165827799,False,CASH_INSUFFICIENT_FOR_ONE_LOT,True,LOT_SIZE_ACCUMULATION_REQUIRED,remaining_single_name_capacity >= lot_notional and available_cash >= lot_notional and accumulated_target_gap >= lot_notional,False,True,hard_filter -> bucket -> valuation -> market_state -> grid -> account_constraints
2023-10-19,601336.sh,新华保险,defensive_dividend,BUY_1,BUY_1,0.04,0.0,32.08,21.628580443062226,stock_pb_q_blended,17.68412846897412,industry_pb_q_blended,False,,CASH_INSUFFICIENT_FOR_ONE_LOT,买入请求不满足 100 股整手、现金或单票上限。,3208.0,3208.0,59079.77165827799,59079.77165827799,False,CASH_INSUFFICIENT_FOR_ONE_LOT,False,,,True,False,hard_filter -> bucket -> valuation -> market_state -> grid -> account_constraints
2023-10-20,000333.sz,美的集团,defensive_dividend,BUY_2,BUY_2,0.08,0.03548,46.23,25.36844447567517,stock_pe_ttm_q_blended,36.43425389248778,industry_pe_ttm_q_blended,False,,CASH_INSUFFICIENT_FOR_ONE_LOT,加仓目标、现金或剩余单票容量尚未同时满足一手，进入 pending add。,4623.0,4623.0,58981.909322021995,40489.909322021995,False,CASH_INSUFFICIENT_FOR_ONE_LOT,True,LOT_SIZE_ACCUMULATION_REQUIRED,remaining_single_name_capacity >= lot_notional and available_cash >= lot_notional and accumulated_target_gap >= lot_notional,False,True,hard_filter -> bucket -> valuation -> market_state -> grid -> account_constraints
2023-10-20,601318.sh,中国平安,defensive_dividend,BUY_2,BUY_2,0.08,0.03832,39.96,14.882655446470315,stock_pb_q_blended,15.836639284044615,industry_pb_q_blended,False,,CASH_INSUFFICIENT_FOR_ONE_LOT,加仓目标、现金或剩余单票容量尚未同时满足一手，进入 pending add。,3996.0,3996.0,58981.909322021995,39001.909322021995,False,CASH_INSUFFICIENT_FOR_ONE_LOT,True,LOT_SIZE_ACCUMULATION_REQUIRED,remaining_single_name_capacity >= lot_notional and available_cash >= lot_notional and accumulated_target_gap >= lot_notional,False,True,hard_filter -> bucket -> valuation -> market_state -> grid -> account_constraints
2023-10-20,601336.sh,新华保险,defensive_dividend,BUY_1,BUY_1,0.04,0.0,31.78,21.15988647114475,stock_pb_q_blended,15.836639284044615,industry_pb_q_blended,False,,CASH_INSUFFICIENT_FOR_ONE_LOT,买入请求不满足 100 股整手、现金或单票上限。,3178.0,3178.0,58981.909322021995,58981.909322021995,False,CASH_INSUFFICIENT_FOR_ONE_LOT,False,,,False,True,hard_filter -> bucket -> valuation -> market_state -> grid -> account_constraints
2023-10-20,601601.sh,中国太保,defensive_dividend,BUY_1,BUY_1,0.04,0.0,26.42,30.819408268216122,stock_pb_q_blended,15.836639284044615,industry_pb_q_blended,False,,CASH_INSUFFICIENT_FOR_ONE_LOT,买入请求不满足 100 股整手、现金或单票上限。,2642.0,2642.0,58981.909322021995,58981.909322021995,False,CASH_INSUFFICIENT_FOR_ONE_LOT,False,,,False,True,hard_filter -> bucket -> valuation -> market_state -> grid -> account_constraints
2023-10-23,000333.sz,美的集团,defensive_dividend,BUY_2,BUY_2,0.08,0.03548,46.3,25.515240904621436,stock_pe_ttm_q_blended,33.604689203925844,industry_pe_ttm_q_blended,False,,CASH_INSUFFICIENT_FOR_ONE_LOT,加仓目标、现金或剩余单票容量尚未同时满足一手，进入 pending add。,4630.0,4630.0,58677.229322021994,40157.229322021994,False,CASH_INSUFFICIENT_FOR_ONE_LOT,True,LOT_SIZE_ACCUMULATION_REQUIRED,remaining_single_name_capacity >= lot_notional and available_cash >= lot_notional and accumulated_target_gap >= lot_notional,True,False,hard_filter -> bucket -> valuation -> market_state -> grid -> account_constraints
2023-10-23,601318.sh,中国平安,defensive_dividend,BUY_2,BUY_2,0.08,0.03832,40.06,15.13351134846462,stock_pb_q_blended,14.215843346684466,industry_pb_q_blended,False,,CASH_INSUFFICIENT_FOR_ONE_LOT,加仓目标、现金或剩余单票容量尚未同时满足一手，进入 pending add。,4006.0,4006.0,58677.229322021994,38647.229322021994,False,CASH_INSUFFICIENT_FOR_ONE_LOT,True,LOT_SIZE_ACCUMULATION_REQUIRED,remaining_single_name_capacity >= lot_notional and available_cash >= lot_notional and accumulated_target_gap >= lot_notional,True,False,hard_filter -> bucket -> valuation -> market_state -> grid -> account_constraints
2023-10-23,601336.sh,新华保险,defensive_dividend,BUY_1,BUY_1,0.04,0.0,31.32,20.35866261398176,stock_pb_q_blended,14.215843346684466,industry_pb_q_blended,False,,CASH_INSUFFICIENT_FOR_ONE_LOT,买入请求不满足 100 股整手、现金或单票上限。,3132.0,3132.0,58677.229322021994,58677.229322021994,False,CASH_INSUFFICIENT_FOR_ONE_LOT,False,,,True,False,hard_filter -> bucket -> valuation -> market_state -> grid -> account_constraints
2023-10-23,601601.sh,中国太保,defensive_dividend,BUY_1,BUY_1,0.04,0.0,26.38,30.31330663106364,stock_pb_q_blended,14.215843346684466,industry_pb_q_blended,False,,CASH_INSUFFICIENT_FOR_ONE_LOT,买入请求不满足 100 股整手、现金或单票上限。,2638.0,2638.0,58677.229322021994,58677.229322021994,False,CASH_INSUFFICIENT_FOR_ONE_LOT,False,,,True,False,hard_filter -> bucket -> valuation -> market_state -> grid -> account_constraints
2023-10-24,000333.sz,美的集团,defensive_dividend,BUY_2,BUY_2,0.08,0.03548,46.23,25.42084942084942,stock_pe_ttm_q_blended,34.87315212207916,industry_pe_ttm_q_blended,False,,CASH_INSUFFICIENT_FOR_ONE_LOT,加仓目标、现金或剩余单票容量尚未同时满足一手，进入 pending add。,4623.0,4623.0,58829.33696669399,40337.33696669399,False,CASH_INSUFFICIENT_FOR_ONE_LOT,True,LOT_SIZE_ACCUMULATION_REQUIRED,remaining_single_name_capacity >= lot_notional and available_cash >= lot_notional and accumulated_target_gap >= lot_notional,False,True,hard_filter -> bucket -> valuation -> market_state -> grid -> account_constraints
2023-10-24,601318.sh,中国平安,defensive_dividend,BUY_2,BUY_2,0.08,0.03832,40.22,15.48793398723338,stock_pb_q_blended,17.45061275327506,industry_pb_q_blended,False,,CASH_INSUFFICIENT_FOR_ONE_LOT,加仓目标、现金或剩余单票容量尚未同时满足一手，进入 pending add。,4022.0,4022.0,58829.33696669399,38719.33696669399,False,CASH_INSUFFICIENT_FOR_ONE_LOT,True,LOT_SIZE_ACCUMULATION_REQUIRED,remaining_single_name_capacity >= lot_notional and available_cash >= lot_notional and accumulated_target_gap >= lot_notional,False,True,hard_filter -> bucket -> valuation -> market_state -> grid -> account_constraints
2023-10-24,601336.sh,新华保险,defensive_dividend,BUY_1,BUY_1,0.04,0.0,31.57,20.888108740660726,stock_pb_q_blended,17.45061275327506,industry_pb_q_blended,False,,CASH_INSUFFICIENT_FOR_ONE_LOT,买入请求不满足 100 股整手、现金或单票上限。,3157.0,3157.0,58829.33696669399,58829.33696669399,False,CASH_INSUFFICIENT_FOR_ONE_LOT,False,,,False,True,hard_filter -> bucket -> valuation -> market_state -> grid -> account_constraints
2023-10-24,601601.sh,中国太保,defensive_dividend,BUY_1,BUY_1,0.04,0.0,26.4,30.611418785169366,stock_pb_q_blended,17.45061275327506,industry_pb_q_blended,False,,CASH_INSUFFICIENT_FOR_ONE_LOT,买入请求不满足 100 股整手、现金或单票上限。,2640.0,2640.0,58829.33696669399,58829.33696669399,False,CASH_INSUFFICIENT_FOR_ONE_LOT,False,,,False,True,hard_filter -> bucket -> valuation -> market_state -> grid -> account_constraints
2023-10-25,000333.sz,美的集团,defensive_dividend,BUY_2,BUY_2,0.08,0.03548,45.47,22.969220694171575,stock_pe_ttm_q_blended,34.59789368559626,industry_pe_ttm_q_blended,False,,CASH_INSUFFICIENT_FOR_ONE_LOT,加仓目标、现金或剩余单票容量尚未同时满足一手，进入 pending add。,4547.0,4547.0,58904.45696669399,40716.45696669399,False,CASH_INSUFFICIENT_FOR_ONE_LOT,True,LOT_SIZE_ACCUMULATION_REQUIRED,remaining_single_name_capacity >= lot_notional and available_cash >= lot_notional and accumulated_target_gap >= lot_notional,True,False,hard_filter -> bucket -> valuation -> market_state -> grid -> account_constraints
2023-10-25,601318.sh,中国平安,defensive_dividend,BUY_2,BUY_2,0.08,0.03832,40.55,15.972922502334267,stock_pb_q_blended,16.747899159663866,industry_pb_q_blended,False,,CASH_INSUFFICIENT_FOR_ONE_LOT,加仓目标、现金或剩余单票容量尚未同时满足一手，进入 pending add。,4054.9999999999995,4054.9999999999995,58904.45696669399,38629.45696669399,False,CASH_INSUFFICIENT_FOR_ONE_LOT,True,LOT_SIZE_ACCUMULATION_REQUIRED,remaining_single_name_capacity >= lot_notional and available_cash >= lot_notional and accumulated_target_gap >= lot_notional,True,False,hard_filter -> bucket -> valuation -> market_state -> grid -> account_constraints
2023-10-25,601336.sh,新华保险,defensive_dividend,BUY_1,BUY_1,0.04,0.0,31.07,19.954112963087923,stock_pb_q_blended,16.747899159663866,industry_pb_q_blended,False,,CASH_INSUFFICIENT_FOR_ONE_LOT,买入请求不满足 100 股整手、现金或单票上限。,3107.0,3107.0,58904.45696669399,58904.45696669399,False,CASH_INSUFFICIENT_FOR_ONE_LOT,False,,,True,False,hard_filter -> bucket -> valuation -> market_state -> grid -> account_constraints
2023-10-25,601601.sh,中国太保,defensive_dividend,BUY_1,BUY_1,0.04,0.0,26.6,32.01774042950513,stock_pb_q_blended,16.747899159663866,industry_pb_q_blended,False,,CASH_INSUFFICIENT_FOR_ONE_LOT,买入请求不满足 100 股整手、现金或单票上限。,2660.0,2660.0,58904.45696669399,58904.45696669399,False,CASH_INSUFFICIENT_FOR_ONE_LOT,False,,,True,False,hard_filter -> bucket -> valuation -> market_state -> grid -> account_constraints
2023-10-26,000333.sz,美的集团,defensive_dividend,BUY_2,BUY_2,0.08,0.03548,45.56,23.4246440844379,stock_pe_ttm_q_blended,34.67515143265501,industry_pe_ttm_q_blended,False,,CASH_INSUFFICIENT_FOR_ONE_LOT,加仓目标、现金或剩余单票容量尚未同时满足一手，进入 pending add。,4556.0,4556.0,59043.05696669399,40819.05696669399,False,CASH_INSUFFICIENT_FOR_ONE_LOT,True,LOT_SIZE_ACCUMULATION_REQUIRED,remaining_single_name_capacity >= lot_notional and available_cash >= lot_notional and accumulated_target_gap >= lot_notional,True,False,hard_filter -> bucket -> valuation -> market_state -> grid -> account_constraints
2023-10-26,601318.sh,中国平安,defensive_dividend,BUY_2,BUY_2,0.08,0.03832,40.74,16.525831611225918,stock_pb_q_blended,16.81185698731196,industry_pb_q_blended,False,,CASH_INSUFFICIENT_FOR_ONE_LOT,加仓目标、现金或剩余单票容量尚未同时满足一手，进入 pending add。,4074.0,4074.0,59043.05696669399,38673.05696669399,False,CASH_INSUFFICIENT_FOR_ONE_LOT,True,LOT_SIZE_ACCUMULATION_REQUIRED,remaining_single_name_capacity >= lot_notional and available_cash >= lot_notional and accumulated_target_gap >= lot_notional,True,False,hard_filter -> bucket -> valuation -> market_state -> grid -> account_constraints
2023-10-26,601336.sh,新华保险,defensive_dividend,BUY_1,BUY_1,0.04,0.0,31.07,20.017941454202077,stock_pb_q_blended,16.81185698731196,industry_pb_q_blended,False,,CASH_INSUFFICIENT_FOR_ONE_LOT,买入请求不满足 100 股整手、现金或单票上限。,3107.0,3107.0,59043.05696669399,59043.05696669399,False,CASH_INSUFFICIENT_FOR_ONE_LOT,False,,,True,False,hard_filter -> bucket -> valuation -> market_state -> grid -> account_constraints
2023-10-26,601601.sh,中国太保,defensive_dividend,BUY_1,BUY_1,0.04,0.0,26.41,30.801257693931518,stock_pb_q_blended,16.81185698731196,industry_pb_q_blended,False,,CASH_INSUFFICIENT_FOR_ONE_LOT,买入请求不满足 100 股整手、现金或单票上限。,2641.0,2641.0,59043.05696669399,59043.05696669399,False,CASH_INSUFFICIENT_FOR_ONE_LOT,False,,,True,False,hard_filter -> bucket -> valuation -> market_state -> grid -> account_constraints
2023-10-27,000333.sz,美的集团,defensive_dividend,BUY_2,BUY_2,0.08,0.03548,46.79,28.032431422029063,stock_pe_ttm_q_blended,38.90476190476191,industry_pe_ttm_q_blended,False,,CASH_INSUFFICIENT_FOR_ONE_LOT,加仓目标、现金或剩余单票容量尚未同时满足一手，进入 pending add。,4679.0,4679.0,59441.09696669399,40725.09696669399,False,CASH_INSUFFICIENT_FOR_ONE_LOT,True,LOT_SIZE_ACCUMULATION_REQUIRED,remaining_single_name_capacity >= lot_notional and available_cash >= lot_notional and accumulated_target_gap >= lot_notional,True,False,hard_filter -> bucket -> valuation -> market_state -> grid -> account_constraints
2023-10-27,601318.sh,中国平安,defensive_dividend,BUY_2,BUY_2,0.08,0.03832,40.22,15.541400142146411,stock_pb_q_blended,17.074626865671643,industry_pb_q_blended,False,,CASH_INSUFFICIENT_FOR_ONE_LOT,加仓目标、现金或剩余单票容量尚未同时满足一手，进入 pending add。,4022.0,4022.0,59441.09696669399,39331.09696669399,False,CASH_INSUFFICIENT_FOR_ONE_LOT,True,LOT_SIZE_ACCUMULATION_REQUIRED,remaining_single_name_capacity >= lot_notional and available_cash >= lot_notional and accumulated_target_gap >= lot_notional,True,False,hard_filter -> bucket -> valuation -> market_state -> grid -> account_constraints
2023-10-27,601336.sh,新华保险,defensive_dividend,BUY_1,BUY_1,0.04,0.0,30.33,18.28636598575249,stock_pb_q_blended,17.074626865671643,industry_pb_q_blended,False,,CASH_INSUFFICIENT_FOR_ONE_LOT,买入请求不满足 100 股整手、现金或单票上限。,3033.0,3033.0,59441.09696669399,59441.09696669399,False,CASH_INSUFFICIENT_FOR_ONE_LOT,False,,,False,True,hard_filter -> bucket -> valuation -> market_state -> grid -> account_constraints
2023-10-27,601601.sh,中国太保,defensive_dividend,BUY_1,BUY_1,0.04,0.0,25.4,22.50781805259417,stock_pb_q_blended,17.074626865671643,industry_pb_q_blended,False,,CASH_INSUFFICIENT_FOR_ONE_LOT,买入请求不满足 100 股整手、现金或单票上限。,2540.0,2540.0,59441.09696669399,59441.09696669399,False,CASH_INSUFFICIENT_FOR_ONE_LOT,False,,,False,True,hard_filter -> bucket -> valuation -> market_state -> grid -> account_constraints
2023-10-30,601318.sh,中国平安,defensive_dividend,BUY_2,BUY_2,0.08,0.03832,40.35,17.848484848484848,stock_pb_q_blended,17.00599400599401,industry_pb_q_blended,False,,CASH_INSUFFICIENT_FOR_ONE_LOT,加仓目标、现金或剩余单票容量尚未同时满足一手，进入 pending add。,4035.0,4035.0,59182.856966693995,39007.856966693995,False,CASH_INSUFFICIENT_FOR_ONE_LOT,True,LOT_SIZE_ACCUMULATION_REQUIRED,remaining_single_name_capacity >= lot_notional and available_cash >= lot_notional and accumulated_target_gap >= lot_notional,True,False,hard_filter -> bucket -> valuation -> market_state -> grid -> account_constraints
2023-10-30,601336.sh,新华保险,defensive_dividend,BUY_1,BUY_1,0.04,0.0,29.3,18.483378256963164,stock_pb_q_blended,17.00599400599401,industry_pb_q_blended,False,,CASH_INSUFFICIENT_FOR_ONE_LOT,买入请求不满足 100 股整手、现金或单票上限。,2930.0,2930.0,59182.856966693995,59182.856966693995,False,CASH_INSUFFICIENT_FOR_ONE_LOT,False,,,False,True,hard_filter -> bucket -> valuation -> market_state -> grid -> account_constraints
2023-10-30,601601.sh,中国太保,defensive_dividend,BUY_1,BUY_1,0.04,0.0,25.04,23.204462204462207,stock_pb_q_blended,17.00599400599401,industry_pb_q_blended,False,,CASH_INSUFFICIENT_FOR_ONE_LOT,买入请求不满足 100 股整手、现金或单票上限。,2504.0,2504.0,59182.856966693995,59182.856966693995,False,CASH_INSUFFICIENT_FOR_ONE_LOT,False,,,True,False,hard_filter -> bucket -> valuation -> market_state -> grid -> account_constraints
2023-10-31,000333.sz,美的集团,defensive_dividend,BUY_2,BUY_2,0.08,0.03548,45.97,19.88235294117647,stock_pe_ttm_q_blended,29.63232295772734,industry_pe_ttm_q_blended,False,,CASH_INSUFFICIENT_FOR_ONE_LOT,加仓目标、现金或剩余单票容量尚未同时满足一手，进入 pending add。,4597.0,4597.0,58992.05696669399,40604.05696669399,False,CASH_INSUFFICIENT_FOR_ONE_LOT,True,LOT_SIZE_ACCUMULATION_REQUIRED,remaining_single_name_capacity >= lot_notional and available_cash >= lot_notional and accumulated_target_gap >= lot_notional,True,False,hard_filter -> bucket -> valuation -> market_state -> grid -> account_constraints
2023-10-31,601318.sh,中国平安,defensive_dividend,BUY_2,BUY_2,0.08,0.03832,40.5,18.779656503794435,stock_pb_q_blended,17.13615586029379,industry_pb_q_blended,False,,CASH_INSUFFICIENT_FOR_ONE_LOT,加仓目标、现金或剩余单票容量尚未同时满足一手，进入 pending add。,4050.0,4050.0,58992.05696669399,38742.05696669399,False,CASH_INSUFFICIENT_FOR_ONE_LOT,True,LOT_SIZE_ACCUMULATION_REQUIRED,remaining_single_name_capacity >= lot_notional and available_cash >= lot_notional and accumulated_target_gap >= lot_notional,True,False,hard_filter -> bucket -> valuation -> market_state -> grid -> account_constraints
2023-10-31,601336.sh,新华保险,defensive_dividend,BUY_1,BUY_1,0.04,0.0,29.35,18.68033946251768,stock_pb_q_blended,17.13615586029379,industry_pb_q_blended,False,,CASH_INSUFFICIENT_FOR_ONE_LOT,买入请求不满足 100 股整手、现金或单票上限。,2935.0,2935.0,58992.05696669399,58992.05696669399,False,CASH_INSUFFICIENT_FOR_ONE_LOT,False,,,True,False,hard_filter -> bucket -> valuation -> market_state -> grid -> account_constraints
2023-10-31,601601.sh,中国太保,defensive_dividend,BUY_1,BUY_1,0.04,0.0,25.65,28.45204810722052,stock_pb_q_blended,17.13615586029379,industry_pb_q_blended,False,,CASH_INSUFFICIENT_FOR_ONE_LOT,买入请求不满足 100 股整手、现金或单票上限。,2565.0,2565.0,58992.05696669399,58992.05696669399,False,CASH_INSUFFICIENT_FOR_ONE_LOT,False,,,True,False,hard_filter -> bucket -> valuation -> market_state -> grid -> account_constraints
2023-11-01,000333.sz,美的集团,defensive_dividend,BUY_2,BUY_2,0.08,0.03548,46.06,20.1643452089312,stock_pe_ttm_q_blended,30.072005977854765,industry_pe_ttm_q_blended,False,,CASH_INSUFFICIENT_FOR_ONE_LOT,加仓目标、现金或剩余单票容量尚未同时满足一手，进入 pending add。,4606.0,4606.0,59013.05696669399,40589.05696669399,False,CASH_INSUFFICIENT_FOR_ONE_LOT,True,LOT_SIZE_ACCUMULATION_REQUIRED,remaining_single_name_capacity >= lot_notional and available_cash >= lot_notional and accumulated_target_gap >= lot_notional,True,False,hard_filter -> bucket -> valuation -> market_state -> grid -> account_constraints
2023-11-01,601318.sh,中国平安,defensive_dividend,BUY_2,BUY_2,0.08,0.03832,40.15,16.86597023532282,stock_pb_q_blended,15.554150863885376,industry_pb_q_blended,False,,CASH_INSUFFICIENT_FOR_ONE_LOT,加仓目标、现金或剩余单票容量尚未同时满足一手，进入 pending add。,4015.0,4015.0,59013.05696669399,38938.05696669399,False,CASH_INSUFFICIENT_FOR_ONE_LOT,True,LOT_SIZE_ACCUMULATION_REQUIRED,remaining_single_name_capacity >= lot_notional and available_cash >= lot_notional and accumulated_target_gap >= lot_notional,True,False,hard_filter -> bucket -> valuation -> market_state -> grid -> account_constraints
2023-11-01,601336.sh,新华保险,defensive_dividend,BUY_1,BUY_1,0.04,0.0,28.9,17.348458327723172,stock_pb_q_blended,15.554150863885376,industry_pb_q_blended,False,,CASH_INSUFFICIENT_FOR_ONE_LOT,买入请求不满足 100 股整手、现金或单票上限。,2890.0,2890.0,59013.05696669399,59013.05696669399,False,CASH_INSUFFICIENT_FOR_ONE_LOT,False,,,True,False,hard_filter -> bucket -> valuation -> market_state -> grid -> account_constraints
2023-11-01,601601.sh,中国太保,defensive_dividend,BUY_1,BUY_1,0.04,0.0,25.4,25.8372479872247,stock_pb_q_blended,15.554150863885376,industry_pb_q_blended,False,,CASH_INSUFFICIENT_FOR_ONE_LOT,买入请求不满足 100 股整手、现金或单票上限。,2540.0,2540.0,59013.05696669399,59013.05696669399,False,CASH_INSUFFICIENT_FOR_ONE_LOT,False,,,True,False,hard_filter -> bucket -> valuation -> market_state -> grid -> account_constraints
2023-11-02,000333.sz,美的集团,defensive_dividend,BUY_2,BUY_2,0.08,0.03548,46.23,20.79343314211091,stock_pe_ttm_q_blended,28.427304001448487,industry_pe_ttm_q_blended,False,,CASH_INSUFFICIENT_FOR_ONE_LOT,加仓目标、现金或剩余单票容量尚未同时满足一手，进入 pending add。,4623.0,4623.0,59117.216966693995,40625.216966693995,False,CASH_INSUFFICIENT_FOR_ONE_LOT,True,LOT_SIZE_ACCUMULATION_REQUIRED,remaining_single_name_capacity >= lot_notional and available_cash >= lot_notional and accumulated_target_gap >= lot_notional,True,False,hard_filter -> bucket -> valuation -> market_state -> grid -> account_constraints
2023-11-02,601318.sh,中国平安,defensive_dividend,BUY_2,BUY_2,0.08,0.03832,40.1,16.757914338919925,stock_pb_q_blended,14.332801276935356,industry_pb_q_blended,False,,CASH_INSUFFICIENT_FOR_ONE_LOT,加仓目标、现金或剩余单票容量尚未同时满足一手，进入 pending add。,4010.0,4010.0,59117.216966693995,39067.216966693995,False,CASH_INSUFFICIENT_FOR_ONE_LOT,True,LOT_SIZE_ACCUMULATION_REQUIRED,remaining_single_name_capacity >= lot_notional and available_cash >= lot_notional and accumulated_target_gap >= lot_notional,True,False,hard_filter -> bucket -> valuation -> market_state -> grid -> account_constraints
2023-11-02,601336.sh,新华保险,defensive_dividend,BUY_1,BUY_1,0.04,0.0,28.5,16.216315636004758,stock_pb_q_blended,14.332801276935356,industry_pb_q_blended,False,,CASH_INSUFFICIENT_FOR_ONE_LOT,买入请求不满足 100 股整手、现金或单票上限。,2850.0,2850.0,59117.216966693995,59117.216966693995,False,CASH_INSUFFICIENT_FOR_ONE_LOT,False,,,True,False,hard_filter -> bucket -> valuation -> market_state -> grid -> account_constraints
2023-11-02,601601.sh,中国太保,defensive_dividend,BUY_1,BUY_1,0.04,0.0,25.02,23.127959563713752,stock_pb_q_blended,14.332801276935356,industry_pb_q_blended,False,,CASH_INSUFFICIENT_FOR_ONE_LOT,买入请求不满足 100 股整手、现金或单票上限。,2502.0,2502.0,59117.216966693995,59117.216966693995,False,CASH_INSUFFICIENT_FOR_ONE_LOT,False,,,True,False,hard_filter -> bucket -> valuation -> market_state -> grid -> account_constraints
2023-11-03,000333.sz,美的集团,defensive_dividend,BUY_2,BUY_2,0.08,0.03548,45.85,19.708971400601357,stock_pe_ttm_q_blended,29.38095238095238,industry_pe_ttm_q_blended,False,,CASH_INSUFFICIENT_FOR_ONE_LOT,加仓目标、现金或剩余单票容量尚未同时满足一手，进入 pending add。,4585.0,4585.0,59051.33696669399,40711.33696669399,False,CASH_INSUFFICIENT_FOR_ONE_LOT,True,LOT_SIZE_ACCUMULATION_REQUIRED,remaining_single_name_capacity >= lot_notional and available_cash >= lot_notional and accumulated_target_gap >= lot_notional,True,False,hard_filter -> bucket -> valuation -> market_state -> grid -> account_constraints
2023-11-03,601336.sh,新华保险,defensive_dividend,BUY_1,BUY_1,0.04,0.0,28.47,15.948345439870863,stock_pb_q_blended,15.33255777881185,industry_pb_q_blended,False,,CASH_INSUFFICIENT_FOR_ONE_LOT,买入请求不满足 100 股整手、现金或单票上限。,2847.0,2847.0,59051.33696669399,59051.33696669399,False,CASH_INSUFFICIENT_FOR_ONE_LOT,False,,,True,False,hard_filter -> bucket -> valuation -> market_state -> grid -> account_constraints
2023-11-03,601601.sh,中国太保,defensive_dividend,BUY_1,BUY_1,0.04,0.0,24.84,21.46052427485652,stock_pb_q_blended,15.33255777881185,industry_pb_q_blended,False,,CASH_INSUFFICIENT_FOR_ONE_LOT,买入请求不满足 100 股整手、现金或单票上限。,2484.0,2484.0,59051.33696669399,59051.33696669399,False,CASH_INSUFFICIENT_FOR_ONE_LOT,False,,,True,False,hard_filter -> bucket -> valuation -> market_state -> grid -> account_constraints
2023-11-06,000333.sz,美的集团,defensive_dividend,BUY_2,BUY_2,0.08,0.03548,46.19,20.69341161121983,stock_pe_ttm_q_blended,32.35110568443902,industry_pe_ttm_q_blended,False,,CASH_INSUFFICIENT_FOR_ONE_LOT,加仓目标、现金或剩余单票容量尚未同时满足一手，进入 pending add。,4619.0,4619.0,59289.77696669399,40813.77696669399,False,CASH_INSUFFICIENT_FOR_ONE_LOT,True,LOT_SIZE_ACCUMULATION_REQUIRED,remaining_single_name_capacity >= lot_notional and available_cash >= lot_notional and accumulated_target_gap >= lot_notional,True,False,hard_filter -> bucket -> valuation -> market_state -> grid -> account_constraints
2023-11-06,601336.sh,新华保险,defensive_dividend,BUY_1,BUY_1,0.04,0.0,29.51,19.334789915966386,stock_pb_q_blended,22.49235880398671,industry_pb_q_blended,False,,CASH_INSUFFICIENT_FOR_ONE_LOT,买入请求不满足 100 股整手、现金或单票上限。,2951.0,2951.0,59289.77696669399,59289.77696669399,False,CASH_INSUFFICIENT_FOR_ONE_LOT,False,,,True,False,hard_filter -> bucket -> valuation -> market_state -> grid -> account_constraints
2023-11-06,601601.sh,中国太保,defensive_dividend,BUY_1,BUY_1,0.04,0.0,24.96,22.771428571428572,stock_pb_q_blended,22.49235880398671,industry_pb_q_blended,False,,CASH_INSUFFICIENT_FOR_ONE_LOT,买入请求不满足 100 股整手、现金或单票上限。,2496.0,2496.0,59289.77696669399,59289.77696669399,False,CASH_INSUFFICIENT_FOR_ONE_LOT,False,,,True,False,hard_filter -> bucket -> valuation -> market_state -> grid -> account_constraints
2023-11-07,000333.sz,美的集团,defensive_dividend,BUY_2,BUY_2,0.08,0.03548,46.15,20.532890906974036,stock_pe_ttm_q_blended,32.42857142857143,industry_pe_ttm_q_blended,False,,CASH_INSUFFICIENT_FOR_ONE_LOT,加仓目标、现金或剩余单票容量尚未同时满足一手，进入 pending add。,4615.0,4615.0,59159.93696669399,40699.93696669399,False,CASH_INSUFFICIENT_FOR_ONE_LOT,True,LOT_SIZE_ACCUMULATION_REQUIRED,remaining_single_name_capacity >= lot_notional and available_cash >= lot_notional and accumulated_target_gap >= lot_notional,True,False,hard_filter -> bucket -> valuation -> market_state -> grid -> account_constraints
2023-11-07,601336.sh,新华保险,defensive_dividend,BUY_1,BUY_1,0.04,0.0,28.79,17.139900551001208,stock_pb_q_blended,22.18708906156605,industry_pb_q_blended,False,,CASH_INSUFFICIENT_FOR_ONE_LOT,买入请求不满足 100 股整手、现金或单票上限。,2879.0,2879.0,59159.93696669399,59159.93696669399,False,CASH_INSUFFICIENT_FOR_ONE_LOT,False,,,True,False,hard_filter -> bucket -> valuation -> market_state -> grid -> account_constraints
2023-11-08,000333.sz,美的集团,defensive_dividend,BUY_2,BUY_2,0.08,0.03548,45.9,19.776427873202067,stock_pe_ttm_q_blended,32.37282009578025,industry_pe_ttm_q_blended,False,,CASH_INSUFFICIENT_FOR_ONE_LOT,加仓目标、现金或剩余单票容量尚未同时满足一手，进入 pending add。,4590.0,4590.0,59038.256966693996,40678.256966693996,False,CASH_INSUFFICIENT_FOR_ONE_LOT,True,LOT_SIZE_ACCUMULATION_REQUIRED,remaining_single_name_capacity >= lot_notional and available_cash >= lot_notional and accumulated_target_gap >= lot_notional,True,False,hard_filter -> bucket -> valuation -> market_state -> grid -> account_constraints
2023-11-09,000333.sz,美的集团,defensive_dividend,BUY_2,BUY_2,0.08,0.03548,45.5,19.442738502337914,stock_pe_ttm_q_blended,31.575357312199415,industry_pe_ttm_q_blended,False,,CASH_INSUFFICIENT_FOR_ONE_LOT,加仓目标、现金或剩余单票容量尚未同时满足一手，进入 pending add。,4550.0,4550.0,58954.256966693996,40754.256966693996,False,CASH_INSUFFICIENT_FOR_ONE_LOT,True,LOT_SIZE_ACCUMULATION_REQUIRED,remaining_single_name_capacity >= lot_notional and available_cash >= lot_notional and accumulated_target_gap >= lot_notional,True,False,hard_filter -> bucket -> valuation -> market_state -> grid -> account_constraints
2023-11-21,601018.sh,宁波港,cyclical_rotation,BUY_1,BUY_1,0.03,0.0,3.28,6.064370412196499,stock_pb_q_blended,20.126793151318832,industry_pb_q_blended,False,,CASH_INSUFFICIENT_FOR_ONE_LOT,买入请求不满足 100 股整手、现金或单票上限。,328.0,1640.0,44091.9427250205,44091.9427250205,False,CASH_INSUFFICIENT_FOR_ONE_LOT,False,,,False,True,hard_filter -> bucket -> valuation -> market_state -> grid -> account_constraints
2023-11-22,601018.sh,宁波港,cyclical_rotation,BUY_1,BUY_1,0.03,0.0,3.3,7.4109347442680775,stock_pb_q_blended,19.407250781903883,industry_pb_q_blended,False,,CASH_INSUFFICIENT_FOR_ONE_LOT,买入请求不满足 100 股整手、现金或单票上限。,330.0,1650.0,44014.182725020495,44014.182725020495,False,CASH_INSUFFICIENT_FOR_ONE_LOT,False,,,True,False,hard_filter -> bucket -> valuation -> market_state -> grid -> account_constraints
2023-11-23,601018.sh,宁波港,cyclical_rotation,BUY_1,BUY_1,0.03,0.0,3.34,9.565458562497062,stock_pb_q_blended,20.91169671752196,industry_pb_q_blended,False,,CASH_INSUFFICIENT_FOR_ONE_LOT,买入请求不满足 100 股整手、现金或单票上限。,334.0,1670.0,44089.60272502049,44089.60272502049,False,CASH_INSUFFICIENT_FOR_ONE_LOT,False,,,True,False,hard_filter -> bucket -> valuation -> market_state -> grid -> account_constraints
2023-11-24,601018.sh,宁波港,cyclical_rotation,BUY_1,BUY_1,0.03,0.0,3.34,9.631428101581037,stock_pb_q_blended,20.19223659889094,industry_pb_q_blended,False,,CASH_INSUFFICIENT_FOR_ONE_LOT,买入请求不满足 100 股整手、现金或单票上限。,334.0,1670.0,44069.8027250205,44069.8027250205,False,CASH_INSUFFICIENT_FOR_ONE_LOT,False,,,True,False,hard_filter -> bucket -> valuation -> market_state -> grid -> account_constraints
2023-11-27,601018.sh,宁波港,cyclical_rotation,BUY_1,BUY_1,0.03,0.0,3.36,10.572837418991266,stock_pb_q_blended,20.961178928846362,industry_pb_q_blended,False,,CASH_INSUFFICIENT_FOR_ONE_LOT,买入请求不满足 100 股整手、现金或单票上限。,336.0,1680.0,43888.542725020496,43888.542725020496,False,CASH_INSUFFICIENT_FOR_ONE_LOT,False,,,True,False,hard_filter -> bucket -> valuation -> market_state -> grid -> account_constraints
2023-11-28,000333.sz,美的集团,defensive_dividend,BUY_2,BUY_2,0.04672,0.03548,45.58,,,,,,,TOTAL_EXPOSURE_LIMIT_AT_FILL,成交日价格重算后，现金、整手、最小成交额、总仓位或单票上限不满足。,4558.0,4558.0,58535.816966693994,40303.816966693994,False,,False,,remaining_single_name_capacity >= lot_notional and available_cash >= lot_notional and accumulated_target_gap >= lot_notional,False,True,
2023-11-28,601018.sh,宁波港,cyclical_rotation,BUY_1,BUY_1,0.03,0.0,3.38,11.513975920580158,stock_pb_q_blended,20.826012399419604,industry_pb_q_blended,False,,CASH_INSUFFICIENT,买入请求不满足 100 股整手、现金或单票上限。,338.0,1690.0,43901.862725020495,43901.862725020495,False,CASH_INSUFFICIENT,False,,,False,True,hard_filter -> bucket -> valuation -> market_state -> grid -> account_constraints
2024-08-19,000807.sz,云铝股份,cyclical_rotation,BUY_1,BUY_1,0.03,0.0,11.13,29.182536245334,stock_pb_q_blended,27.893497621080883,industry_pb_q_blended,False,,CASH_INSUFFICIENT_FOR_ONE_LOT,买入请求不满足 100 股整手、现金或单票上限。,1113.0,2226.0,45082.84681587599,45082.84681587599,False,CASH_INSUFFICIENT_FOR_ONE_LOT,False,,,False,True,hard_filter -> bucket -> valuation -> market_state -> grid -> account_constraints
2024-08-26,000807.sz,云铝股份,cyclical_rotation,BUY_1,BUY_1,0.03,0.0,10.96,27.88533563814463,stock_pb_q_blended,25.901028668817336,industry_pb_q_blended,False,,CASH_INSUFFICIENT_FOR_ONE_LOT,买入请求不满足 100 股整手、现金或单票上限。,1096.0,2192.0,45087.13681383599,45087.13681383599,False,CASH_INSUFFICIENT_FOR_ONE_LOT,False,,,False,True,hard_filter -> bucket -> valuation -> market_state -> grid -> account_constraints
2024-08-27,000807.sz,云铝股份,cyclical_rotation,BUY_1,BUY_1,0.03,0.0,11.28,28.585518872775893,stock_pb_q_blended,23.973310618966494,industry_pb_q_blended,False,,CASH_INSUFFICIENT_FOR_ONE_LOT,买入请求不满足 100 股整手、现金或单票上限。,1128.0,2256.0,45032.247364895986,45032.247364895986,False,CASH_INSUFFICIENT_FOR_ONE_LOT,False,,,False,True,hard_filter -> bucket -> valuation -> market_state -> grid -> account_constraints
2024-08-28,000807.sz,云铝股份,cyclical_rotation,BUY_1,BUY_1,0.03,0.0,11.17,27.71551936836911,stock_pb_q_blended,23.067019400352734,industry_pb_q_blended,False,,CASH_INSUFFICIENT_FOR_ONE_LOT,买入请求不满足 100 股整手、现金或单票上限。,1117.0,2234.0,44933.33736489599,44933.33736489599,False,CASH_INSUFFICIENT_FOR_ONE_LOT,False,,,True,False,hard_filter -> bucket -> valuation -> market_state -> grid -> account_constraints
2024-08-29,600233.sh,圆通速递,cyclical_rotation,BUY_2,BUY_2,0.06,0.027956,15.11,21.28305116986875,stock_pb_q_blended,21.588449848024318,industry_pb_q_blended,False,,CASH_INSUFFICIENT_FOR_ONE_LOT,加仓目标、现金或剩余单票容量尚未同时满足一手，进入 pending add。,1511.0,1511.0,44775.47736489599,29665.47736489599,False,CASH_INSUFFICIENT_FOR_ONE_LOT,True,LOT_SIZE_ACCUMULATION_REQUIRED,remaining_single_name_capacity >= lot_notional and available_cash >= lot_notional and accumulated_target_gap >= lot_notional,False,True,hard_filter -> bucket -> valuation -> market_state -> grid -> account_constraints
2024-08-29,000807.sz,云铝股份,cyclical_rotation,BUY_1,BUY_1,0.03,0.0,11.18,27.72795281254496,stock_pb_q_blended,24.195947315096248,industry_pb_q_blended,False,,CASH_INSUFFICIENT_FOR_ONE_LOT,买入请求不满足 100 股整手、现金或单票上限。,1118.0,2236.0,44775.47736489599,44775.47736489599,False,CASH_INSUFFICIENT_FOR_ONE_LOT,False,,,True,False,hard_filter -> bucket -> valuation -> market_state -> grid -> account_constraints
2024-08-30,600233.sh,圆通速递,cyclical_rotation,BUY_2,BUY_2,0.06,0.027956,14.9,19.05116829340432,stock_pb_q_blended,22.802900488140814,industry_pb_q_blended,False,,CASH_INSUFFICIENT_FOR_ONE_LOT,加仓目标、现金或剩余单票容量尚未同时满足一手，进入 pending add。,1490.0,2980.0,44704.10736489599,29804.107364895986,False,CASH_INSUFFICIENT_FOR_ONE_LOT,True,LOT_SIZE_ACCUMULATION_REQUIRED,remaining_single_name_capacity >= lot_notional and available_cash >= lot_notional and accumulated_target_gap >= lot_notional,True,False,hard_filter -> bucket -> valuation -> market_state -> grid -> account_constraints
2024-08-30,000807.sz,云铝股份,cyclical_rotation,BUY_1,BUY_1,0.03,0.0,11.35,28.968199186490814,stock_pb_q_blended,24.878714224949867,industry_pb_q_blended,False,,CASH_INSUFFICIENT_FOR_ONE_LOT,买入请求不满足 100 股整手、现金或单票上限。,1135.0,2270.0,44704.10736489599,44704.10736489599,False,CASH_INSUFFICIENT_FOR_ONE_LOT,False,,,True,False,hard_filter -> bucket -> valuation -> market_state -> grid -> account_constraints
2024-09-02,300628.sz,亿联网络,defensive_dividend,BUY_2,BUY_2,0.08,0.037231,29.26,9.213483146067416,stock_pe_ttm_q_blended,26.067921742340342,industry_pe_ttm_q_blended,False,,CASH_INSUFFICIENT_FOR_ONE_LOT,加仓目标、现金或剩余单票容量尚未同时满足一手，进入 pending add。,2926.0,2926.0,59514.15648652799,41958.15648652799,False,CASH_INSUFFICIENT_FOR_ONE_LOT,True,LOT_SIZE_ACCUMULATION_REQUIRED,remaining_single_name_capacity >= lot_notional and available_cash >= lot_notional and accumulated_target_gap >= lot_notional,False,True,hard_filter -> bucket -> valuation -> market_state -> grid -> account_constraints
2024-09-02,600233.sh,圆通速递,cyclical_rotation,BUY_2,BUY_2,0.06,0.027956,15.36,23.532995459824726,stock_pb_q_blended,23.70748299319728,industry_pb_q_blended,False,,CASH_INSUFFICIENT_FOR_ONE_LOT,加仓目标、现金或剩余单票容量尚未同时满足一手，进入 pending add。,1536.0,1536.0,44635.61736489599,29275.61736489599,False,CASH_INSUFFICIENT_FOR_ONE_LOT,True,LOT_SIZE_ACCUMULATION_REQUIRED,remaining_single_name_capacity >= lot_notional and available_cash >= lot_notional and accumulated_target_gap >= lot_notional,True,False,hard_filter -> bucket -> valuation -> market_state -> grid -> account_constraints
2024-09-02,000807.sz,云铝股份,cyclical_rotation,BUY_1,BUY_1,0.03,0.0,11.16,27.458818456231132,stock_pb_q_blended,22.18027210884354,industry_pb_q_blended,False,,CASH_INSUFFICIENT_FOR_ONE_LOT,买入请求不满足 100 股整手、现金或单票上限。,1116.0,2232.0,44635.61736489599,44635.61736489599,False,CASH_INSUFFICIENT_FOR_ONE_LOT,False,,,True,False,hard_filter -> bucket -> valuation -> market_state -> grid -> account_constraints
2024-09-02,600036.sh,招商银行,defensive_dividend,BUY_1,BUY_1,0.04,0.0,28.92,20.705601882849436,stock_pb_q_blended,79.81972789115646,industry_pb_q_blended,False,,CASH_INSUFFICIENT_FOR_ONE_LOT,买入请求不满足 100 股整手、现金或单票上限。,2892.0,2892.0,59514.15648652799,59514.15648652799,False,CASH_INSUFFICIENT_FOR_ONE_LOT,False,,,False,True,hard_filter -> bucket -> valuation -> market_state -> grid -> account_constraints
2024-09-02,600690.sh,海尔智家,defensive_dividend,BUY_1,BUY_1,0.04,0.0,23.2,35.63294097467893,stock_pe_ttm_q_blended,20.133696459519683,industry_pe_ttm_q_blended,False,,CASH_INSUFFICIENT_FOR_ONE_LOT,买入请求不满足 100 股整手、现金或单票上限。,2320.0,2320.0,59514.15648652799,59514.15648652799,False,CASH_INSUFFICIENT_FOR_ONE_LOT,False,,,False,True,hard_filter -> bucket -> valuation -> market_state -> grid -> account_constraints
2024-09-02,600803.sh,新奥股份,defensive_dividend,BUY_1,BUY_1,0.04,0.0,16.67,21.975027213933537,stock_pe_ttm_q_blended,45.728579596504126,industry_pe_ttm_q_blended,False,,CASH_INSUFFICIENT_FOR_ONE_LOT,买入请求不满足 100 股整手、现金或单票上限。,1667.0000000000002,1667.0000000000002,59514.15648652799,59514.15648652799,False,CASH_INSUFFICIENT_FOR_ONE_LOT,False,,,False,True,hard_filter -> bucket -> valuation -> market_state -> grid -> account_constraints
2024-09-02,601838.sh,成都银行,defensive_dividend,BUY_1,BUY_1,0.04,0.0,13.03,35.39325842696629,stock_pb_q_blended,79.81972789115646,industry_pb_q_blended,False,,CASH_INSUFFICIENT_FOR_ONE_LOT,买入请求不满足 100 股整手、现金或单票上限。,1303.0,2606.0,59514.15648652799,59514.15648652799,False,CASH_INSUFFICIENT_FOR_ONE_LOT,False,,,False,True,hard_filter -> bucket -> valuation -> market_state -> grid -> account_constraints
2024-09-03,300628.sz,亿联网络,defensive_dividend,BUY_2,BUY_2,0.08,0.037231,29.93,12.121212121212121,stock_pe_ttm_q_blended,26.972674907242276,industry_pe_ttm_q_blended,False,,CASH_INSUFFICIENT_FOR_ONE_LOT,加仓目标、现金或剩余单票容量尚未同时满足一手，进入 pending add。,2993.0,2993.0,59794.83648652799,41836.83648652799,False,CASH_INSUFFICIENT_FOR_ONE_LOT,True,LOT_SIZE_ACCUMULATION_REQUIRED,remaining_single_name_capacity >= lot_notional and available_cash >= lot_notional and accumulated_target_gap >= lot_notional,True,False,hard_filter -> bucket -> valuation -> market_state -> grid -> account_constraints
2024-09-03,000807.sz,云铝股份,cyclical_rotation,BUY_1,BUY_1,0.03,0.0,11.35,28.992610837438423,stock_pb_q_blended,22.468662092971485,industry_pb_q_blended,False,,CASH_INSUFFICIENT_FOR_ONE_LOT,买入请求不满足 100 股整手、现金或单票上限。,1135.0,2270.0,44846.12736489599,44846.12736489599,False,CASH_INSUFFICIENT_FOR_ONE_LOT,False,,,True,False,hard_filter -> bucket -> valuation -> market_state -> grid -> account_constraints
2024-09-03,600036.sh,招商银行,defensive_dividend,BUY_1,BUY_1,0.04,0.0,28.61,18.868986776993594,stock_pb_q_blended,74.3214943435938,industry_pb_q_blended,False,,CASH_INSUFFICIENT_FOR_ONE_LOT,买入请求不满足 100 股整手、现金或单票上限。,2861.0,2861.0,59794.83648652799,59794.83648652799,False,CASH_INSUFFICIENT_FOR_ONE_LOT,False,,,True,False,hard_filter -> bucket -> valuation -> market_state -> grid -> account_constraints
2024-09-03,600690.sh,海尔智家,defensive_dividend,BUY_1,BUY_1,0.04,0.0,23.96,39.13467060991813,stock_pe_ttm_q_blended,25.98977087586875,industry_pe_ttm_q_blended,False,,CASH_INSUFFICIENT_FOR_ONE_LOT,买入请求不满足 100 股整手、现金或单票上限。,2396.0,2396.0,59794.83648652799,59794.83648652799,False,CASH_INSUFFICIENT_FOR_ONE_LOT,False,,,False,True,hard_filter -> bucket -> valuation -> market_state -> grid -> account_constraints
2024-09-03,600803.sh,新奥股份,defensive_dividend,BUY_1,BUY_1,0.04,0.0,16.57,21.65591397849462,stock_pe_ttm_q_blended,44.09629947135305,industry_pe_ttm_q_blended,False,,CASH_INSUFFICIENT_FOR_ONE_LOT,买入请求不满足 100 股整手、现金或单票上限。,1657.0,1657.0,59794.83648652799,59794.83648652799,False,CASH_INSUFFICIENT_FOR_ONE_LOT,False,,,True,False,hard_filter -> bucket -> valuation -> market_state -> grid -> account_constraints
2024-09-03,601838.sh,成都银行,defensive_dividend,BUY_1,BUY_1,0.04,0.0,12.79,29.405162738496067,stock_pb_q_blended,74.3214943435938,industry_pb_q_blended,False,,CASH_INSUFFICIENT_FOR_ONE_LOT,买入请求不满足 100 股整手、现金或单票上限。,1279.0,2558.0,59794.83648652799,59794.83648652799,False,CASH_INSUFFICIENT_FOR_ONE_LOT,False,,,True,False,hard_filter -> bucket -> valuation -> market_state -> grid -> account_constraints
2024-09-04,000807.sz,云铝股份,cyclical_rotation,BUY_1,BUY_1,0.03,0.0,11.16,27.418846556287313,stock_pb_q_blended,20.638629283489095,industry_pb_q_blended,False,,CASH_INSUFFICIENT_FOR_ONE_LOT,买入请求不满足 100 股整手、现金或单票上限。,1116.0,2232.0,44863.22736489599,44863.22736489599,False,CASH_INSUFFICIENT_FOR_ONE_LOT,False,,,True,False,hard_filter -> bucket -> valuation -> market_state -> grid -> account_constraints
2024-09-04,600036.sh,招商银行,defensive_dividend,BUY_1,BUY_1,0.04,0.0,28.35,17.471811713191023,stock_pb_q_blended,73.73843913096249,industry_pb_q_blended,False,,CASH_INSUFFICIENT_FOR_ONE_LOT,买入请求不满足 100 股整手、现金或单票上限。,2835.0,2835.0,59817.63648652798,59817.63648652798,False,CASH_INSUFFICIENT_FOR_ONE_LOT,False,,,True,False,hard_filter -> bucket -> valuation -> market_state -> grid -> account_constraints
2024-09-04,600690.sh,海尔智家,defensive_dividend,BUY_1,BUY_1,0.04,0.0,24.09,39.93650793650794,stock_pe_ttm_q_blended,25.14718614718615,industry_pe_ttm_q_blended,False,,CASH_INSUFFICIENT_FOR_ONE_LOT,买入请求不满足 100 股整手、现金或单票上限。,2409.0,2409.0,59817.63648652798,59817.63648652798,False,CASH_INSUFFICIENT_FOR_ONE_LOT,False,,,True,False,hard_filter -> bucket -> valuation -> market_state -> grid -> account_constraints
2024-09-04,600803.sh,新奥股份,defensive_dividend,BUY_1,BUY_1,0.04,0.0,16.92,22.487236901030005,stock_pe_ttm_q_blended,43.769372016158655,industry_pe_ttm_q_blended,False,,CASH_INSUFFICIENT_FOR_ONE_LOT,买入请求不满足 100 股整手、现金或单票上限。,1692.0000000000002,1692.0000000000002,59817.63648652798,59817.63648652798,False,CASH_INSUFFICIENT_FOR_ONE_LOT,False,,,True,False,hard_filter -> bucket -> valuation -> market_state -> grid -> account_constraints
2024-09-04,600926.sh,杭州银行,defensive_dividend,BUY_1,BUY_1,0.04,0.0,11.4,16.704035874439462,stock_pb_q_blended,73.73843913096249,industry_pb_q_blended,False,,CASH_INSUFFICIENT_FOR_ONE_LOT,买入请求不满足 100 股整手、现金或单票上限。,1140.0,2280.0,59817.63648652798,59817.63648652798,False,CASH_INSUFFICIENT_FOR_ONE_LOT,False,,,False,True,hard_filter -> bucket -> valuation -> market_state -> grid -> account_constraints
2024-09-04,601838.sh,成都银行,defensive_dividend,BUY_1,BUY_1,0.04,0.0,12.6,26.00896860986547,stock_pb_q_blended,73.73843913096249,industry_pb_q_blended,False,,CASH_INSUFFICIENT_FOR_ONE_LOT,买入请求不满足 100 股整手、现金或单票上限。,1260.0,2520.0,59817.63648652798,59817.63648652798,False,CASH_INSUFFICIENT_FOR_ONE_LOT,False,,,False,True,hard_filter -> bucket -> valuation -> market_state -> grid -> account_constraints
2024-09-05,000807.sz,云铝股份,cyclical_rotation,BUY_1,BUY_1,0.03,0.0,11.06,26.208317952504,stock_pb_q_blended,20.58720048528966,industry_pb_q_blended,False,,CASH_INSUFFICIENT_FOR_ONE_LOT,买入请求不满足 100 股整手、现金或单票上限。,1106.0,2212.0,44900.75736489599,44900.75736489599,False,CASH_INSUFFICIENT_FOR_ONE_LOT,False,,,True,False,hard_filter -> bucket -> valuation -> market_state -> grid -> account_constraints
2024-09-05,600036.sh,招商银行,defensive_dividend,BUY_1,BUY_1,0.04,0.0,28.19,16.609118541033435,stock_pb_q_blended,72.70003033060358,industry_pb_q_blended,False,,CASH_INSUFFICIENT_FOR_ONE_LOT,买入请求不满足 100 股整手、现金或单票上限。,2819.0,2819.0,59867.676486527984,59867.676486527984,False,CASH_INSUFFICIENT_FOR_ONE_LOT,False,,,True,False,hard_filter -> bucket -> valuation -> market_state -> grid -> account_constraints
2024-09-05,600690.sh,海尔智家,defensive_dividend,BUY_1,BUY_1,0.04,0.0,24.03,39.31808838643371,stock_pe_ttm_q_blended,23.01932785230059,industry_pe_ttm_q_blended,False,,CASH_INSUFFICIENT_FOR_ONE_LOT,买入请求不满足 100 股整手、现金或单票上限。,2403.0,2403.0,59867.676486527984,59867.676486527984,False,CASH_INSUFFICIENT_FOR_ONE_LOT,False,,,True,False,hard_filter -> bucket -> valuation -> market_state -> grid -> account_constraints
2024-09-05,600803.sh,新奥股份,defensive_dividend,BUY_1,BUY_1,0.04,0.0,17.13,22.7818561623396,stock_pe_ttm_q_blended,43.63107984092995,industry_pe_ttm_q_blended,False,,CASH_INSUFFICIENT_FOR_ONE_LOT,买入请求不满足 100 股整手、现金或单票上限。,1713.0,1713.0,59867.676486527984,59867.676486527984,False,CASH_INSUFFICIENT_FOR_ONE_LOT,False,,,True,False,hard_filter -> bucket -> valuation -> market_state -> grid -> account_constraints
2024-09-05,600926.sh,杭州银行,defensive_dividend,BUY_1,BUY_1,0.04,0.0,11.3,16.12541993281075,stock_pb_q_blended,72.70003033060358,industry_pb_q_blended,False,,CASH_INSUFFICIENT_FOR_ONE_LOT,买入请求不满足 100 股整手、现金或单票上限。,1130.0,2260.0,59867.676486527984,59867.676486527984,False,CASH_INSUFFICIENT_FOR_ONE_LOT,False,,,True,False,hard_filter -> bucket -> valuation -> market_state -> grid -> account_constraints
2024-09-05,601838.sh,成都银行,defensive_dividend,BUY_1,BUY_1,0.04,0.0,12.51,24.300111982082868,stock_pb_q_blended,72.70003033060358,industry_pb_q_blended,False,,CASH_INSUFFICIENT_FOR_ONE_LOT,买入请求不满足 100 股整手、现金或单票上限。,1251.0,2502.0,59867.676486527984,59867.676486527984,False,CASH_INSUFFICIENT_FOR_ONE_LOT,False,,,True,False,hard_filter -> bucket -> valuation -> market_state -> grid -> account_constraints
2024-09-06,300628.sz,亿联网络,defensive_dividend,BUY_2,BUY_2,0.08,0.037231,30.2,13.087248322147651,stock_pe_ttm_q_blended,24.88932563567129,industry_pe_ttm_q_blended,False,,CASH_INSUFFICIENT_FOR_ONE_LOT,加仓目标、现金或剩余单票容量尚未同时满足一手，进入 pending add。,3020.0,3020.0,57079.116486527986,38959.116486527986,False,CASH_INSUFFICIENT_FOR_ONE_LOT,True,LOT_SIZE_ACCUMULATION_REQUIRED,remaining_single_name_capacity >= lot_notional and available_cash >= lot_notional and accumulated_target_gap >= lot_notional,False,True,hard_filter -> bucket -> valuation -> market_state -> grid -> account_constraints
2024-09-06,600233.sh,圆通速递,cyclical_rotation,BUY_2,BUY_2,0.06,0.027956,15.43,24.36577499525707,stock_pb_q_blended,22.312555582504647,industry_pb_q_blended,False,,CASH_INSUFFICIENT_FOR_ONE_LOT,加仓目标、现金或剩余单票容量尚未同时满足一手，进入 pending add。,1543.0,1543.0,42809.33736489599,27379.33736489599,False,CASH_INSUFFICIENT_FOR_ONE_LOT,True,LOT_SIZE_ACCUMULATION_REQUIRED,remaining_single_name_capacity >= lot_notional and available_cash >= lot_notional and accumulated_target_gap >= lot_notional,False,True,hard_filter -> bucket -> valuation -> market_state -> grid -> account_constraints
2024-09-06,000807.sz,云铝股份,cyclical_rotation,BUY_1,BUY_1,0.03,0.0,10.87,25.223049012975835,stock_pb_q_blended,19.998706443528178,industry_pb_q_blended,False,,CASH_INSUFFICIENT_FOR_ONE_LOT,买入请求不满足 100 股整手、现金或单票上限。,1087.0,2174.0,42809.33736489599,42809.33736489599,False,CASH_INSUFFICIENT_FOR_ONE_LOT,False,,,False,True,hard_filter -> bucket -> valuation -> market_state -> grid -> account_constraints
2024-09-06,600036.sh,招商银行,defensive_dividend,BUY_1,BUY_1,0.04,0.0,28.24,16.991675274958986,stock_pb_q_blended,73.0317729808392,industry_pb_q_blended,False,,CASH_INSUFFICIENT_FOR_ONE_LOT,买入请求不满足 100 股整手、现金或单票上限。,2824.0,2824.0,57079.116486527986,57079.116486527986,False,CASH_INSUFFICIENT_FOR_ONE_LOT,False,,,True,False,hard_filter -> bucket -> valuation -> market_state -> grid -> account_constraints
2024-09-06,600346.sh,恒力石化,defensive_dividend,BUY_1,BUY_1,0.04,0.0,12.17,11.630026393417172,stock_pb_q_blended,81.72185430463577,industry_pb_q_blended,False,,CASH_INSUFFICIENT_FOR_ONE_LOT,买入请求不满足 100 股整手、现金或单票上限。,1217.0,2434.0,57079.116486527986,57079.116486527986,False,CASH_INSUFFICIENT_FOR_ONE_LOT,False,,,False,True,hard_filter -> bucket -> valuation -> market_state -> grid -> account_constraints
2024-09-06,600690.sh,海尔智家,defensive_dividend,BUY_1,BUY_1,0.04,0.0,23.83,38.270304975922954,stock_pe_ttm_q_blended,19.74954687757456,industry_pe_ttm_q_blended,False,,CASH_INSUFFICIENT_FOR_ONE_LOT,买入请求不满足 100 股整手、现金或单票上限。,2383.0,2383.0,57079.116486527986,57079.116486527986,False,CASH_INSUFFICIENT_FOR_ONE_LOT,False,,,False,True,hard_filter -> bucket -> valuation -> market_state -> grid -> account_constraints
2024-09-06,600803.sh,新奥股份,defensive_dividend,BUY_1,BUY_1,0.04,0.0,16.87,22.08756791307127,stock_pe_ttm_q_blended,42.74853228962817,industry_pe_ttm_q_blended,False,,CASH_INSUFFICIENT_FOR_ONE_LOT,买入请求不满足 100 股整手、现金或单票上限。,1687.0,1687.0,57079.116486527986,57079.116486527986,False,CASH_INSUFFICIENT_FOR_ONE_LOT,False,,,False,True,hard_filter -> bucket -> valuation -> market_state -> grid -> account_constraints
2024-09-06,600926.sh,杭州银行,defensive_dividend,BUY_1,BUY_1,0.04,0.0,11.3,16.21923937360179,stock_pb_q_blended,73.0317729808392,industry_pb_q_blended,False,,CASH_INSUFFICIENT_FOR_ONE_LOT,买入请求不满足 100 股整手、现金或单票上限。,1130.0,2260.0,57079.116486527986,57079.116486527986,False,CASH_INSUFFICIENT_FOR_ONE_LOT,False,,,False,True,hard_filter -> bucket -> valuation -> market_state -> grid -> account_constraints
2024-09-06,601838.sh,成都银行,defensive_dividend,BUY_1,BUY_1,0.04,0.0,12.58,25.95078299776286,stock_pb_q_blended,73.0317729808392,industry_pb_q_blended,False,,CASH_INSUFFICIENT_FOR_ONE_LOT,买入请求不满足 100 股整手、现金或单票上限。,1258.0,2516.0,57079.116486527986,57079.116486527986,False,CASH_INSUFFICIENT_FOR_ONE_LOT,False,,,False,True,hard_filter -> bucket -> valuation -> market_state -> grid -> account_constraints
2024-09-09,600233.sh,圆通速递,cyclical_rotation,BUY_2,BUY_2,0.06,0.027956,15.4,24.03497682258744,stock_pb_q_blended,18.21686162797745,industry_pb_q_blended,False,,CASH_INSUFFICIENT_FOR_ONE_LOT,加仓目标、现金或剩余单票容量尚未同时满足一手，进入 pending add。,1540.0,1540.0,42674.247364895986,27274.247364895986,False,CASH_INSUFFICIENT_FOR_ONE_LOT,True,LOT_SIZE_ACCUMULATION_REQUIRED,remaining_single_name_capacity >= lot_notional and available_cash >= lot_notional and accumulated_target_gap >= lot_notional,True,False,hard_filter -> bucket -> valuation -> market_state -> grid -> account_constraints
2024-09-09,000807.sz,云铝股份,cyclical_rotation,BUY_1,BUY_1,0.03,0.0,10.68,23.65863453815261,stock_pb_q_blended,18.720669939592298,industry_pb_q_blended,False,,CASH_INSUFFICIENT_FOR_ONE_LOT,买入请求不满足 100 股整手、现金或单票上限。,1068.0,2136.0,42674.247364895986,42674.247364895986,False,CASH_INSUFFICIENT_FOR_ONE_LOT,False,,,True,False,hard_filter -> bucket -> valuation -> market_state -> grid -> account_constraints
2024-09-09,600036.sh,招商银行,defensive_dividend,BUY_1,BUY_1,0.04,0.0,27.23,14.76530612244898,stock_pb_q_blended,70.66201992039922,industry_pb_q_blended,False,,CASH_INSUFFICIENT_FOR_ONE_LOT,买入请求不满足 100 股整手、现金或单票上限。,2723.0,2723.0,56898.99648652798,56898.99648652798,False,CASH_INSUFFICIENT_FOR_ONE_LOT,False,,,False,True,hard_filter -> bucket -> valuation -> market_state -> grid -> account_constraints
2024-09-09,600346.sh,恒力石化,defensive_dividend,BUY_1,BUY_1,0.04,0.0,11.95,10.599095504123436,stock_pb_q_blended,79.23280423280423,industry_pb_q_blended,False,,CASH_INSUFFICIENT_FOR_ONE_LOT,买入请求不满足 100 股整手、现金或单票上限。,1195.0,2390.0,56898.99648652798,56898.99648652798,False,CASH_INSUFFICIENT_FOR_ONE_LOT,False,,,True,False,hard_filter -> bucket -> valuation -> market_state -> grid -> account_constraints
2024-09-09,600690.sh,海尔智家,defensive_dividend,BUY_1,BUY_1,0.04,0.0,23.1,35.09164420485175,stock_pe_ttm_q_blended,15.321042554505588,industry_pe_ttm_q_blended,False,,CASH_INSUFFICIENT_FOR_ONE_LOT,买入请求不满足 100 股整手、现金或单票上限。,2310.0,2310.0,56898.99648652798,56898.99648652798,False,CASH_INSUFFICIENT_FOR_ONE_LOT,False,,,False,True,hard_filter -> bucket -> valuation -> market_state -> grid -> account_constraints
2024-09-09,600803.sh,新奥股份,defensive_dividend,BUY_1,BUY_1,0.04,0.0,16.38,20.85126501405571,stock_pe_ttm_q_blended,42.11565499113638,industry_pe_ttm_q_blended,False,,CASH_INSUFFICIENT_FOR_ONE_LOT,买入请求不满足 100 股整手、现金或单票上限。,1638.0,1638.0,56898.99648652798,56898.99648652798,False,CASH_INSUFFICIENT_FOR_ONE_LOT,False,,,True,False,hard_filter -> bucket -> valuation -> market_state -> grid -> account_constraints
2024-09-09,600926.sh,杭州银行,defensive_dividend,BUY_1,BUY_1,0.04,0.0,11.04,14.30167597765363,stock_pb_q_blended,70.66201992039922,industry_pb_q_blended,False,,CASH_INSUFFICIENT_FOR_ONE_LOT,买入请求不满足 100 股整手、现金或单票上限。,1104.0,2208.0,56898.99648652798,56898.99648652798,False,CASH_INSUFFICIENT_FOR_ONE_LOT,False,,,True,False,hard_filter -> bucket -> valuation -> market_state -> grid -> account_constraints
2024-09-09,601838.sh,成都银行,defensive_dividend,BUY_1,BUY_1,0.04,0.0,12.29,19.66480446927374,stock_pb_q_blended,70.66201992039922,industry_pb_q_blended,False,,CASH_INSUFFICIENT_FOR_ONE_LOT,买入请求不满足 100 股整手、现金或单票上限。,1229.0,2458.0,56898.99648652798,56898.99648652798,False,CASH_INSUFFICIENT_FOR_ONE_LOT,False,,,True,False,hard_filter -> bucket -> valuation -> market_state -> grid -> account_constraints
2024-09-10,600233.sh,圆通速递,cyclical_rotation,BUY_2,BUY_2,0.06,0.027956,15.19,21.988500663423263,stock_pb_q_blended,16.10359869138495,industry_pb_q_blended,False,,CASH_INSUFFICIENT_FOR_ONE_LOT,加仓目标、现金或剩余单票容量尚未同时满足一手，进入 pending add。,1519.0,1519.0,42766.40736489599,27576.40736489599,False,CASH_INSUFFICIENT_FOR_ONE_LOT,True,LOT_SIZE_ACCUMULATION_REQUIRED,remaining_single_name_capacity >= lot_notional and available_cash >= lot_notional and accumulated_target_gap >= lot_notional,True,False,hard_filter -> bucket -> valuation -> market_state -> grid -> account_constraints
2024-09-10,600036.sh,招商银行,defensive_dividend,BUY_1,BUY_1,0.04,0.0,27.18,14.695707607309819,stock_pb_q_blended,73.61008118260027,industry_pb_q_blended,False,,CASH_INSUFFICIENT_FOR_ONE_LOT,买入请求不满足 100 股整手、现金或单票上限。,2718.0,2718.0,57021.87648652799,57021.87648652799,False,CASH_INSUFFICIENT_FOR_ONE_LOT,False,,,True,False,hard_filter -> bucket -> valuation -> market_state -> grid -> account_constraints
2024-09-10,600346.sh,恒力石化,defensive_dividend,BUY_1,BUY_1,0.04,0.0,11.8,9.407166123778502,stock_pb_q_blended,80.18494055482167,industry_pb_q_blended,False,,CASH_INSUFFICIENT_FOR_ONE_LOT,买入请求不满足 100 股整手、现金或单票上限。,1180.0,2360.0,57021.87648652799,57021.87648652799,False,CASH_INSUFFICIENT_FOR_ONE_LOT,False,,,False,True,hard_filter -> bucket -> valuation -> market_state -> grid -> account_constraints
2024-09-10,600690.sh,海尔智家,defensive_dividend,BUY_1,BUY_1,0.04,0.0,23.06,34.312656360254024,stock_pe_ttm_q_blended,15.315512203152654,industry_pe_ttm_q_blended,False,,CASH_INSUFFICIENT_FOR_ONE_LOT,买入请求不满足 100 股整手、现金或单票上限。,2306.0,2306.0,57021.87648652799,57021.87648652799,False,CASH_INSUFFICIENT_FOR_ONE_LOT,False,,,True,False,hard_filter -> bucket -> valuation -> market_state -> grid -> account_constraints
2024-09-10,600803.sh,新奥股份,defensive_dividend,BUY_1,BUY_1,0.04,0.0,16.7,21.950103242012045,stock_pe_ttm_q_blended,41.63330481893357,industry_pe_ttm_q_blended,False,,CASH_INSUFFICIENT_FOR_ONE_LOT,买入请求不满足 100 股整手、现金或单票上限。,1670.0,1670.0,57021.87648652799,57021.87648652799,False,CASH_INSUFFICIENT_FOR_ONE_LOT,False,,,True,False,hard_filter -> bucket -> valuation -> market_state -> grid -> account_constraints
2024-09-10,600926.sh,杭州银行,defensive_dividend,BUY_1,BUY_1,0.04,0.0,11.03,14.174107142857142,stock_pb_q_blended,73.61008118260027,industry_pb_q_blended,False,,CASH_INSUFFICIENT_FOR_ONE_LOT,买入请求不满足 100 股整手、现金或单票上限。,1103.0,2206.0,57021.87648652799,57021.87648652799,False,CASH_INSUFFICIENT_FOR_ONE_LOT,False,,,True,False,hard_filter -> bucket -> valuation -> market_state -> grid -> account_constraints
2024-09-10,601838.sh,成都银行,defensive_dividend,BUY_1,BUY_1,0.04,0.0,12.26,19.084821428571427,stock_pb_q_blended,73.61008118260027,industry_pb_q_blended,False,,CASH_INSUFFICIENT_FOR_ONE_LOT,买入请求不满足 100 股整手、现金或单票上限。,1226.0,2452.0,57021.87648652799,57021.87648652799,False,CASH_INSUFFICIENT_FOR_ONE_LOT,False,,,True,False,hard_filter -> bucket -> valuation -> market_state -> grid -> account_constraints
2024-09-11,600233.sh,圆通速递,cyclical_rotation,BUY_2,BUY_2,0.06,0.027956,15.13,21.462170013894152,stock_pb_q_blended,12.669492722905186,industry_pb_q_blended,False,,CASH_INSUFFICIENT_FOR_ONE_LOT,加仓目标、现金或剩余单票容量尚未同时满足一手，进入 pending add。,1513.0,1513.0,42645.44736489599,27515.44736489599,False,CASH_INSUFFICIENT_FOR_ONE_LOT,True,LOT_SIZE_ACCUMULATION_REQUIRED,remaining_single_name_capacity >= lot_notional and available_cash >= lot_notional and accumulated_target_gap >= lot_notional,True,False,hard_filter -> bucket -> valuation -> market_state -> grid -> account_constraints
2024-09-11,600036.sh,招商银行,defensive_dividend,BUY_1,BUY_1,0.04,0.0,27.07,14.25209370069183,stock_pb_q_blended,68.59827610569451,industry_pb_q_blended,False,,CASH_INSUFFICIENT_FOR_ONE_LOT,买入请求不满足 100 股整手、现金或单票上限。,2707.0,2707.0,56860.59648652798,56860.59648652798,False,CASH_INSUFFICIENT_FOR_ONE_LOT,False,,,True,False,hard_filter -> bucket -> valuation -> market_state -> grid -> account_constraints
2024-09-11,600346.sh,恒力石化,defensive_dividend,BUY_1,BUY_1,0.04,0.0,11.73,9.148837209302327,stock_pb_q_blended,77.17678100263852,industry_pb_q_blended,False,,CASH_INSUFFICIENT_FOR_ONE_LOT,买入请求不满足 100 股整手、现金或单票上限。,1173.0,2346.0,56860.59648652798,56860.59648652798,False,CASH_INSUFFICIENT_FOR_ONE_LOT,False,,,True,False,hard_filter -> bucket -> valuation -> market_state -> grid -> account_constraints
2024-09-11,600690.sh,海尔智家,defensive_dividend,BUY_1,BUY_1,0.04,0.0,23.88,37.97879798238865,stock_pe_ttm_q_blended,17.922760464877097,industry_pe_ttm_q_blended,False,,CASH_INSUFFICIENT_FOR_ONE_LOT,买入请求不满足 100 股整手、现金或单票上限。,2388.0,2388.0,56860.59648652798,56860.59648652798,False,CASH_INSUFFICIENT_FOR_ONE_LOT,False,,,False,True,hard_filter -> bucket -> valuation -> market_state -> grid -> account_constraints
2024-09-11,600803.sh,新奥股份,defensive_dividend,BUY_1,BUY_1,0.04,0.0,16.35,20.732158815268733,stock_pe_ttm_q_blended,37.665669089354424,industry_pe_ttm_q_blended,False,,CASH_INSUFFICIENT_FOR_ONE_LOT,买入请求不满足 100 股整手、现金或单票上限。,1635.0000000000002,1635.0000000000002,56860.59648652798,56860.59648652798,False,CASH_INSUFFICIENT_FOR_ONE_LOT,False,,,False,True,hard_filter -> bucket -> valuation -> market_state -> grid -> account_constraints
2024-09-11,600926.sh,杭州银行,defensive_dividend,BUY_1,BUY_1,0.04,0.0,10.81,12.37458193979933,stock_pb_q_blended,68.59827610569451,industry_pb_q_blended,False,,CASH_INSUFFICIENT_FOR_ONE_LOT,买入请求不满足 100 股整手、现金或单票上限。,1081.0,2162.0,56860.59648652798,56860.59648652798,False,CASH_INSUFFICIENT_FOR_ONE_LOT,False,,,False,True,hard_filter -> bucket -> valuation -> market_state -> grid -> account_constraints
2024-09-11,601838.sh,成都银行,defensive_dividend,BUY_1,BUY_1,0.04,0.0,11.99,16.722408026755854,stock_pb_q_blended,68.59827610569451,industry_pb_q_blended,False,,CASH_INSUFFICIENT_FOR_ONE_LOT,买入请求不满足 100 股整手、现金或单票上限。,1199.0,2398.0,56860.59648652798,56860.59648652798,False,CASH_INSUFFICIENT_FOR_ONE_LOT,False,,,False,True,hard_filter -> bucket -> valuation -> market_state -> grid -> account_constraints
2024-09-12,600233.sh,圆通速递,cyclical_rotation,BUY_2,BUY_2,0.06,0.027956,14.71,17.708036108831514,stock_pb_q_blended,13.333333333333334,industry_pb_q_blended,False,,CASH_INSUFFICIENT_FOR_ONE_LOT,加仓目标、现金或剩余单票容量尚未同时满足一手，进入 pending add。,1471.0,2942.0,42735.177364895986,28025.177364895986,False,CASH_INSUFFICIENT_FOR_ONE_LOT,True,LOT_SIZE_ACCUMULATION_REQUIRED,remaining_single_name_capacity >= lot_notional and available_cash >= lot_notional and accumulated_target_gap >= lot_notional,False,True,hard_filter -> bucket -> valuation -> market_state -> grid -> account_constraints
2024-09-12,600036.sh,招商银行,defensive_dividend,BUY_1,BUY_1,0.04,0.0,27.22,14.879587503791324,stock_pb_q_blended,69.2090395480226,industry_pb_q_blended,False,,CASH_INSUFFICIENT_FOR_ONE_LOT,买入请求不满足 100 股整手、现金或单票上限。,2722.0,2722.0,56980.23648652799,56980.23648652799,False,CASH_INSUFFICIENT_FOR_ONE_LOT,False,,,True,False,hard_filter -> bucket -> valuation -> market_state -> grid -> account_constraints
2024-09-12,600346.sh,恒力石化,defensive_dividend,BUY_1,BUY_1,0.04,0.0,11.86,9.81311018131102,stock_pb_q_blended,77.99736495388669,industry_pb_q_blended,False,,CASH_INSUFFICIENT_FOR_ONE_LOT,买入请求不满足 100 股整手、现金或单票上限。,1186.0,2372.0,56980.23648652799,56980.23648652799,False,CASH_INSUFFICIENT_FOR_ONE_LOT,False,,,True,False,hard_filter -> bucket -> valuation -> market_state -> grid -> account_constraints
2024-09-12,600690.sh,海尔智家,defensive_dividend,BUY_1,BUY_1,0.04,0.0,23.68,36.913862718707946,stock_pe_ttm_q_blended,17.198865038243277,industry_pe_ttm_q_blended,False,,CASH_INSUFFICIENT_FOR_ONE_LOT,买入请求不满足 100 股整手、现金或单票上限。,2368.0,2368.0,56980.23648652799,56980.23648652799,False,CASH_INSUFFICIENT_FOR_ONE_LOT,False,,,True,False,hard_filter -> bucket -> valuation -> market_state -> grid -> account_constraints
2024-09-12,600803.sh,新奥股份,defensive_dividend,BUY_1,BUY_1,0.04,0.0,16.51,21.312618303239116,stock_pe_ttm_q_blended,38.101343101343105,industry_pe_ttm_q_blended,False,,CASH_INSUFFICIENT_FOR_ONE_LOT,买入请求不满足 100 股整手、现金或单票上限。,1651.0000000000002,1651.0000000000002,56980.23648652799,56980.23648652799,False,CASH_INSUFFICIENT_FOR_ONE_LOT,False,,,True,False,hard_filter -> bucket -> valuation -> market_state -> grid -> account_constraints
2024-09-12,600926.sh,杭州银行,defensive_dividend,BUY_1,BUY_1,0.04,0.0,10.87,12.806236080178174,stock_pb_q_blended,69.2090395480226,industry_pb_q_blended,False,,CASH_INSUFFICIENT_FOR_ONE_LOT,买入请求不满足 100 股整手、现金或单票上限。,1087.0,2174.0,56980.23648652799,56980.23648652799,False,CASH_INSUFFICIENT_FOR_ONE_LOT,False,,,True,False,hard_filter -> bucket -> valuation -> market_state -> grid -> account_constraints
2024-09-12,601838.sh,成都银行,defensive_dividend,BUY_1,BUY_1,0.04,0.0,12.36,20.824053452115812,stock_pb_q_blended,69.2090395480226,industry_pb_q_blended,False,,CASH_INSUFFICIENT_FOR_ONE_LOT,买入请求不满足 100 股整手、现金或单票上限。,1236.0,2472.0,56980.23648652799,56980.23648652799,False,CASH_INSUFFICIENT_FOR_ONE_LOT,False,,,False,True,hard_filter -> bucket -> valuation -> market_state -> grid -> account_constraints
2024-09-13,600233.sh,圆通速递,cyclical_rotation,BUY_2,BUY_2,0.06,0.027956,14.73,17.835268382971563,stock_pb_q_blended,12.519392509227327,industry_pb_q_blended,False,,CASH_INSUFFICIENT_FOR_ONE_LOT,加仓目标、现金或剩余单票容量尚未同时满足一手，进入 pending add。,1473.0,2946.0,42750.65736489599,28020.65736489599,False,CASH_INSUFFICIENT_FOR_ONE_LOT,True,LOT_SIZE_ACCUMULATION_REQUIRED,remaining_single_name_capacity >= lot_notional and available_cash >= lot_notional and accumulated_target_gap >= lot_notional,True,False,hard_filter -> bucket -> valuation -> market_state -> grid -> account_constraints
2024-09-13,600036.sh,招商银行,defensive_dividend,BUY_1,BUY_1,0.04,0.0,27.59,15.506912442396315,stock_pb_q_blended,68.85526713862166,industry_pb_q_blended,False,,CASH_INSUFFICIENT_FOR_ONE_LOT,买入请求不满足 100 股整手、现金或单票上限。,2759.0,2759.0,57000.87648652799,57000.87648652799,False,CASH_INSUFFICIENT_FOR_ONE_LOT,False,,,True,False,hard_filter -> bucket -> valuation -> market_state -> grid -> account_constraints
2024-09-13,600346.sh,恒力石化,defensive_dividend,BUY_1,BUY_1,0.04,0.0,11.93,10.317932377411932,stock_pb_q_blended,79.86842105263158,industry_pb_q_blended,False,,CASH_INSUFFICIENT_FOR_ONE_LOT,买入请求不满足 100 股整手、现金或单票上限。,1193.0,2386.0,57000.87648652799,57000.87648652799,False,CASH_INSUFFICIENT_FOR_ONE_LOT,False,,,True,False,hard_filter -> bucket -> valuation -> market_state -> grid -> account_constraints
2024-09-13,600690.sh,海尔智家,defensive_dividend,BUY_1,BUY_1,0.04,0.0,24.06,38.85372624386078,stock_pe_ttm_q_blended,18.399654725938714,industry_pe_ttm_q_blended,False,,CASH_INSUFFICIENT_FOR_ONE_LOT,买入请求不满足 100 股整手、现金或单票上限。,2406.0,2406.0,57000.87648652799,57000.87648652799,False,CASH_INSUFFICIENT_FOR_ONE_LOT,False,,,True,False,hard_filter -> bucket -> valuation -> market_state -> grid -> account_constraints
2024-09-13,600803.sh,新奥股份,defensive_dividend,BUY_1,BUY_1,0.04,0.0,16.57,21.51190476190476,stock_pe_ttm_q_blended,38.29147088138972,industry_pe_ttm_q_blended,False,,CASH_INSUFFICIENT_FOR_ONE_LOT,买入请求不满足 100 股整手、现金或单票上限。,1657.0,1657.0,57000.87648652799,57000.87648652799,False,CASH_INSUFFICIENT_FOR_ONE_LOT,False,,,True,False,hard_filter -> bucket -> valuation -> market_state -> grid -> account_constraints
2024-09-13,600926.sh,杭州银行,defensive_dividend,BUY_1,BUY_1,0.04,0.0,10.85,12.680756395995552,stock_pb_q_blended,68.85526713862166,industry_pb_q_blended,False,,CASH_INSUFFICIENT_FOR_ONE_LOT,买入请求不满足 100 股整手、现金或单票上限。,1085.0,2170.0,57000.87648652799,57000.87648652799,False,CASH_INSUFFICIENT_FOR_ONE_LOT,False,,,True,False,hard_filter -> bucket -> valuation -> market_state -> grid -> account_constraints
2024-09-13,601838.sh,成都银行,defensive_dividend,BUY_1,BUY_1,0.04,0.0,12.17,18.5761957730812,stock_pb_q_blended,68.85526713862166,industry_pb_q_blended,False,,CASH_INSUFFICIENT_FOR_ONE_LOT,买入请求不满足 100 股整手、现金或单票上限。,1217.0,2434.0,57000.87648652799,57000.87648652799,False,CASH_INSUFFICIENT_FOR_ONE_LOT,False,,,True,False,hard_filter -> bucket -> valuation -> market_state -> grid -> account_constraints
2024-09-18,600233.sh,圆通速递,cyclical_rotation,BUY_2,BUY_2,0.06,0.027956,15.07,20.97603279722485,stock_pb_q_blended,13.896334825208662,industry_pb_q_blended,False,,CASH_INSUFFICIENT_FOR_ONE_LOT,加仓目标、现金或剩余单票容量尚未同时满足一手，进入 pending add。,1507.0,1507.0,42918.59736489599,27848.59736489599,False,CASH_INSUFFICIENT_FOR_ONE_LOT,True,LOT_SIZE_ACCUMULATION_REQUIRED,remaining_single_name_capacity >= lot_notional and available_cash >= lot_notional and accumulated_target_gap >= lot_notional,True,False,hard_filter -> bucket -> valuation -> market_state -> grid -> account_constraints
2024-09-18,600036.sh,招商银行,defensive_dividend,BUY_1,BUY_1,0.04,0.0,28.1,16.555548821140675,stock_pb_q_blended,71.53683319221,industry_pb_q_blended,False,,CASH_INSUFFICIENT_FOR_ONE_LOT,买入请求不满足 100 股整手、现金或单票上限。,2810.0,2810.0,57224.79648652799,57224.79648652799,False,CASH_INSUFFICIENT_FOR_ONE_LOT,False,,,False,True,hard_filter -> bucket -> valuation -> market_state -> grid -> account_constraints
2024-09-18,600346.sh,恒力石化,defensive_dividend,BUY_1,BUY_1,0.04,0.0,11.73,9.203680357419326,stock_pb_q_blended,81.47174770039422,industry_pb_q_blended,False,,CASH_INSUFFICIENT_FOR_ONE_LOT,买入请求不满足 100 股整手、现金或单票上限。,1173.0,2346.0,57224.79648652799,57224.79648652799,False,CASH_INSUFFICIENT_FOR_ONE_LOT,False,,,True,False,hard_filter -> bucket -> valuation -> market_state -> grid -> account_constraints
2024-09-18,600803.sh,新奥股份,defensive_dividend,BUY_1,BUY_1,0.04,0.0,16.82,22.091986995601452,stock_pe_ttm_q_blended,38.494977837420194,industry_pe_ttm_q_blended,False,,CASH_INSUFFICIENT_FOR_ONE_LOT,买入请求不满足 100 股整手、现金或单票上限。,1682.0,1682.0,57224.79648652799,57224.79648652799,False,CASH_INSUFFICIENT_FOR_ONE_LOT,False,,,True,False,hard_filter -> bucket -> valuation -> market_state -> grid -> account_constraints
2024-09-18,600926.sh,杭州银行,defensive_dividend,BUY_1,BUY_1,0.04,0.0,11.0,14.333333333333334,stock_pb_q_blended,71.53683319221,industry_pb_q_blended,False,,CASH_INSUFFICIENT_FOR_ONE_LOT,买入请求不满足 100 股整手、现金或单票上限。,1100.0,2200.0,57224.79648652799,57224.79648652799,False,CASH_INSUFFICIENT_FOR_ONE_LOT,False,,,True,False,hard_filter -> bucket -> valuation -> market_state -> grid -> account_constraints
2024-09-18,601838.sh,成都银行,defensive_dividend,BUY_1,BUY_1,0.04,0.0,12.33,20.333333333333332,stock_pb_q_blended,71.53683319221,industry_pb_q_blended,False,,CASH_INSUFFICIENT_FOR_ONE_LOT,买入请求不满足 100 股整手、现金或单票上限。,1233.0,2466.0,57224.79648652799,57224.79648652799,False,CASH_INSUFFICIENT_FOR_ONE_LOT,False,,,True,False,hard_filter -> bucket -> valuation -> market_state -> grid -> account_constraints
2024-09-19,600233.sh,圆通速递,cyclical_rotation,BUY_2,BUY_2,0.06,0.027956,15.09,21.168074643802797,stock_pb_q_blended,14.298349555649597,industry_pb_q_blended,False,,CASH_INSUFFICIENT_FOR_ONE_LOT,加仓目标、现金或剩余单票容量尚未同时满足一手，进入 pending add。,1509.0,1509.0,43013.90736489599,27923.90736489599,False,CASH_INSUFFICIENT_FOR_ONE_LOT,True,LOT_SIZE_ACCUMULATION_REQUIRED,remaining_single_name_capacity >= lot_notional and available_cash >= lot_notional and accumulated_target_gap >= lot_notional,True,False,hard_filter -> bucket -> valuation -> market_state -> grid -> account_constraints
2024-09-19,600036.sh,招商银行,defensive_dividend,BUY_1,BUY_1,0.04,0.0,27.81,16.193505391978675,stock_pb_q_blended,70.78917034439675,industry_pb_q_blended,False,,CASH_INSUFFICIENT_FOR_ONE_LOT,买入请求不满足 100 股整手、现金或单票上限。,2781.0,2781.0,57351.87648652799,57351.87648652799,False,CASH_INSUFFICIENT_FOR_ONE_LOT,False,,,True,False,hard_filter -> bucket -> valuation -> market_state -> grid -> account_constraints
2024-09-19,600346.sh,恒力石化,defensive_dividend,BUY_1,BUY_1,0.04,0.0,12.1,11.620771985674493,stock_pb_q_blended,81.75853018372703,industry_pb_q_blended,False,,CASH_INSUFFICIENT_FOR_ONE_LOT,买入请求不满足 100 股整手、现金或单票上限。,1210.0,2420.0,57351.87648652799,57351.87648652799,False,CASH_INSUFFICIENT_FOR_ONE_LOT,False,,,True,False,hard_filter -> bucket -> valuation -> market_state -> grid -> account_constraints
2024-09-19,600803.sh,新奥股份,defensive_dividend,BUY_1,BUY_1,0.04,0.0,16.7,21.957818274499807,stock_pe_ttm_q_blended,39.40375586854461,industry_pe_ttm_q_blended,False,,CASH_INSUFFICIENT_FOR_ONE_LOT,买入请求不满足 100 股整手、现金或单票上限。,1670.0,1670.0,57351.87648652799,57351.87648652799,False,CASH_INSUFFICIENT_FOR_ONE_LOT,False,,,True,False,hard_filter -> bucket -> valuation -> market_state -> grid -> account_constraints
2024-09-19,600926.sh,杭州银行,defensive_dividend,BUY_1,BUY_1,0.04,0.0,11.0,14.428412874583795,stock_pb_q_blended,70.78917034439675,industry_pb_q_blended,False,,CASH_INSUFFICIENT_FOR_ONE_LOT,买入请求不满足 100 股整手、现金或单票上限。,1100.0,2200.0,57351.87648652799,57351.87648652799,False,CASH_INSUFFICIENT_FOR_ONE_LOT,False,,,True,False,hard_filter -> bucket -> valuation -> market_state -> grid -> account_constraints
2024-09-19,601838.sh,成都银行,defensive_dividend,BUY_1,BUY_1,0.04,0.0,12.33,20.42175360710322,stock_pb_q_blended,70.78917034439675,industry_pb_q_blended,False,,CASH_INSUFFICIENT_FOR_ONE_LOT,买入请求不满足 100 股整手、现金或单票上限。,1233.0,2466.0,57351.87648652799,57351.87648652799,False,CASH_INSUFFICIENT_FOR_ONE_LOT,False,,,True,False,hard_filter -> bucket -> valuation -> market_state -> grid -> account_constraints
2024-09-20,600233.sh,圆通速递,cyclical_rotation,BUY_2,BUY_2,0.06,0.027956,15.24,22.961686306635578,stock_pb_q_blended,15.939086294416242,industry_pb_q_blended,False,,CASH_INSUFFICIENT_FOR_ONE_LOT,加仓目标、现金或剩余单票容量尚未同时满足一手，进入 pending add。,1524.0,1524.0,43040.36736489599,27800.36736489599,False,CASH_INSUFFICIENT_FOR_ONE_LOT,True,LOT_SIZE_ACCUMULATION_REQUIRED,remaining_single_name_capacity >= lot_notional and available_cash >= lot_notional and accumulated_target_gap >= lot_notional,False,True,hard_filter -> bucket -> valuation -> market_state -> grid -> account_constraints
2024-09-20,002352.sz,顺丰控股,cyclical_rotation,BUY_1,BUY_1,0.03,0.0,35.27,14.815445349124104,stock_pb_q_blended,15.939086294416242,industry_pb_q_blended,False,,CASH_INSUFFICIENT_FOR_ONE_LOT,买入请求不满足 100 股整手、现金或单票上限。,3527.0000000000005,3527.0000000000005,43040.36736489599,43040.36736489599,False,CASH_INSUFFICIENT_FOR_ONE_LOT,False,,,False,True,hard_filter -> bucket -> valuation -> market_state -> grid -> account_constraints
2024-09-20,600036.sh,招商银行,defensive_dividend,BUY_1,BUY_1,0.04,0.0,27.93,16.463614525929067,stock_pb_q_blended,72.31520425429053,industry_pb_q_blended,False,,CASH_INSUFFICIENT_FOR_ONE_LOT,买入请求不满足 100 股整手、现金或单票上限。,2793.0,2793.0,57387.15648652799,57387.15648652799,False,CASH_INSUFFICIENT_FOR_ONE_LOT,False,,,True,False,hard_filter -> bucket -> valuation -> market_state -> grid -> account_constraints
2024-09-20,600346.sh,恒力石化,defensive_dividend,BUY_1,BUY_1,0.04,0.0,12.0,11.240415423710086,stock_pb_q_blended,81.7824377457405,industry_pb_q_blended,False,,CASH_INSUFFICIENT_FOR_ONE_LOT,买入请求不满足 100 股整手、现金或单票上限。,1200.0,2400.0,57387.15648652799,57387.15648652799,False,CASH_INSUFFICIENT_FOR_ONE_LOT,False,,,True,False,hard_filter -> bucket -> valuation -> market_state -> grid -> account_constraints
2024-09-20,600803.sh,新奥股份,defensive_dividend,BUY_1,BUY_1,0.04,0.0,16.69,21.841517525423008,stock_pe_ttm_q_blended,38.75897935966196,industry_pe_ttm_q_blended,False,,CASH_INSUFFICIENT_FOR_ONE_LOT,买入请求不满足 100 股整手、现金或单票上限。,1669.0000000000002,1669.0000000000002,57387.15648652799,57387.15648652799,False,CASH_INSUFFICIENT_FOR_ONE_LOT,False,,,True,False,hard_filter -> bucket -> valuation -> market_state -> grid -> account_constraints
2024-09-20,600926.sh,杭州银行,defensive_dividend,BUY_1,BUY_1,0.04,0.0,11.1,15.521064301552107,stock_pb_q_blended,72.31520425429053,industry_pb_q_blended,False,,CASH_INSUFFICIENT_FOR_ONE_LOT,买入请求不满足 100 股整手、现金或单票上限。,1110.0,2220.0,57387.15648652799,57387.15648652799,False,CASH_INSUFFICIENT_FOR_ONE_LOT,False,,,True,False,hard_filter -> bucket -> valuation -> market_state -> grid -> account_constraints
2024-09-20,601838.sh,成都银行,defensive_dividend,BUY_1,BUY_1,0.04,0.0,12.51,24.944567627494457,stock_pb_q_blended,72.31520425429053,industry_pb_q_blended,False,,CASH_INSUFFICIENT_FOR_ONE_LOT,买入请求不满足 100 股整手、现金或单票上限。,1251.0,2502.0,57387.15648652799,57387.15648652799,False,CASH_INSUFFICIENT_FOR_ONE_LOT,False,,,True,False,hard_filter -> bucket -> valuation -> market_state -> grid -> account_constraints
2024-09-23,600233.sh,圆通速递,cyclical_rotation,BUY_2,BUY_2,0.06,0.027956,15.07,21.029982363315696,stock_pb_q_blended,16.860062418201952,industry_pb_q_blended,False,,CASH_INSUFFICIENT_FOR_ONE_LOT,加仓目标、现金或剩余单票容量尚未同时满足一手，进入 pending add。,1507.0,1507.0,43203.98736489599,28133.98736489599,False,CASH_INSUFFICIENT_FOR_ONE_LOT,True,LOT_SIZE_ACCUMULATION_REQUIRED,remaining_single_name_capacity >= lot_notional and available_cash >= lot_notional and accumulated_target_gap >= lot_notional,True,False,hard_filter -> bucket -> valuation -> market_state -> grid -> account_constraints
2024-09-23,002352.sz,顺丰控股,cyclical_rotation,BUY_1,BUY_1,0.03,0.0,35.27,14.87699611566681,stock_pb_q_blended,16.860062418201952,industry_pb_q_blended,False,,CASH_INSUFFICIENT_FOR_ONE_LOT,买入请求不满足 100 股整手、现金或单票上限。,3527.0000000000005,3527.0000000000005,43203.98736489599,43203.98736489599,False,CASH_INSUFFICIENT_FOR_ONE_LOT,False,,,True,False,hard_filter -> bucket -> valuation -> market_state -> grid -> account_constraints
2024-09-23,600036.sh,招商银行,defensive_dividend,BUY_1,BUY_1,0.04,0.0,28.38,18.20500403551251,stock_pb_q_blended,75.21584616933453,industry_pb_q_blended,False,,CASH_INSUFFICIENT_FOR_ONE_LOT,买入请求不满足 100 股整手、现金或单票上限。,2838.0,2838.0,57605.31648652798,57605.31648652798,False,CASH_INSUFFICIENT_FOR_ONE_LOT,False,,,True,False,hard_filter -> bucket -> valuation -> market_state -> grid -> account_constraints
2024-09-23,600346.sh,恒力石化,defensive_dividend,BUY_1,BUY_1,0.04,0.0,11.92,10.198515769944342,stock_pb_q_blended,82.06806282722513,industry_pb_q_blended,False,,CASH_INSUFFICIENT_FOR_ONE_LOT,买入请求不满足 100 股整手、现金或单票上限。,1192.0,2384.0,57605.31648652798,57605.31648652798,False,CASH_INSUFFICIENT_FOR_ONE_LOT,False,,,True,False,hard_filter -> bucket -> valuation -> market_state -> grid -> account_constraints
2024-09-23,600803.sh,新奥股份,defensive_dividend,BUY_1,BUY_1,0.04,0.0,16.81,22.07028265851795,stock_pe_ttm_q_blended,40.457711442786064,industry_pe_ttm_q_blended,False,,CASH_INSUFFICIENT_FOR_ONE_LOT,买入请求不满足 100 股整手、现金或单票上限。,1680.9999999999998,1680.9999999999998,57605.31648652798,57605.31648652798,False,CASH_INSUFFICIENT_FOR_ONE_LOT,False,,,True,False,hard_filter -> bucket -> valuation -> market_state -> grid -> account_constraints
2024-09-23,600926.sh,杭州银行,defensive_dividend,BUY_1,BUY_1,0.04,0.0,11.32,17.05426356589147,stock_pb_q_blended,75.21584616933453,industry_pb_q_blended,False,,CASH_INSUFFICIENT_FOR_ONE_LOT,买入请求不满足 100 股整手、现金或单票上限。,1132.0,2264.0,57605.31648652798,57605.31648652798,False,CASH_INSUFFICIENT_FOR_ONE_LOT,False,,,False,True,hard_filter -> bucket -> valuation -> market_state -> grid -> account_constraints
2024-09-23,601838.sh,成都银行,defensive_dividend,BUY_1,BUY_1,0.04,0.0,12.89,31.450719822812843,stock_pb_q_blended,75.21584616933453,industry_pb_q_blended,False,,CASH_INSUFFICIENT_FOR_ONE_LOT,买入请求不满足 100 股整手、现金或单票上限。,1289.0,2578.0,57605.31648652798,57605.31648652798,False,CASH_INSUFFICIENT_FOR_ONE_LOT,False,,,False,True,hard_filter -> bucket -> valuation -> market_state -> grid -> account_constraints
2025-04-01,600585.sh,海螺水泥,cyclical_rotation,BUY_1,BUY_1,0.03,0.0,23.25,25.858348160477526,stock_pb_q_blended,14.129522278979895,industry_pb_q_blended,False,,MAX_POSITIONS_LIMIT,买入请求不满足 100 股整手、现金或单票上限。,2325.0,2325.0,49828.85476515449,49828.85476515449,False,MAX_POSITIONS_LIMIT,False,,,False,True,hard_filter -> bucket -> valuation -> market_state -> grid -> account_constraints
2025-04-02,600585.sh,海螺水泥,cyclical_rotation,BUY_1,BUY_1,0.03,0.0,23.12,24.929432013769365,stock_pb_q_blended,13.649454962707976,industry_pb_q_blended,False,,MAX_POSITIONS_LIMIT,买入请求不满足 100 股整手、现金或单票上限。,2312.0,2312.0,49778.72476515449,49778.72476515449,False,MAX_POSITIONS_LIMIT,False,,,True,False,hard_filter -> bucket -> valuation -> market_state -> grid -> account_constraints
2025-04-03,600585.sh,海螺水泥,cyclical_rotation,BUY_1,BUY_1,0.03,0.0,23.21,25.465848483110626,stock_pb_q_blended,14.857773699604289,industry_pb_q_blended,False,,MAX_POSITIONS_LIMIT,买入请求不满足 100 股整手、现金或单票上限。,2321.0,2321.0,49570.37476515449,49570.37476515449,False,MAX_POSITIONS_LIMIT,False,,,True,False,hard_filter -> bucket -> valuation -> market_state -> grid -> account_constraints
2025-04-07,000708.sz,中信特钢,cyclical_rotation,BUY_1,BUY_1,0.03,0.0,10.89,22.176470588235297,stock_pb_q_blended,38.08079186730872,industry_pb_q_blended,False,,MAX_POSITIONS_LIMIT,买入请求不满足 100 股整手、现金或单票上限。,1089.0,2178.0,47181.50476515449,47181.50476515449,False,MAX_POSITIONS_LIMIT,False,,,False,True,hard_filter -> bucket -> valuation -> market_state -> grid -> account_constraints
2025-04-07,600426.sh,华鲁恒升,cyclical_rotation,BUY_1,BUY_1,0.03,0.0,19.98,23.730382293762574,stock_pb_q_blended,39.636169074371324,industry_pb_q_blended,False,,MAX_POSITIONS_LIMIT,买入请求不满足 100 股整手、现金或单票上限。,1998.0,1998.0,47181.50476515449,47181.50476515449,False,MAX_POSITIONS_LIMIT,False,,,False,True,hard_filter -> bucket -> valuation -> market_state -> grid -> account_constraints
2025-04-07,600585.sh,海螺水泥,cyclical_rotation,BUY_1,BUY_1,0.03,0.0,22.7,21.91011235955056,stock_pb_q_blended,5.980738362760835,industry_pb_q_blended,False,,MAX_POSITIONS_LIMIT,买入请求不满足 100 股整手、现金或单票上限。,2270.0,2270.0,47181.50476515449,47181.50476515449,False,MAX_POSITIONS_LIMIT,False,,,False,True,hard_filter -> bucket -> valuation -> market_state -> grid -> account_constraints
2025-04-07,601688.sh,华泰证券,defensive_dividend,BUY_1,BUY_1,0.04,0.0,14.22,28.047084002140178,stock_pb_q_blended,35.888710540395934,industry_pb_q_blended,False,,MAX_POSITIONS_LIMIT,买入请求不满足 100 股整手、现金或单票上限。,1422.0,2844.0,62908.673020205984,62908.673020205984,False,MAX_POSITIONS_LIMIT,False,,,False,True,hard_filter -> bucket -> valuation -> market_state -> grid -> account_constraints
2025-04-08,000708.sz,中信特钢,cyclical_rotation,BUY_1,BUY_1,0.03,0.0,11.18,23.602307953840924,stock_pb_q_blended,42.12045155005444,industry_pb_q_blended,False,,MAX_POSITIONS_LIMIT,买入请求不满足 100 股整手、现金或单票上限。,1118.0,2236.0,47818.56470607449,47818.56470607449,False,MAX_POSITIONS_LIMIT,False,,,False,True,hard_filter -> bucket -> valuation -> market_state -> grid -> account_constraints
2025-04-08,600426.sh,华鲁恒升,cyclical_rotation,BUY_1,BUY_1,0.03,0.0,20.8,27.149829521510938,stock_pb_q_blended,40.83651366683858,industry_pb_q_blended,False,,MAX_POSITIONS_LIMIT,买入请求不满足 100 股整手、现金或单票上限。,2080.0,2080.0,47818.56470607449,47818.56470607449,False,MAX_POSITIONS_LIMIT,False,,,False,True,hard_filter -> bucket -> valuation -> market_state -> grid -> account_constraints
2025-04-08,601688.sh,华泰证券,defensive_dividend,BUY_1,BUY_1,0.04,0.0,14.41,30.01782132829064,stock_pb_q_blended,38.76872385536646,industry_pb_q_blended,False,,MAX_POSITIONS_LIMIT,买入请求不满足 100 股整手、现金或单票上限。,1441.0,2882.0,63758.086274765985,63758.086274765985,False,MAX_POSITIONS_LIMIT,False,,,False,True,hard_filter -> bucket -> valuation -> market_state -> grid -> account_constraints
2025-04-09,000708.sz,中信特钢,cyclical_rotation,BUY_1,BUY_1,0.03,0.0,10.59,20.841069929231143,stock_pb_q_blended,44.86836980181006,industry_pb_q_blended,False,,CASH_INSUFFICIENT,买入请求不满足 100 股整手、现金或单票上限。,1059.0,2118.0,47911.64865529048,47911.64865529048,False,CASH_INSUFFICIENT,False,,,False,True,hard_filter -> bucket -> valuation -> market_state -> grid -> account_constraints
2025-04-09,601688.sh,华泰证券,defensive_dividend,BUY_1,BUY_1,0.04,0.0,14.61,31.8608469851453,stock_pb_q_blended,40.48554626341314,industry_pb_q_blended,False,,CASH_INSUFFICIENT,买入请求不满足 100 股整手、现金或单票上限。,1461.0,2922.0,63882.198207053974,63882.198207053974,False,CASH_INSUFFICIENT,False,,,False,True,hard_filter -> bucket -> valuation -> market_state -> grid -> account_constraints
2025-04-22,601601.sh,中国太保,defensive_dividend,BUY_1,BUY_1,0.04,0.0,29.89,29.053687955405895,stock_pb_q_blended,47.52559785400377,industry_pb_q_blended,False,,MAX_POSITIONS_LIMIT,买入请求不满足 100 股整手、现金或单票上限。,2989.0,2989.0,64710.81510779399,64710.81510779399,False,MAX_POSITIONS_LIMIT,False,,,False,True,hard_filter -> bucket -> valuation -> market_state -> grid -> account_constraints
2025-04-24,601601.sh,中国太保,defensive_dividend,BUY_1,BUY_1,0.04,0.0,29.95,29.365269461077844,stock_pb_q_blended,47.59366980325064,industry_pb_q_blended,False,,MAX_POSITIONS_LIMIT,买入请求不满足 100 股整手、现金或单票上限。,2995.0,2995.0,64719.335107793995,64719.335107793995,False,MAX_POSITIONS_LIMIT,False,,,True,False,hard_filter -> bucket -> valuation -> market_state -> grid -> account_constraints
2025-05-06,601021.sh,春秋航空,cyclical_rotation,BUY_1,BUY_1,0.03,0.0,53.91,12.881679389312978,stock_pb_q_blended,36.00853727945361,industry_pb_q_blended,False,,MAX_POSITIONS_LIMIT,买入请求不满足 100 股整手、现金或单票上限。,5391.0,5391.0,48712.3013308455,48712.3013308455,False,MAX_POSITIONS_LIMIT,False,,,False,True,hard_filter -> bucket -> valuation -> market_state -> grid -> account_constraints
2025-05-07,601021.sh,春秋航空,cyclical_rotation,BUY_1,BUY_1,0.03,0.0,54.2,13.822688274547188,stock_pb_q_blended,39.14934289127837,industry_pb_q_blended,False,,MAX_POSITIONS_LIMIT,买入请求不满足 100 股整手、现金或单票上限。,5420.0,5420.0,48989.77133084549,48989.77133084549,False,MAX_POSITIONS_LIMIT,False,,,True,False,hard_filter -> bucket -> valuation -> market_state -> grid -> account_constraints
2025-05-08,601021.sh,春秋航空,cyclical_rotation,BUY_1,BUY_1,0.03,0.0,53.84,12.761904761904763,stock_pb_q_blended,38.380800727934485,industry_pb_q_blended,False,,MAX_POSITIONS_LIMIT,买入请求不满足 100 股整手、现金或单票上限。,5384.0,5384.0,49185.071330845494,49185.071330845494,False,MAX_POSITIONS_LIMIT,False,,,True,False,hard_filter -> bucket -> valuation -> market_state -> grid -> account_constraints
2025-05-09,601021.sh,春秋航空,cyclical_rotation,BUY_1,BUY_1,0.03,0.0,53.19,10.846812559467175,stock_pb_q_blended,38.3907680063669,industry_pb_q_blended,False,,MAX_POSITIONS_LIMIT,买入请求不满足 100 股整手、现金或单票上限。,5319.0,5319.0,49436.6213308455,49436.6213308455,False,MAX_POSITIONS_LIMIT,False,,,True,False,hard_filter -> bucket -> valuation -> market_state -> grid -> account_constraints
2025-05-12,601021.sh,春秋航空,cyclical_rotation,BUY_1,BUY_1,0.03,0.0,55.05,17.300380228136884,stock_pb_q_blended,42.68939652233208,industry_pb_q_blended,False,,MAX_POSITIONS_LIMIT,买入请求不满足 100 股整手、现金或单票上限。,5505.0,5505.0,49640.831330845496,49640.831330845496,False,MAX_POSITIONS_LIMIT,False,,,True,False,hard_filter -> bucket -> valuation -> market_state -> grid -> account_constraints
