date,nav,cash,invested_value,exposure,holdings_count
2023-04-04,49987.7867851,47231.7867851,2756.0,0.055133467137646684,1
2023-04-06,49889.73101225,43409.73101225,6480.0,0.12988644894495205,2
2023-04-07,49989.25713595,41566.25713595,8423.0,0.1684962026359572,3
2023-04-10,50036.25713595,41566.25713595,8470.0,0.16927724983478995,3
2023-04-11,49936.25713595,41566.25713595,8370.0,0.16761368352483688,3
2023-04-12,49940.25713595,41566.25713595,8374.0,0.16768035409196744,3
2023-04-13,49915.84567135,39800.84567135,10115.0,0.20264106245135033,4
2023-04-14,50012.84567135,39800.84567135,10212.0,0.20418754147896795,4
2023-04-17,50358.72207325,37144.72207325,13214.0,0.2623974448910635,5
2023-04-18,50585.72207325,37144.72207325,13441.0,0.26570738637548624,5
2023-04-19,50508.72207325,37144.72207325,13364.0,0.26458796523536926,5
2023-04-20,50547.72207325,37144.72207325,13403.0,0.26515537100914993,5
2023-04-21,50152.72207325,37144.72207325,13008.0,0.25936777630935587,5
2023-04-24,49972.72207325,37144.72207325,12828.0,0.2567000449004303,5
2023-04-25,49861.36163075,34192.36163075,15669.0,0.31425134588255554,6
2023-04-26,49852.36163075,34192.36163075,15660.0,0.314127545571293,6
2023-04-27,50207.36163075,34192.36163075,16015.0,0.3189771276527595,6
2023-04-28,50507.36163075,34192.36163075,16315.0,0.32302221840998063,6
2023-05-04,50616.36163075,34192.36163075,16424.0,0.3244800588358022,6
2023-05-05,50823.36163075,34192.36163075,16631.0,0.32723140434570613,6
2023-05-08,51272.36163075,34192.36163075,17080.0,0.3331229429805798,6
2023-05-09,50984.36163075,34192.36163075,16792.0,0.3293558939035986,6
2023-05-10,50680.36163075,34192.36163075,16488.0,0.325333116604993,6
2023-05-11,50624.36163075,34192.36163075,16432.0,0.3245868090121053,6
2023-05-12,50394.36163075,34192.36163075,16202.0,0.3215042214189642,6
2023-05-15,50765.36163075,34192.36163075,16573.0,0.3264627586137645,6
2023-05-16,50716.36163075,34192.36163075,16524.0,0.3258120154656615,6
2023-05-17,50503.36163075,34192.36163075,16311.0,0.32296859997669375,6
2023-05-18,50480.36163075,34192.36163075,16288.0,0.3226601290843012,6
2023-05-19,50264.36163075,34192.36163075,16072.0,0.31974941048823957,6
2023-05-22,50485.36163075,34192.36163075,16293.0,0.32272721188306075,6
2023-05-23,50106.36163075,34192.36163075,15914.0,0.3176043816007919,6
2023-05-24,49754.36163075,34192.36163075,15562.0,0.31277659867275076,6
2023-05-25,49696.36163075,34192.36163075,15504.0,0.3119745488652993,6
2023-05-26,49797.27527005,33180.27527005,16617.0,0.3336929562889981,5
2023-05-29,49811.77738925,31306.777389249997,18505.0,0.37149848830717713,6
2023-05-30,49771.77738925,31306.777389249997,18465.0,0.37099338156222206,6
2023-05-31,49628.77738925,31306.777389249997,18322.0,0.3691809664440514,6
2023-06-01,49592.77738925,31306.777389249997,18286.0,0.36872304723880567,6
2023-06-02,49981.77738925,31306.777389249997,18675.0,0.37363617253068293,6
2023-06-05,49831.77738925,31306.777389249997,18525.0,0.3717507375925211,6
2023-06-06,49822.77738925,31306.777389249997,18516.0,0.37163725047562485,6
2023-06-07,49878.77738925,31306.777389249997,18572.0,0.37234272714957695,6
2023-06-08,50151.77738925,31306.777389249997,18845.0,0.375759364493419,6
2023-06-09,50013.77738925,31306.777389249997,18707.0,0.37403693495106605,6
2023-06-12,49928.77738925,31306.777389249997,18622.0,0.3729712797655935,6
2023-06-13,49993.77738925,31306.777389249997,18687.0,0.373786518560172,6
2023-06-14,49949.77738925,31306.777389249997,18643.0,0.3732348966186239,6
2023-06-15,50096.77738925,31306.777389249997,18790.0,0.3750740262991856,6
2023-06-16,50107.77738925,31306.777389249997,18801.0,0.37521121429811255,6
2023-06-19,49875.77738925,31306.777389249997,18569.0,0.3723049739171039,6
2023-06-20,49706.77738925,31306.777389249997,18400.0,0.3701708492568528,6
2023-06-21,49617.77738925,31306.777389249997,18311.0,0.36904111718569627,6
2023-06-26,49343.77738925,31306.777389249997,18037.0,0.36553747917826673,6
2023-06-27,49546.77738925,31306.777389249997,18240.0,0.36813695988142053,6
2023-06-28,49601.77738925,31306.777389249997,18295.0,0.36883758935551786,6
2023-06-29,49431.77738925,31306.777389249997,18125.0,0.3666669692508704,6
2023-06-30,49541.77738925,31306.777389249997,18235.0,0.368073189153621,6
2023-07-03,49943.77738925,31306.777389249997,18637.0,0.37315960013892474,6
2023-07-04,49801.77738925,31306.777389249997,18495.0,0.3713722876885164,6
2023-07-05,49692.77738925,31306.777389249997,18386.0,0.3699934068079968,6
2023-07-06,49566.77738925,31306.777389249997,18260.0,0.36839191413642747,6
2023-07-07,49555.77738925,31306.777389249997,18249.0,0.36825171476290286,6
2023-07-10,49497.77738925,31306.777389249997,18191.0,0.3675114512101456,6
2023-07-11,49634.77738925,31306.777389249997,18328.0,0.3692572217311791,6
2023-07-12,49723.77738925,31306.777389249997,18417.0,0.37038618075668667,6
2023-07-13,50038.77738925,31306.777389249997,18732.0,0.3743496739395607,6
2023-07-14,50064.77738925,31306.777389249997,18758.0,0.3746745911633226,6
2023-07-17,49917.77738925,31306.777389249997,18611.0,0.37283310622736093,6
2023-07-18,49822.77738925,31306.777389249997,18516.0,0.37163725047562485,6
2023-07-19,49947.77738925,31306.777389249997,18641.0,0.373209799802063,6
2023-07-20,49918.77738925,31306.777389249997,18612.0,0.3728456699744432,6
2023-07-21,49880.77738925,31306.777389249997,18574.0,0.37236789344832777,6
2023-07-24,49733.77738925,31306.777389249997,18427.0,0.37051277757926776,6
2023-07-25,50446.77738925,31306.777389249997,19140.0,0.37940976590664555,6
2023-07-26,50471.77738925,31306.777389249997,19165.0,0.37971716058650157,6
2023-07-27,50634.77738925,31306.777389249997,19328.0,0.3817139325293731,6
2023-07-28,51280.77738925,31306.777389249997,19974.0,0.3895026756007633,6
2023-07-31,51537.77738925,31306.777389249997,20231.0,0.39254700192445396,6
2023-08-01,51394.77738925,31306.777389249997,20088.0,0.39085683449621694,6
2023-08-02,51069.77738925,31306.777389249997,19763.0,0.38698034356734906,6
2023-08-03,51336.77738925,31306.777389249997,20030.0,0.3901686280018487,6
2023-08-04,51305.77738925,31306.777389249997,19999.0,0.38980015541466784,6
2023-08-07,51147.77738925,31306.777389249997,19841.0,0.3879151942224979,6
2023-08-08,51064.77738925,31306.777389249997,19758.0,0.38692031983986275,6
2023-08-09,51050.77738925,31306.777389249997,19744.0,0.3867521908521923,6
2023-08-10,51067.77738925,31306.777389249997,19761.0,0.3869563354868031,6
2023-08-11,50486.77738925,31306.777389249997,19180.0,0.3799014512675935,6
2023-08-14,50236.77738925,31306.777389249997,18930.0,0.37681557185335635,6
2023-08-15,50322.77738925,31306.777389249997,19016.0,0.37788057389817714,6
2023-08-16,50211.77738925,31306.777389249997,18905.0,0.37650529383664944,6
2023-08-17,50075.77738925,31306.777389249997,18769.0,0.3748119545724562,6
2023-08-18,49974.77738925,31306.777389249997,18668.0,0.3735484373366243,6
2023-08-21,49639.77738925,31306.777389249997,18333.0,0.3693207537221994,6
2023-08-22,49810.77738925,31306.777389249997,18504.0,0.37148587052555165,6
2023-08-23,49642.77738925,31306.777389249997,18336.0,0.3693588667738524,6
2023-08-24,49624.77738925,31306.777389249997,18318.0,0.3691301193417172,6
2023-08-25,49829.77738925,31306.777389249997,18523.0,0.3717255217759823,6
2023-08-28,50175.77738925,31306.777389249997,18869.0,0.37605795030577094,6
2023-08-29,50092.77738925,31306.777389249997,18786.0,0.3750241248158764,6
2023-08-30,49899.77738925,31306.777389249997,18593.0,0.37260687267125014,6
2023-08-31,49917.77738925,31306.777389249997,18611.0,0.37283310622736093,6
2023-09-01,50235.77738925,31306.777389249997,18929.0,0.37680316666206576,6
2023-09-04,50679.25547325,34013.25547325,16666.0,0.3288525027522712,5
2023-09-05,50351.216691049995,31463.21669105,18887.999999999996,0.37512499679789,6
2023-09-06,50504.216691049995,31463.21669105,19040.999999999996,0.37701802438556203,6
2023-09-07,50308.216691049995,31463.21669105,18844.999999999996,0.3745908966666391,6
2023-09-08,50255.216691049995,31463.21669105,18791.999999999996,0.37393132966724796,6
2023-09-11,50282.216691049995,31463.21669105,18818.999999999996,0.37426750923949803,6
2023-09-12,50217.216691049995,31463.21669105,18753.999999999996,0.37345757562351006,6
2023-09-13,50162.216691049995,31463.21669105,18698.999999999996,0.3727706077099319,6
2023-09-14,50279.216691049995,31463.21669105,18815.999999999996,0.37423017378370094,6
2023-09-15,50263.216691049995,31463.21669105,18799.999999999996,0.3740309760825072,6
2023-09-18,50208.216691049995,31463.21669105,18744.999999999996,0.37334526568320514,6
2023-09-19,50345.216691049995,31463.21669105,18881.999999999996,0.3750505259689686,6
2023-09-20,50308.216691049995,31463.21669105,18844.999999999996,0.3745908966666391,6
2023-09-21,50148.216691049995,31463.21669105,18684.999999999996,0.3725955025502378,6
2023-09-22,50555.216691049995,31463.21669105,19091.999999999996,0.3776464873382678,6
2023-09-25,50384.216691049995,31463.21669105,18920.999999999996,0.3755342693133707,6
2023-09-26,50256.216691049995,31463.21669105,18792.999999999996,0.3739437872040773,6
2023-09-27,50202.216691049995,31463.21669105,18738.999999999996,0.3732703700181583,6
2023-09-28,50172.216691049995,31463.21669105,18708.999999999996,0.3728956229940188,6
2023-10-09,50007.216691049995,31463.21669105,18543.999999999996,0.3708264771976181,6
2023-10-10,49857.216691049995,31463.21669105,18393.999999999996,0.368933551064072,6
2023-10-11,49816.216691049995,31463.21669105,18352.999999999996,0.36841416749532696,6
2023-10-12,50151.216691049995,31463.21669105,18687.999999999996,0.372633033314525,6
2023-10-13,49973.216691049995,31463.21669105,18509.999999999996,0.3703984099009393,6
2023-10-16,49857.216691049995,31463.21669105,18393.999999999996,0.368933551064072,6
2023-10-17,49886.216691049995,31463.21669105,18422.999999999996,0.36930040444027573,6
2023-10-18,49799.216691049995,31463.21669105,18335.999999999996,0.36819856251464644,6
2023-10-19,49251.216691049995,31463.21669105,17787.999999999996,0.3611687425223032,6
2023-10-20,49220.31728345,33691.31728345,15529.0,0.31549979474068773,5
2023-10-23,49119.793610349996,30534.79361035,18584.999999999996,0.37836071029589924,6
2023-10-24,49144.793610349996,30534.79361035,18609.999999999996,0.378676938752688,6
2023-10-25,49160.793610349996,30534.79361035,18625.999999999996,0.37887915617535106,6
2023-10-26,49268.793610349996,30534.79361035,18733.999999999996,0.38024068841954567,6
2023-10-27,49202.793610349996,30534.79361035,18667.999999999996,0.3794093511810905,6
2023-10-30,48896.793610349996,30534.79361035,18361.999999999996,0.3755256458393482,6
2023-10-31,48724.793610349996,30534.79361035,18189.999999999996,0.3733212324194663,6
2023-11-01,48649.793610349996,30534.79361035,18114.999999999996,0.3723551253904214,6
2023-11-02,48723.793610349996,30534.79361035,18188.999999999996,0.3733083705562749,6
2023-11-03,48702.793610349996,30534.79361035,18167.999999999996,0.37303814942022245,6
2023-11-06,48942.793610349996,30534.79361035,18407.999999999996,0.3761125722931196,6
2023-11-07,48719.793610349996,30534.79361035,18184.999999999996,0.3732569178235761,6
2023-11-08,48576.793610349996,30534.79361035,18041.999999999996,0.37141191624792386,6
2023-11-09,48449.793610349996,30534.79361035,17914.999999999996,0.36976421703833506,6
2023-11-10,48159.793610349996,30534.79361035,17624.999999999996,0.3659691763340991,6
2023-11-13,48138.793610349996,30534.79361035,17603.999999999996,0.3656925876143078,6
2023-11-14,48097.793610349996,30534.79361035,17562.999999999996,0.3651518849758771,6
2023-11-15,48363.793610349996,30534.79361035,17828.999999999996,0.3686435382559514,6
2023-11-16,48209.793610349996,30534.79361035,17674.999999999996,0.3666267510468124,6
2023-11-17,48100.793610349996,30534.79361035,17565.999999999996,0.36519147983912403,6
2023-11-20,48252.793610349996,30534.79361035,17717.999999999996,0.36719117535610557,6
2023-11-21,48305.793610349996,30534.79361035,17770.999999999996,0.36788547856902165,6
2023-11-22,48191.793610349996,30534.79361035,17656.999999999996,0.36639018134008317,6
2023-11-23,48257.793610349996,30534.79361035,17722.999999999996,0.36725674080961074,6
2023-11-24,48166.793610349996,30534.79361035,17631.999999999996,0.3660613189791247,6
2023-11-27,47915.793610349996,30534.79361035,17380.999999999996,0.36274052228669823,6
2023-11-28,47870.25349995,33255.25349995,14615.0,0.3053044204166428,5
2023-11-29,47688.10586875,35674.10586875,12014.0,0.25192864722003505,4
2023-11-30,47696.51639585,31184.516395849998,16512.0,0.3461888047118821,5
2023-12-01,47610.51639585,31184.516395849998,16426.0,0.3450078101112926,5
2023-12-04,47496.1521401,29478.1521401,18018.0,0.3793570465845755,6
2023-12-05,47120.1521401,29478.1521401,17642.0,0.37440456362589664,6
2023-12-06,47049.1521401,29478.1521401,17571.0,0.3734605024906333,6
2023-12-07,47128.1521401,29478.1521401,17650.0,0.3745107584004364,6
2023-12-08,47114.2051705,34048.2051705,13066.0,0.27732612601052903,5
2023-12-11,47292.2051705,34048.2051705,13244.0,0.28004615035928504,5
2023-12-12,47318.2051705,34048.2051705,13270.0,0.2804417444022799,5
2023-12-13,47188.2051705,34048.2051705,13140.0,0.2784594148584942,5
2023-12-14,47163.2051705,34048.2051705,13115.0,0.27807694478328776,5
2023-12-15,47068.2051705,34048.2051705,13020.0,0.2766198531011819,5
2023-12-18,47152.2051705,34048.2051705,13104.0,0.277908529465729,5
2023-12-19,47109.2051705,34048.2051705,13061.0,0.277249424029316,5
2023-12-20,47092.2051705,34048.2051705,13044.0,0.27698851546181497,5
2023-12-21,47187.8775025,37373.8775025,9814.0,0.20797714411884827,4
2023-12-22,47291.8775025,37373.8775025,9918.0,0.2097188888192418,4
2023-12-25,47241.8775025,37373.8775025,9868.0,0.20888246872656138,4
2023-12-26,47248.8775025,37373.8775025,9875.0,0.20899967410818385,4
2023-12-27,47349.8775025,37373.8775025,9976.0,0.21068692309654408,4
2023-12-28,47362.8775025,37373.8775025,9989.0,0.2109035710398453,4
2023-12-29,47365.8775025,37373.8775025,9992.0,0.2109535498307324,4
2024-01-02,47399.8775025,37373.8775025,10026.0,0.2115195339792007,4
2024-01-03,47544.952954249995,33715.952954249995,13829.0,0.29086157711223143,5
2024-01-04,47686.952954249995,33715.952954249995,13971.0,0.29297321666585674,5
2024-01-05,47715.952954249995,33715.952954249995,14000.0,0.2934029215223509,5
2024-01-08,47520.952954249995,33715.952954249995,13805.0,0.29050343357572256,5
2024-01-09,47597.952954249995,33715.952954249995,13882.0,0.2916511979694388,5
2024-01-10,47610.952954249995,33715.952954249995,13895.0,0.29184461007012175,5
2024-01-11,47519.42306745,31802.423067449996,15717.000000000004,0.3307489650640536,5
2024-01-12,47628.42306744999,31802.423067449996,15825.999999999996,0.33228057913207987,5
2024-01-15,47785.42306745,31802.423067449996,15983.000000000004,0.3344743851579949,5
2024-01-16,47923.42306745,31802.423067449996,16121.000000000004,0.3363908287041692,5
2024-01-17,47736.42306745,31802.423067449996,15934.000000000004,0.3337912431663718,5
2024-01-18,47602.42306745,31802.423067449996,15800.000000000004,0.33191587700509023,5
2024-01-19,47593.42306745,31802.423067449996,15791.000000000004,0.331789541122537,5
2024-01-22,47149.42306745,31802.423067449996,15347.000000000004,0.3254970899229292,5
2024-01-23,47350.42306745,31802.423067449996,15548.000000000004,0.32836031850976494,5
2024-01-24,47732.42306745,31802.423067449996,15930.000000000004,0.33373541455227507,5
2024-01-25,47994.42306745,31802.423067449996,16192.000000000004,0.33737253133023865,5
2024-01-26,48264.42306745,31802.423067449996,16462.000000000004,0.34107939044447294,5
2024-01-29,48401.42306745,31802.423067449996,16599.000000000004,0.34294446212600815,5
2024-01-30,48257.42306745,31802.423067449996,16455.000000000004,0.3409838104492369,5
2024-01-31,48240.42306745,31802.423067449996,16438.000000000004,0.3407515721206738,5
2024-02-01,48215.42306745,31802.423067449996,16413.000000000004,0.3404097476659982,5
2024-02-02,48153.42306745,31802.423067449996,16351.000000000004,0.33956049141297073,5
2024-02-05,48174.42306745,31802.423067449996,16372.000000000004,0.33984838753703867,5
2024-02-06,48459.42306744999,31802.423067449996,16656.999999999996,0.34373087720865664,5
2024-02-07,48377.42306745,31802.423067449996,16575.000000000004,0.3426184974112901,5
2024-02-08,48275.42306745,31802.423067449996,16473.000000000004,0.34122953157725977,5
2024-02-19,48576.42306745,31802.423067449996,16774.000000000004,0.3453115511759427,5
2024-02-20,48822.42306745,31802.423067449996,17020.000000000004,0.3486103091705678,5
2024-02-21,48807.42306745,31802.423067449996,17005.000000000004,0.3484101173811152,5
2024-02-22,48824.42306745,31802.423067449996,17022.000000000004,0.34863699211528704,5
2024-02-23,48648.42306745,31802.423067449996,16846.000000000004,0.34628049457314136,5
2024-02-26,48426.42306745,31802.423067449996,16624.000000000004,0.3432836651355711,5
2024-02-27,48702.42306745,31802.423067449996,16900.000000000004,0.3470053220266781,5
2024-02-28,48606.42306745,31802.423067449996,16804.000000000004,0.34571562644470843,5
2024-02-29,48758.42306745,31802.423067449996,16956.000000000004,0.3477552991519826,5
2024-03-01,48856.42306745,31802.423067449996,17054.000000000004,0.3490636221250922,5
2024-03-04,48757.42306745,31802.423067449996,16955.000000000004,0.3477419218104454,5
2024-03-05,48860.42306745,31802.423067449996,17058.000000000004,0.34911691158408653,5
2024-03-06,48781.42306745,31802.423067449996,16979.000000000004,0.34806282663224414,5
2024-03-07,48974.42306745,31802.423067449996,17172.000000000004,0.35063200185839605,5
2024-03-08,49048.42306745,31802.423067449996,17246.000000000004,0.3516117118848815,5
2024-03-11,48917.42306745,31802.423067449996,17115.000000000004,0.3498753394348045,5
2024-03-12,48589.42306745,31802.423067449996,16787.000000000004,0.34548671172112755,5
2024-03-13,48475.42306744999,31802.423067449996,16672.999999999996,0.3439474881281746,5
2024-03-14,48526.42306744999,31802.423067449996,16723.999999999996,0.34463698213969396,5
2024-03-15,48521.42306745,31802.423067449996,16719.000000000004,0.34456944877232465,5
2024-03-18,48393.42306745,31802.423067449996,16591.000000000004,0.3428358431449606,5
2024-03-19,48391.42306745,31802.423067449996,16589.000000000004,0.3428086827882197,5
2024-03-20,48359.42306745,31802.423067449996,16557.000000000004,0.342373811550789,5
2024-03-21,48229.42306745,31802.423067449996,16427.000000000004,0.34060121301941454,5
2024-03-22,48306.42306744999,31802.423067449996,16503.999999999996,0.3416522887019714,5
2024-03-25,48356.42306745,31802.423067449996,16554.000000000004,0.34233301286386797,5
2024-03-26,48365.42306745,31802.423067449996,16563.000000000004,0.3424553937407182,5
2024-03-27,48432.42306745,31802.423067449996,16630.000000000004,0.34336502175082245,5
2024-03-28,48493.42306745,31802.423067449996,16691.000000000004,0.3441910045571401,5
2024-03-29,48593.42306745,31802.423067449996,16791.000000000004,0.3455405884185868,5
2024-04-01,48857.42306745,31802.423067449996,17055.000000000004,0.34907694530787603,5
2024-04-02,49024.42306745,31802.423067449996,17222.000000000004,0.35129429215934277,5
2024-04-03,49176.42306745,31802.423067449996,17374.000000000004,0.35329938446661646,5
2024-04-08,49034.42306745,31802.423067449996,17232.000000000004,0.3514265881398519,5
2024-04-09,49056.42306745,31802.423067449996,17254.000000000004,0.3517174494413639,5
2024-04-10,49022.42306745,31802.423067449996,17220.000000000004,0.3512678264864017,5
2024-04-11,49113.42306745,31802.423067449996,17311.000000000004,0.35246983245753233,5
2024-04-12,49100.42306745,31802.423067449996,17298.000000000004,0.35229839010220904,5
2024-04-15,49498.42306745,31802.423067449996,17696.000000000004,0.3575063386541871,5
2024-04-16,49521.42306745,31802.423067449996,17719.000000000004,0.3578047419167675,5
2024-04-17,49862.42306745,31802.423067449996,18060.000000000004,0.3621965979384885,5
2024-04-18,49975.42306745,31802.423067449996,18173.000000000004,0.36363874249693834,5
2024-04-19,50076.42306745,31802.423067449996,18274.000000000004,0.3649222304753277,5
2024-04-22,49839.42306744999,31802.423067449996,18036.999999999996,0.3619022631058488,5
2024-04-23,49483.42306745,31802.423067449996,17681.000000000004,0.35731157838250877,5
2024-04-24,49560.42306745,31802.423067449996,17758.000000000004,0.3583100970674118,5
2024-04-25,49701.42306745,31802.423067449996,17899.000000000004,0.36013053339960105,5
2024-04-26,49649.42306745,31802.423067449996,17847.000000000004,0.3594603702797191,5
2024-04-29,49600.42306745,31802.423067449996,17798.000000000004,0.358827584510662,5
2024-04-30,49664.42306745,31802.423067449996,17862.000000000004,0.3596538305849512,5
2024-05-06,49936.42306745,31802.423067449996,18134.000000000004,0.363141748769352,5
2024-05-07,49870.42306745,31802.423067449996,18068.000000000004,0.3622989116327115,5
2024-05-08,49767.42306745,31802.423067449996,17965.000000000004,0.3609791082743417,5
2024-05-09,50075.42306745,31802.423067449996,18273.000000000004,0.36490954805088427,5
2024-05-10,50134.92714345,34488.92714345,15646.0,0.31207784455799514,5
2024-05-13,50292.92714345,34488.92714345,15804.0,0.31423901724634984,5
2024-05-14,49969.92714345,34488.92714345,15481.0,0.3098063352295528,5
2024-05-15,50119.92714345,34488.92714345,15631.0,0.31187196173015114,5
2024-05-16,50115.92714345,34488.92714345,15627.0,0.31181703882819223,5
2024-05-17,50124.92714345,34488.92714345,15636.0,0.311940603030746,5
2024-05-20,50088.92714345,34488.92714345,15600.0,0.3114460797957014,5
2024-05-21,50064.92714345,34488.92714345,15576.0,0.3111160025334784,5
2024-05-22,49999.92714345,34488.92714345,15511.0,0.3102204520318375,5
2024-05-23,49891.92714345,34488.92714345,15403.0,0.30872730082590455,5
2024-05-24,49980.92714345,34488.92714345,15492.0,0.3099582357793502,5
2024-05-27,50278.92714345,34488.92714345,15790.0,0.31404806938202573,5
2024-05-28,50225.92714345,34488.92714345,15737.0,0.31332423103019363,5
2024-05-29,50045.92714345,34488.92714345,15557.0,0.3108544668461817,5
2024-05-30,49935.92714345,34488.92714345,15447.0,0.30933640133737167,5
2024-05-31,49875.92714345,34488.92714345,15387.0,0.30850554328032603,5
2024-06-03,49793.92714345,34488.92714345,15305.0,0.30736679908592535,5
2024-06-04,49842.911190599996,29465.911190599996,20377.0,0.4088244348745615,6
2024-06-05,49696.911190599996,29465.911190599996,20231.0,0.40708767437093,6
2024-06-06,49805.911190599996,29465.911190599996,20340.0,0.4083852601784911,6
2024-06-07,49825.911190599996,29465.911190599996,20360.0,0.40862273290129125,6
2024-06-11,49550.911190599996,29465.911190599996,20085.0,0.40534067926101436,6
2024-06-12,49528.911190599996,29465.911190599996,20063.0,0.4050765405036346,6
2024-06-13,49354.911190599996,29465.911190599996,19889.0,0.4029791467599278,6
2024-06-14,49640.911190599996,29465.911190599996,20175.0,0.4064188089242878,6
2024-06-17,49270.911190599996,29465.911190599996,19805.0,0.40196130985656375,6
2024-06-18,49327.911190599996,29465.911190599996,19862.0,0.4026523629442662,6
2024-06-19,49219.911190599996,29465.911190599996,19754.0,0.40134164248091153,6
2024-06-20,49247.911190599996,29465.911190599996,19782.0,0.401682010906806,6
2024-06-21,49111.911190599996,29465.911190599996,19646.0,0.4000251573137768,6
2024-06-24,49105.665481799995,31191.665481799995,17914.0,0.3648051568843814,5
2024-06-25,49225.665481799995,31191.665481799995,18034.0,0.3663536048419221,5
2024-06-26,49145.665481799995,31191.665481799995,17954.0,0.3653221463986252,5
2024-06-27,49045.665481799995,31191.665481799995,17854.0,0.36402809146560183,5
2024-06-28,49147.665481799995,31191.665481799995,17956.0,0.36534797378421435,5
2024-07-01,49215.665481799995,31191.665481799995,18024.0,0.3662248559183924,5
2024-07-02,49126.665481799995,31191.665481799995,17935.0,0.3650766813522973,5
2024-07-03,49064.665481799995,31191.665481799995,17873.0,0.3642743678060904,5
2024-07-04,49129.665481799995,31191.665481799995,17938.0,0.3651154516133456,5
2024-07-05,49008.665481799995,31191.665481799995,17817.0,0.3635479526904599,5
2024-07-08,48975.665481799995,31191.665481799995,17784.0,0.36311910874613373,5
2024-07-09,49129.665481799995,31191.665481799995,17938.0,0.3651154516133456,5
2024-07-10,49051.665481799995,31191.665481799995,17860.0,0.3641058835530616,5
2024-07-11,49189.665481799995,31191.665481799995,17998.0,0.3658898637287785,5
2024-07-12,49376.665481799995,31191.665481799995,18185.0,0.3682913745299975,5
2024-07-15,49457.665481799995,31191.665481799995,18266.0,0.3693259643790048,5
2024-07-16,49336.665481799995,31191.665481799995,18145.0,0.3677792129403959,5
2024-07-17,49228.665481799995,31191.665481799995,18037.0,0.36639221931921634,5
2024-07-18,49436.665481799995,31191.665481799995,18245.0,0.36905806292127163,5
2024-07-19,49348.665481799995,31191.665481799995,18157.0,0.3679329485960746,5
2024-07-22,49316.665481799995,31191.665481799995,18125.0,0.3675228205907173,5
2024-07-23,48982.665481799995,31191.665481799995,17791.0,0.36321012392864627,5
2024-07-24,48822.94334299999,35588.94334299999,13234.0,0.27106108509325316,4
2024-07-25,48664.733516199994,34075.733516199994,14589.0,0.2997858807783972,5
2024-07-26,48975.733516199994,34075.733516199994,14900.0,0.3042322989419125,5
2024-07-29,48990.9168007,29301.916800699993,19689.000000000004,0.40189082560134254,6
2024-07-30,48599.9168007,29301.916800699993,19298.000000000004,0.3970788690675711,6
2024-07-31,49005.9168007,29301.916800699993,19704.000000000004,0.4020738981403681,6
2024-08-01,49053.9168007,29301.916800699993,19752.000000000004,0.4026589778803992,6
2024-08-02,48866.9168007,29301.916800699993,19565.000000000004,0.4003731211403078,6
2024-08-05,48607.9168007,29301.916800699993,19306.000000000004,0.39717809917996694,6
2024-08-06,48421.9168007,29301.916800699993,19120.000000000004,0.3948625181174902,6
2024-08-07,48584.9168007,29301.916800699993,19283.000000000004,0.39689272452808194,6
2024-08-08,48655.9168007,29301.916800699993,19354.000000000004,0.39777279460740866,6
2024-08-09,48578.9168007,29301.916800699993,19277.000000000004,0.3968182345251929,6
2024-08-12,48630.9168007,29301.916800699993,19329.000000000004,0.39746320389587597,6
2024-08-13,48666.9168007,29301.916800699993,19365.000000000004,0.3979089137555858,6
2024-08-14,48651.9168007,29301.916800699993,19350.000000000004,0.39772328147452557,6
2024-08-15,48831.9168007,29301.916800699993,19530.000000000004,0.3999433419685062,6
2024-08-16,49011.9168007,29301.916800699993,19710.000000000004,0.40214709577974517,6
2024-08-19,49227.9168007,29301.916800699993,19926.000000000004,0.4047703273870136,6
2024-08-20,49224.9168007,29301.916800699993,19923.000000000004,0.4047340512664247,6
2024-08-21,49196.9168007,29301.916800699993,19895.000000000004,0.4043952607964434,6
2024-08-22,49424.9168007,29301.916800699993,20123.000000000004,0.40714281990890483,6
2024-08-23,49705.9168007,29301.916800699993,20404.000000000004,0.410494390070533,6
2024-08-26,49626.91680069999,29301.916800699993,20324.999999999996,0.4095559690243201,6
2024-08-27,49584.9168007,29301.916800699993,20283.000000000004,0.4090558441698074,6
2024-08-28,49357.91680069999,29301.916800699993,20055.999999999996,0.40633805679002166,6
2024-08-29,49072.9168007,29301.916800699993,19771.000000000004,0.4028902557452624,6
2024-08-30,48924.9168007,29301.916800699993,19623.000000000004,0.40108397281360825,6
2024-09-02,48940.9168007,29301.916800699993,19639.000000000004,0.4012797733229041,6
2024-09-03,49121.9168007,29301.916800699993,19820.000000000004,0.4034858835092845,6
2024-09-04,49062.9168007,29301.916800699993,19761.000000000004,0.4027685528822466,6
2024-09-05,48911.9168007,29301.916800699993,19610.000000000004,0.40092479057617625,6
2024-09-06,48700.9168007,29301.916800699993,19399.000000000004,0.39832925690879756,6
2024-09-09,48381.9168007,29301.916800699993,19080.000000000004,0.3943622175739005,6
2024-09-10,48451.9168007,29301.916800699993,19150.000000000004,0.39523720142529717,6
2024-09-11,48401.9168007,29301.916800699993,19100.000000000004,0.3946124712094827,6
2024-09-12,48606.9168007,29301.916800699993,19305.000000000004,0.39716569720221356,6
2024-09-13,48668.9168007,29301.916800699993,19367.000000000004,0.3979336560809065,6
2024-09-18,48946.9168007,29301.916800699993,19645.000000000004,0.4013531655117255,6
2024-09-19,49010.9168007,29301.916800699993,19709.000000000004,0.40213489741776287,6
2024-09-20,49097.9168007,29301.916800699993,19796.000000000004,0.40319429600967854,6
2024-09-23,49381.9168007,29301.916800699993,20080.000000000004,0.406626581164127,6
2024-09-24,49755.9168007,29301.916800699993,20454.000000000004,0.4110867875659814,6
2024-09-25,50205.9168007,29301.916800699993,20904.000000000004,0.41636526792213757,6
2024-09-26,50890.9168007,29301.916800699993,21589.000000000004,0.4242210861428822,6
2024-09-27,51026.91680069999,29301.916800699993,21724.999999999996,0.4257556866477571,6
2024-09-30,52243.9168007,29301.916800699993,22942.000000000004,0.43913246565182135,6
2024-10-08,53076.27861269999,31329.278612699993,21747.0,0.40973106194367626,6
2024-10-09,51542.27861269999,31329.278612699993,20213.0,0.39216349265202116,6
2024-10-10,52430.27861269999,31329.278612699993,21101.0,0.40245828476083634,6
2024-10-11,52075.27861269999,31329.278612699993,20746.0,0.39838481046437485,6
2024-10-14,52367.27861269999,31329.278612699993,21038.0,0.40173941738683194,6
2024-10-15,51678.27861269999,31329.278612699993,20349.0,0.3937631156893684,6
2024-10-16,51575.27861269999,31329.278612699993,20246.0,0.39255241163185084,6
2024-10-17,51223.27861269999,31329.278612699993,19894.0,0.388378107352691,6
2024-10-18,51518.27861269999,31329.278612699993,20189.0,0.39188032953847807,6
2024-10-21,51299.27861269999,31329.278612699993,19970.0,0.3892842266022839,6
2024-10-22,51805.27861269999,31329.278612699993,20476.0,0.3952492979157598,6
2024-10-23,51867.27861269999,31329.278612699993,20538.0,0.3959721918969382,6
2024-10-24,51719.27861269999,31329.278612699993,20390.0,0.3942437046094666,6
2024-10-25,51527.27861269999,31329.278612699993,20198.0,0.3919865466176934,6
2024-10-28,51605.27861269999,31329.278612699993,20276.0,0.39290554270954176,6
2024-10-29,51352.27861269999,31329.278612699993,20023.0,0.3899145381846423,6
2024-10-30,51116.27861269999,31329.278612699993,19787.0,0.3870978196578626,6
2024-10-31,50880.27861269999,31329.278612699993,19551.0,0.3842549713381476,6
2024-11-01,51197.27861269999,31329.278612699993,19868.0,0.3880675016009844,6
2024-11-04,51253.27861269999,31329.278612699993,19924.0,0.38873610702170874,6
2024-11-05,51384.27861269999,31329.278612699993,20055.0,0.3902944741359717,6
2024-11-06,51102.27861269999,31329.278612699993,19773.0,0.38692990873964656,6
2024-11-07,51442.27861269999,31329.278612699993,20113.0,0.3909819032595211,6
2024-11-08,51304.27861269999,31329.278612699993,19975.0,0.38934374559269874,6
2024-11-11,51022.27861269999,31329.278612699993,19693.0,0.3859686500770705,6
2024-11-12,51014.27861269999,31329.278612699993,19685.0,0.38587235839299755,6
2024-11-13,51116.27861269999,31329.278612699993,19787.0,0.3870978196578626,6
2024-11-14,51102.27861269999,31329.278612699993,19773.0,0.38692990873964656,6
2024-11-15,51011.27861269999,31329.278612699993,19682.0,0.3858362412248942,6
2024-11-18,50971.27861269999,31329.278612699993,19642.0,0.3853542727316635,6
2024-11-19,50949.27861269999,31329.278612699993,19620.0,0.3850888674822056,6
2024-11-20,51037.27861269999,31329.278612699993,19708.0,0.3861491156210651,6
2024-11-21,50902.27861269999,31329.278612699993,19573.0,0.38452109676513746,6
2024-11-22,50492.27861269999,31329.278612699993,19163.0,0.3795233751875095,6
2024-11-25,50514.27861269999,31329.278612699993,19185.0,0.3797936054297452,6
2024-11-26,50615.27861269999,31329.278612699993,19286.0,0.38103119312200934,6
2024-11-27,50831.27861269999,31329.278612699993,19502.0,0.38366140951503636,6
2024-11-28,50568.27861269999,31329.278612699993,19239.0,0.3804559009680866,6
2024-11-29,50663.27861269999,31329.278612699993,19334.0,0.3816176238375828,6
2024-12-02,50791.27861269999,31329.278612699993,19462.0,0.38317602020622626,6
2024-12-03,50839.27861269999,31329.278612699993,19510.0,0.3837583957205536,6
2024-12-04,51078.27861269999,31329.278612699993,19749.0,0.386641847305513,6
2024-12-05,51013.27861269999,31329.278612699993,19684.0,0.38586031980896,6
2024-12-06,51213.27861269999,31329.278612699993,19884.0,0.38825868092477717,6
2024-12-09,51324.27861269999,31329.278612699993,19995.0,0.38958170558781735,6
2024-12-10,51372.27861269999,31329.278612699993,20043.0,0.39015205362226374,6
2024-12-11,51474.27861269999,31329.278612699993,20145.0,0.3913605113647911,6
2024-12-12,51669.27861269999,31329.278612699993,20340.0,0.3936575184736671,6
2024-12-13,51190.27861269999,31329.278612699993,19861.0,0.38798382306660484,6
2024-12-16,51244.27861269999,31329.278612699993,19915.0,0.38862875113368106,6
2024-12-17,51213.27861269999,31329.278612699993,19884.0,0.38825868092477717,6
2024-12-18,51269.27861269999,31329.278612699993,19940.0,0.38892686886880895,6
2024-12-19,51180.27861269999,31329.278612699993,19851.0,0.38786424259664204,6
2024-12-20,51060.27861269999,31329.278612699993,19731.0,0.386425623519657,6
2024-12-23,51276.27861269999,31329.278612699993,19947.0,0.3890102897416501,6
2024-12-24,51640.27861269999,31329.278612699993,20311.0,0.39331701039670375,6
2024-12-25,51671.27861269999,31329.278612699993,20342.0,0.39368098770058796,6
2024-12-26,51715.27861269999,31329.278612699993,20386.0,0.39419685143093675,6
2024-12-27,51721.27861269999,31329.278612699993,20392.0,0.39426712848109696,6
2024-12-30,51735.27861269999,31329.278612699993,20406.0,0.39443104487294145,6
2024-12-31,51709.27861269999,31329.278612699993,20380.0,0.3941265580718157,6
2025-01-02,51565.27861269999,31329.278612699993,20236.0,0.39243460996283813,6
2025-01-03,51535.27861269999,31329.278612699993,20206.0,0.39208093065437655,6
2025-01-06,51662.27861269999,31329.278612699993,20333.0,0.39357536186957104,6
2025-01-07,51740.27861269999,31329.278612699993,20411.0,0.39448956494389625,6
2025-01-08,52084.27861269999,31329.278612699993,20755.0,0.39848876768236924,6
2025-01-09,51979.27861269999,31329.278612699993,20650.0,0.39727369350129127,6
2025-01-10,51590.27861269999,31329.278612699993,20261.0,0.39272902850755964,6
2025-01-13,51227.27861269999,31329.278612699993,19898.0,0.3884258648685467,6
2025-01-14,51434.27861269999,31329.278612699993,20105.0,0.39088717762312963,6
2025-01-15,51306.27861269999,31329.278612699993,19977.0,0.3893675499406623,6
2025-01-16,51323.27861269999,31329.278612699993,19994.0,0.3895698119927293,6
2025-01-17,51409.27861269999,31329.278612699993,20080.0,0.39059096999348863,6
2025-01-20,51460.27861269999,31329.278612699993,20131.0,0.3911949282573808,6
2025-01-21,51343.27861269999,31329.278612699993,20014.0,0.389807595868049,6
2025-01-22,50946.27861269999,31329.278612699993,19617.0,0.38505265809757955,6
2025-01-23,51221.27861269999,31329.278612699993,19892.0,0.38835422579763373,6
2025-01-24,51133.27861269999,31329.278612699993,19804.0,0.3873015878759097,6
2025-01-27,51574.27861269999,31329.278612699993,20245.0,0.39254063352065455,6
2025-02-05,51062.27861269999,31329.278612699993,19733.0,0.3864496559127718,6
2025-02-06,51078.27861269999,31329.278612699993,19749.0,0.386641847305513,6
2025-02-07,51150.27861269999,31329.278612699993,19821.0,0.38750522064758974,6
2025-02-10,51044.27861269999,31329.278612699993,19715.0,0.3862332965774315,6
2025-02-11,51190.27861269999,31329.278612699993,19861.0,0.38798382306660484,6
2025-02-12,51202.27861269999,31329.278612699993,19873.0,0.38812725797462433,6
2025-02-13,50994.27861269999,31329.278612699993,19665.0,0.3856314970029301,6
2025-02-14,51097.27861269999,31329.278612699993,19768.0,0.38686991825601363,6
2025-02-17,51004.27861269999,31329.278612699993,19675.0,0.3857519513098447,6
2025-02-18,51077.27861269999,31329.278612699993,19748.0,0.38662983887105146,6
2025-02-19,50995.27861269999,31329.278612699993,19666.0,0.38564354455948263,6
2025-02-20,50936.27861269999,31329.278612699993,19607.0,0.38493192934419374,6
2025-02-21,50755.27861269999,31329.278612699993,19426.0,0.38273851569675404,6
2025-02-24,50891.27861269999,31329.278612699993,19562.0,0.38438806281275617,6
2025-02-25,50559.27861269999,31329.278612699993,19230.0,0.38034561662376276,6
2025-02-26,50763.27861269999,31329.278612699993,19434.0,0.3828357925474496,6
2025-02-27,51148.27861269999,31329.278612699993,19819.0,0.3874812708766115,6
2025-02-28,51083.27861269999,31329.278612699993,19754.0,0.3867018824255515,6
2025-03-03,50849.27861269999,31329.278612699993,19520.0,0.3838795855625911,6
2025-03-04,50941.27861269999,31329.278612699993,19612.0,0.38499229964578474,6
2025-03-05,51013.27861269999,31329.278612699993,19684.0,0.38586031980896,6
2025-03-06,50919.27861269999,31329.278612699993,19590.0,0.38472658163530965,6
2025-03-07,50876.27861269999,31329.278612699993,19547.0,0.38420656016929233,6
2025-03-10,50937.27861269999,31329.278612699993,19608.0,0.3849440043526631,6
2025-03-11,50945.27861269999,31329.278612699993,19616.0,0.3850405873550368,6
2025-03-12,50817.27861269999,31329.278612699993,19488.0,0.3834916101770483,6
2025-03-13,50882.27861269999,31329.278612699993,19553.0,0.38427917406827095,6
2025-03-14,51208.27861269999,31329.278612699993,19879.0,0.38819895021954276,6
2025-03-17,51288.27861269999,31329.278612699993,19959.0,0.3891532439744967,6
2025-03-18,51700.27861269999,31329.278612699993,20371.0,0.3940210874414115,6
2025-03-19,51770.27861269999,31329.278612699993,20441.0,0.3948404479898922,6
2025-03-20,51531.27861269999,31329.278612699993,20202.0,0.3920337422992096,6
2025-03-21,51541.27861269999,31329.278612699993,20212.0,0.39215169945395334,6
2025-03-24,51652.27861269999,31329.278612699993,20323.0,0.3934579566641439,6
2025-03-25,51967.27861269999,31329.278612699993,20638.0,0.39713451523621623,6
2025-03-26,51982.27861269999,31329.278612699993,20653.0,0.39730847802724417,6
2025-03-27,51902.27861269999,31329.278612699993,20573.0,0.39637951453957904,6
2025-03-28,52119.27861269999,31329.278612699993,20790.0,0.3988927044537809,6
2025-03-31,52214.27861269999,31329.278612699993,20885.0,0.3999863745109786,6
2025-04-01,51945.27861269999,31329.278612699993,20616.0,0.3968791880723427,6
2025-04-02,52121.27861269999,31329.278612699993,20792.0,0.39891577016941737,6
2025-04-03,51826.27861269999,31329.278612699993,20497.0,0.3954943428057986,6
2025-04-07,50387.27861269999,31329.278612699993,19058.0,0.378230389191856,6
2025-04-08,51069.27861269999,31329.278612699993,19740.0,0.38653375446527305,6
2025-04-09,50945.27861269999,31329.278612699993,19616.0,0.3850405873550368,6
2025-04-10,51194.27861269999,31329.278612699993,19865.0,0.38803164217401437,6
2025-04-11,51090.27861269999,31329.278612699993,19761.0,0.38678591185227595,6
2025-04-14,51081.27861269999,31329.278612699993,19752.0,0.3866778697878795,6
2025-04-15,51292.27861269999,31329.278612699993,19963.0,0.38920088052116975,6
2025-04-16,51359.27861269999,31329.278612699993,20030.0,0.38999768962967934,6
2025-04-17,51353.27861269999,31329.278612699993,20024.0,0.38992641835039404,6
2025-04-18,51394.27861269999,31329.278612699993,20065.0,0.3904131070932428,6
2025-04-21,51332.27861269999,31329.278612699993,20003.0,0.38967683766625366,6
2025-04-22,51384.27861269999,31329.278612699993,20055.0,0.3902944741359717,6
2025-04-23,51351.27861269999,31329.278612699993,20022.0,0.38990265755618864,6
2025-04-24,51414.27861269999,31329.278612699993,20085.0,0.39065023456419257,6
2025-04-25,51356.27861269999,31329.278612699993,20027.0,0.38996205607170853,6
2025-04-28,51461.27861269999,31329.278612699993,20132.0,0.39120675860999066,6
2025-04-29,51618.27861269999,31329.278612699993,20289.0,0.39305843870214147,6
2025-04-30,51620.27861269999,31329.278612699993,20291.0,0.3930819543273031,6
2025-05-06,51609.27861269999,31329.278612699993,20280.0,0.3929525958343759,6
2025-05-07,51779.27861269999,31329.278612699993,20450.0,0.39494563361846824,6
2025-05-08,51996.27861269999,31329.278612699993,20667.0,0.3974707527425265,6
2025-05-09,52213.27861269999,31329.278612699993,20884.0,0.3999748829203061,6
2025-05-12,52341.27861269999,31329.278612699993,21012.0,0.40144223750204083,6
2025-05-13,52534.27861269999,31329.278612699993,21205.0,0.4036412140791015,6
2025-05-14,52535.763802299996,34798.763802299996,17737.0,0.33761762875946766,5
2025-05-15,52499.9778675,32564.977867499998,19935.0,0.3797144457910471,6
2025-05-16,52421.9778675,32564.977867499998,19857.0,0.3787915070696088,6
2025-05-19,52908.9778675,32564.977867499998,20344.0,0.38450941257923177,6
2025-05-20,53071.9778675,32564.977867499998,20507.0,0.38639976921904007,6
2025-05-21,53161.9778675,32564.977867499998,20597.0,0.3874385571457783,6
2025-05-22,53127.9778675,32564.977867499998,20563.0,0.3870465397964829,6
2025-05-23,53027.9778675,32564.977867499998,20463.0,0.38589063401833856,6
2025-05-26,52885.9778675,32564.977867499998,20321.0,0.3842417370236026,6
2025-05-27,52730.9778675,32564.977867499998,20166.0,0.3824317472486895,6
2025-05-28,52829.9778675,32564.977867499998,20265.0,0.38358903066031086,6
2025-05-29,52753.9778675,32564.977867499998,20189.0,0.3827009984101651,6
2025-05-30,52784.9778675,32564.977867499998,20220.0,0.3830635308923671,6
2025-06-03,52424.9778675,32564.977867499998,19860.0,0.378827055496229,6
2025-06-04,52432.9778675,32564.977867499998,19868.0,0.3789218314131832,6
2025-06-05,52492.9778675,32564.977867499998,19928.0,0.37963172998684136,6
2025-06-06,52540.9778675,32564.977867499998,19976.0,0.3801984814667192,6
2025-06-09,52574.9778675,32564.977867499998,20010.0,0.3805993043007913,6
2025-06-10,52553.9778675,32564.977867499998,19989.0,0.3803517984955699,6
2025-06-11,52556.9778675,32564.977867499998,19992.0,0.3803871685773353,6
2025-06-12,52548.9778675,32564.977867499998,19984.0,0.38029283938478886,6
2025-06-13,52483.9778675,32564.977867499998,19919.0,0.3795253486747348,6
2025-06-16,52368.9778675,32564.977867499998,19804.0,0.37816281329963275,6
2025-06-17,52456.9778675,32564.977867499998,19892.0,0.3792059857173777,6
2025-06-18,52564.9778675,32564.977867499998,20000.0,0.3804814690574739,6
2025-06-19,52406.9778675,32564.977867499998,19842.0,0.3786137038881791,6
2025-06-20,52522.9778675,32564.977867499998,19958.0,0.3799860710553799,6
2025-06-23,52418.9778675,32564.977867499998,19854.0,0.37875595457403166,6
2025-06-24,52535.9778675,32564.977867499998,19971.0,0.38013949317491497,6
2025-06-25,52556.9778675,32564.977867499998,19992.0,0.3803871685773353,6
2025-06-26,52509.9778675,32564.977867499998,19945.0,0.37983257296980427,6
2025-06-27,52525.9778675,32564.977867499998,19961.0,0.3800214829003821,6
2025-06-30,52434.9778675,32564.977867499998,19870.0,0.3789455208736863,6
2025-07-01,52596.9778675,32564.977867499998,20032.0,0.3808583841159798,6
2025-07-02,52736.9778675,32564.977867499998,20172.0,0.38250200932411255,6
2025-07-03,52712.9778675,32564.977867499998,20148.0,0.38222086505232666,6
2025-07-04,52764.9778675,32564.977867499998,20200.0,0.38282968772819226,6
2025-07-07,52572.9778675,32564.977867499998,20008.0,0.38057574083831214,6
2025-07-08,52480.9778675,32564.977867499998,19916.0,0.3794898801291853,6
2025-07-09,52442.9778675,32564.977867499998,19878.0,0.3790402606469609,6
2025-07-10,52450.9778675,32564.977867499998,19886.0,0.3791349715201761,6
2025-07-11,52528.9778675,32564.977867499998,19964.0,0.38005689070054893,6
2025-07-14,52616.9778675,32564.977867499998,20052.0,0.38109372321791113,6
2025-07-15,52565.9778675,32564.977867499998,20001.0,0.38049325459930294,6
2025-07-16,52571.9778675,32564.977867499998,20007.0,0.38056395843475255,6
2025-07-17,52553.9778675,32564.977867499998,19989.0,0.3803517984955699,6
2025-07-18,52627.9778675,32564.977867499998,20063.0,0.3812230834806547,6
2025-07-21,52862.9778675,32564.977867499998,20298.0,0.38397382854360823,6
2025-07-22,53083.9778675,32564.977867499998,20519.0,0.38653847779110206,6
2025-07-23,53087.9778675,32564.977867499998,20523.0,0.38658470004682555,6
2025-07-24,52993.9778675,32564.977867499998,20429.0,0.3854966322980755,6
2025-07-25,52849.9778675,32564.977867499998,20285.0,0.38382229886370917,6
2025-07-28,52703.9778675,32564.977867499998,20139.0,0.38211536993716655,6
2025-07-29,52592.9778675,32564.977867499998,20028.0,0.3808112948169145,6
2025-07-30,52840.9778675,32564.977867499998,20276.0,0.3837173500241148,6
2025-07-31,52374.9778675,32564.977867499998,19810.0,0.37823405004802124,6
2025-08-01,52420.9778675,32564.977867499998,19856.0,0.37877965668989055,6
2025-08-04,52427.9778675,32564.977867499998,19863.0,0.3788625998545909,6
2025-08-05,52488.9778675,32564.977867499998,19924.0,0.37958445390754114,6
2025-08-06,52524.9778675,32564.977867499998,19960.0,0.3800096794015084,6
2025-08-07,52560.9778675,32564.977867499998,19996.0,0.3804343224056361,6
2025-08-08,52674.9778675,32564.977867499998,20110.0,0.38177519600644566,6
2025-08-11,52655.9778675,32564.977867499998,20091.0,0.38155212026554053,6
2025-08-12,52759.9778675,32564.977867499998,20195.0,0.3827711992358523,6
2025-08-13,52755.9778675,32564.977867499998,20191.0,0.3827244004596215,6
2025-08-14,52766.9778675,32564.977867499998,20202.0,0.3828530800215247,6
2025-08-15,52915.9778675,32564.977867499998,20351.0,0.38459083286636575,6
2025-08-18,52802.9778675,32564.977867499998,20238.0,0.3832738382820716,6
2025-08-19,52892.9778675,32564.977867499998,20328.0,0.3843232281404694,6
2025-08-20,52885.9778675,32564.977867499998,20321.0,0.3842417370236026,6
2025-08-21,52905.9778675,32564.977867499998,20341.0,0.38447451157490886,6
2025-08-22,52903.9778675,32564.977867499998,20339.0,0.38445124203967784,6
2025-08-25,53273.9778675,32564.977867499998,20709.0,0.38872636940132843,6
2025-08-26,53343.9778675,32564.977867499998,20779.0,0.3895285059470542,6
2025-08-27,53049.9778675,32564.977867499998,20485.0,0.386145307188709,6
2025-08-28,53032.9778675,32564.977867499998,20468.0,0.38594853283815556,6
2025-08-29,53150.9778675,32564.977867499998,20586.0,0.3873117828860799,6
2025-09-01,53174.9778675,32564.977867499998,20610.0,0.3875883136492403,6
2025-09-02,53538.0010915,35621.0010915,17917.0,0.33465948736820894,5
2025-09-03,53441.0010915,35621.0010915,17820.0,0.33345183727919236,5
2025-09-04,53385.0010915,35621.0010915,17764.0,0.3327526390709093,5
2025-09-05,53492.0010915,35621.0010915,17871.0,0.3340873333459896,5
2025-09-08,53681.0010915,35621.0010915,18060.0,0.3364318778112294,5
2025-09-09,53710.0010915,35621.0010915,18089.0,0.3367901625841284,5
2025-09-10,53609.0010915,35621.0010915,17988.0,0.33554066730879817,5
2025-09-11,53619.0010915,35621.0010915,17998.0,0.3356645896719838,5
2025-09-12,53395.0010915,35621.0010915,17774.0,0.33287760345845296,5
2025-09-15,53300.0010915,35621.0010915,17679.0,0.3316885485546332,5
2025-09-16,53222.0010915,35621.0010915,17601.0,0.33070909847489793,5
2025-09-17,53241.0010915,35621.0010915,17620.0,0.33094794685994466,5
2025-09-18,53070.0010915,35621.0010915,17449.0,0.32879215453407507,5
2025-09-19,53129.0010915,35621.0010915,17508.0,0.32953753393268803,5
2025-09-22,53011.0010915,35621.0010915,17390.0,0.3280451159559102,5
2025-09-23,53094.0010915,35621.0010915,17473.0,0.3290955595885071,5
2025-09-24,53118.0010915,35621.0010915,17497.0,0.3293986904714283,5
2025-09-25,52829.0010915,35621.0010915,17208.0,0.32573017934213233,5
2025-09-26,52931.0010915,35621.0010915,17310.0,0.3270295222657285,5
2025-09-29,52895.0010915,35621.0010915,17274.0,0.3265715028556046,5
2025-09-30,52823.0010915,35621.0010915,17202.0,0.32565359113547326,5
2025-10-09,52858.0010915,35621.0010915,17237.0,0.3261001105615371,5
2025-10-10,52960.0010915,35621.0010915,17339.0,0.32739802950613767,5
2025-10-13,52795.0010915,35621.0010915,17174.0,0.3252959493311766,5
2025-10-14,52977.0010915,35621.0010915,17356.0,0.3276138634201534,5
2025-10-15,53001.2005665,32118.200566500003,20883.0,0.3940099427332469,6
2025-10-16,53099.2005665,32118.200566500003,20981.0,0.39512835930032436,6
2025-10-17,52909.2005665,32118.200566500003,20791.0,0.39295623024710813,6
2025-10-20,52912.2005665,32118.200566500003,20794.0,0.3929906482318028,6
2025-10-21,52891.2005665,32118.200566500003,20773.0,0.3927496403467368,6
2025-10-22,52988.2005665,32118.200566500003,20870.0,0.39386127056358944,6
2025-10-23,53179.2005665,32118.200566500003,21061.0,0.3960382964701294,6
2025-10-24,53154.2005665,32118.200566500003,21036.0,0.39575423533427695,6
2025-10-27,53312.2005665,32118.200566500003,21194.0,0.3975450229926873,6
2025-10-28,53259.2005665,32118.200566500003,21141.0,0.3969455000287344,6
2025-10-29,53275.2005665,32118.200566500003,21157.0,0.3971266137908027,6
2025-10-30,53350.2005665,32118.200566500003,21232.0,0.3979741364521155,6
2025-10-31,53462.2005665,32118.200566500003,21344.0,0.3992353433609761,6
2025-11-03,53421.2005665,32118.200566500003,21303.0,0.3987742651624145,6
2025-11-04,53259.2005665,32118.200566500003,21141.0,0.3969455000287344,6
2025-11-05,53419.2005665,32118.200566500003,21301.0,0.3987517554382531,6
2025-11-06,53588.2005665,32118.200566500003,21470.0,0.40064789959418234,6
2025-11-07,53546.2005665,32118.200566500003,21428.0,0.40017778616034905,6
2025-11-10,53806.2005665,32118.200566500003,21688.0,0.40307622117260317,6
2025-11-11,53838.2005665,32118.200566500003,21720.0,0.4034310168515353,6
2025-11-12,54079.2005665,32118.200566500003,21961.0,0.4060895828701284,6
2025-11-13,54077.2005665,32118.200566500003,21959.0,0.4060676175904576,6
2025-11-14,54011.2005665,32118.200566500003,21893.0,0.40534185077120743,6
2025-11-17,53843.2005665,32118.200566500003,21725.0,0.40348641558126086,6
2025-11-18,53649.2005665,32118.200566500003,21531.0,0.4013293725283305,6
2025-11-19,53601.2005665,32118.200566500003,21483.0,0.4007932615865058,6
2025-11-20,53662.2005665,32118.200566500003,21544.0,0.4014744041907478,6
2025-11-21,53589.2005665,32118.200566500003,21471.0,0.40065908378976783,6
2025-11-24,53662.2005665,32118.200566500003,21544.0,0.4014744041907478,6
2025-11-25,53638.2005665,32118.200566500003,21520.0,0.4012065985196457,6
2025-11-26,53732.2005665,32118.200566500003,21614.0,0.4022541375957625,6
2025-11-27,53811.2005665,32118.200566500003,21693.0,0.4031316858131002,6
2025-11-28,53839.2005665,32118.200566500003,21721.0,0.40344209742065357,6
2025-12-01,53890.2005665,32118.200566500003,21772.0,0.40400666115787703,6
2025-12-02,53989.2005665,32118.200566500003,21871.0,0.40509953417555944,6
2025-12-03,54137.2005665,32118.200566500003,22019.0,0.40672587000417076,6
2025-12-04,54043.2005665,32118.200566500003,21925.0,0.40569395909521216,6
2025-12-05,54055.2005665,32118.200566500003,21937.0,0.4058258922379277,6
2025-12-08,53975.2005665,32118.200566500003,21857.0,0.4049452298573887,6
2025-12-09,53668.2005665,32118.200566500003,21550.0,0.40154131818333466,6
2025-12-10,53684.2005665,32118.200566500003,21566.0,0.40171968237257516,6
2025-12-11,53501.2005665,32118.200566500003,21383.0,0.39967327412441384,6
2025-12-12,53727.8937765,33890.8937765,19837.0,0.36921231423139256,5
2025-12-15,53770.2422669,31825.2422669,21945.0,0.4081253696249189,6
2025-12-16,53682.2422669,31825.2422669,21857.0,0.4071551238737439,6
2025-12-17,53800.2422669,31825.2422669,21975.0,0.4084554097541652,6
2025-12-18,53752.2422669,31825.2422669,21927.0,0.40792716871464146,6
2025-12-19,53737.2422669,31825.2422669,21912.0,0.4077618998602189,6
2025-12-22,53596.2422669,31825.2422669,21771.0,0.40620385085178534,6
2025-12-23,53606.2422669,31825.2422669,21781.0,0.4063146208151399,6
2025-12-24,53540.2422669,31825.2422669,21715.0,0.4055827743877205,6
2025-12-25,53552.2422669,31825.2422669,21727.0,0.40571597155006894,6
2025-12-26,53513.2422669,31825.2422669,21688.0,0.4052828623582552,6
2025-12-29,53240.2422669,31825.2422669,21415.0,0.4022333311829034,6
2025-12-30,53138.2422669,31825.2422669,21313.0,0.40108590519329135,6
2025-12-31,53019.2422669,31825.2422669,21194.0,0.39974166158974794,6
2026-01-05,53161.2422669,31825.2422669,21336.0,0.40134502299402663,6
2026-01-06,53259.2422669,31825.2422669,21434.0,0.4024465818080364,6
2026-01-07,53213.2422669,31825.2422669,21388.0,0.4019300288586979,6
2026-01-08,53201.2422669,31825.2422669,21376.0,0.401795129007719,6
2026-01-09,53361.2422669,31825.2422669,21536.0,0.403588805003492,6
2026-01-12,53380.2422669,31825.2422669,21555.0,0.4038010897782271,6
2026-01-13,53116.2422669,31825.2422669,21291.0,0.40083784340421486,6
2026-01-14,53150.2422669,31825.2422669,21325.0,0.4012211250687077,6
2026-01-15,53030.2422669,31825.2422669,21205.0,0.39986617246204004,6
2026-01-16,52998.2422669,31825.2422669,21173.0,0.39950381549207675,6
2026-01-19,53092.2422669,31825.2422669,21267.0,0.4005669960799295,6
2026-01-20,53241.2422669,31825.2422669,21416.0,0.40224455869457226,6
2026-01-21,53048.2422669,31825.2422669,21223.0,0.4000698061440258,6
2026-01-22,52945.2422669,31825.2422669,21120.0,0.39890269825441294,6
2026-01-23,52949.2422669,31825.2422669,21124.0,0.3989481075767005,6
2026-01-26,52892.2422669,31825.2422669,21067.0,0.3983003763329531,6
2026-01-27,52973.2422669,31825.2422669,21148.0,0.39922041949873616,6
2026-01-28,52890.2422669,31825.2422669,21065.0,0.398277623568062,6
2026-01-29,53315.2422669,31825.2422669,21490.0,0.4030742257986841,6
2026-01-30,53170.2422669,31825.2422669,21345.0,0.40144635589309463,6
2026-02-02,53150.2422669,31825.2422669,21325.0,0.4012211250687077,6
2026-02-03,53319.2422669,31825.2422669,21494.0,0.403119007063295,6
2026-02-04,53584.2422669,31825.2422669,21759.0,0.40607087232137545,6
2026-02-05,53627.2422669,31825.2422669,21802.0,0.4065471032706209,6
2026-02-06,53468.2422669,31825.2422669,21643.0,0.4047823358763805,6
2026-02-09,53504.2422669,31825.2422669,21679.0,0.4051828244171126,6
2026-02-10,53610.2422669,31825.2422669,21785.0,0.4063589172297115,6
2026-02-11,53554.2422669,31825.2422669,21729.0,0.4057381652737888,6
2026-02-12,53577.2422669,31825.2422669,21752.0,0.4059932740031746,6
2026-02-13,53331.2422669,31825.2422669,21506.0,0.40325331055240926,6
2026-02-24,53545.2422669,31825.2422669,21720.0,0.4056382804607577,6
2026-02-25,53579.2422669,31825.2422669,21754.0,0.4060154470202187,6
2026-02-26,53584.2422669,31825.2422669,21759.0,0.40607087232137545,6
2026-02-27,53691.2422669,31825.2422669,21866.0,0.4072544995569999,6
2026-03-02,53384.2694741,33341.2694741,20043.0,0.37544767770446114,5
2026-03-03,53084.2450946,30809.245094600003,22275.0,0.4196160265687931,6
2026-03-04,52879.5354286,32891.5354286,19988.0,0.37799121792566753,5
2026-03-05,52961.5354286,32891.5354286,20070.0,0.378954270067516,5
2026-03-06,53080.5354286,32891.5354286,20189.0,0.3803465778365545,5
2026-03-09,52843.5354286,32891.5354286,19952.0,0.37756747042328986,5
2026-03-10,53111.5354286,32891.5354286,20220.0,0.38070825550096493,5
2026-03-11,53275.5354286,32891.5354286,20384.0,0.3826146435884945,5
2026-03-12,53285.5354286,32891.5354286,20394.0,0.3827305071810146,5
2026-03-13,53239.5354286,32891.5354286,20348.0,0.3821971742651451,5
2026-03-16,53099.5354286,32891.5354286,20208.0,0.38056830133989733,5
2026-03-17,53104.5354286,32891.5354286,20213.0,0.3806266232603944,5
2026-03-18,53143.5354286,32891.5354286,20252.0,0.38108115759835354,5
2026-03-19,53032.5354286,32891.5354286,20141.0,0.37978572657754034,5
2026-03-20,52930.5354286,32891.5354286,20039.0,0.37859054018131677,5
2026-03-23,52221.5354286,32891.5354286,19330.0,0.3701538041988249,5
2026-03-24,52452.5354286,32891.5354286,19561.0,0.3729276352451453,5
2026-03-25,52644.5354286,32891.5354286,19753.0,0.37521463223453316,5
2026-03-26,52470.5354286,32891.5354286,19579.0,0.37314275221457177,5
2026-03-27,52470.5354286,32891.5354286,19579.0,0.37314275221457177,5
2026-03-30,52155.7087986,35063.7087986,17092.0,0.3277110098532262,4
2026-03-31,52529.7087986,35063.7087986,17466.0,0.33249755994203223,4
2026-04-01,52681.7087986,35063.7087986,17618.0,0.33442347262031474,4
2026-04-02,52793.7087986,35063.7087986,17730.0,0.3358354698594347,4
2026-04-03,52751.7087986,35063.7087986,17688.0,0.33530667352465804,4
