date,nav,cash,exposure,holdings_count,running_peak,drawdown
2023-04-04,199949.4428209,186795.4428209,0.06578662993215932,2,199949.4428209,0.0
2023-04-06,199755.4428209,186795.4428209,0.06487933353395475,2,199949.4428209,-0.0009702452643179926
2023-04-07,199979.05602360002,178807.05602360002,0.1058710868077177,3,199979.05602360002,0.0
2023-04-10,200059.05602360002,178807.05602360002,0.10622863279677278,3,200059.05602360002,0.0
2023-04-11,199838.05602360002,178807.05602360002,0.105240215094548,3,200059.05602360002,-0.0011046738117864718
2023-04-12,199867.05602360002,178807.05602360002,0.10537004156159314,3,200059.05602360002,-0.000959716614764794
2023-04-13,199830.82162980002,173510.82162980002,0.1317114136114576,4,200059.05602360002,-0.0011408351030761654
2023-04-14,200054.82162980002,173510.82162980002,0.13268363033568606,4,200059.05602360002,-2.1165719183979803e-05
2023-04-17,200860.45083550003,165542.45083550003,0.17583351950616008,5,200860.45083550003,0.0
2023-04-18,201439.45083550003,165542.45083550003,0.17820243180326328,5,201439.45083550003,0.0
2023-04-19,201244.45083550003,165542.45083550003,0.17740613394196544,5,201439.45083550003,-0.0009680328217298584
2023-04-20,201433.45083550003,165542.45083550003,0.17817795331973074,5,201439.45083550003,-2.9785625283995643e-05
2023-04-21,200466.45083550003,165542.45083550003,0.1742136893951305,5,201439.45083550003,-0.004830235566887886
2023-04-24,200010.45083550003,165542.45083550003,0.17233099498559926,5,201439.45083550003,-0.007093943088471555
2023-04-25,199718.54972925002,158161.54972925002,0.2080778177907714,6,201439.45083550003,-0.008543019250262573
2023-04-26,199689.54972925002,158161.54972925002,0.2079628105542124,6,201439.45083550003,-0.00868698310580196
2023-04-27,200408.54972925002,158161.54972925002,0.2108043796388691,6,201439.45083550003,-0.005117672342603186
2023-04-28,201215.23894620003,150268.23894620003,0.2531965285870916,7,201439.45083550003,-0.0011130485531510859
2023-05-04,201401.23894620003,150268.23894620003,0.2538862236773979,7,201439.45083550003,-0.00018969416934722094
2023-05-05,201886.23894620003,150268.23894620003,0.25567864491128345,7,201886.23894620003,0.0
2023-05-08,203347.76130680004,144667.76130680004,0.28856968782393827,8,203347.76130680004,0.0
2023-05-09,202777.76130680004,144667.76130680004,0.28656988629083613,8,203347.76130680004,-0.0028030797897008464
2023-05-10,201713.76130680004,144667.76130680004,0.28280668423625743,8,203347.76130680004,-0.008035495397142434
2023-05-11,201387.76130680004,144667.76130680004,0.28164571487336354,8,203347.76130680004,-0.009638660329497561
2023-05-12,200693.76130680004,144667.76130680004,0.2791616422712473,8,203347.76130680004,-0.013051532915554387
2023-05-15,201650.76130680004,144667.76130680004,0.2825826177432757,8,203347.76130680004,-0.0083453094791619
2023-05-16,201236.76130680004,144667.76130680004,0.2811066906098556,8,203347.76130680004,-0.010381230589576185
2023-05-17,200735.76130680004,144667.76130680004,0.2793124634843063,8,203347.76130680004,-0.012844990194208039
2023-05-18,200785.76130680004,144667.76130680004,0.27949193027812297,8,203347.76130680004,-0.01259910600212899
2023-05-19,200202.76130680004,144667.76130680004,0.277393776377018,8,203347.76130680004,-0.015466115681770365
2023-05-22,200776.52653800003,136869.52653800003,0.31829916127124863,9,203347.76130680004,-0.012644519675437449
2023-05-23,199587.52653800003,136869.52653800003,0.31423807433205975,9,203347.76130680004,-0.018491645763076603
2023-05-24,198428.52653800003,136869.52653800003,0.3102326115807303,9,203347.76130680004,-0.02419124133546824
2023-05-25,198433.18822500005,121437.18822500005,0.38801976972065544,11,203347.76130680004,-0.024168316632633857
2023-05-26,198894.92914290004,118400.92914290006,0.4047061448317139,10,203347.76130680004,-0.02189762078168056
2023-05-29,199012.92914290004,118400.92914290006,0.40505911021548263,10,203347.76130680004,-0.021317334088373996
2023-05-30,198793.92914290007,118400.92914290006,0.40440369757071754,10,203347.76130680004,-0.022394306849680023
2023-05-31,198267.92914290004,118400.92914290006,0.40282359504767146,10,203347.76130680004,-0.024981008550351458
2023-06-01,198021.68957320007,110596.68957320006,0.44149204154569527,11,203347.76130680004,-0.026191936903422697
2023-06-02,199615.68957320007,110596.68957320006,0.4459519198632746,11,203347.76130680004,-0.018353148859943547
2023-06-05,199252.68957320007,110596.68957320006,0.44494255103859054,11,203347.76130680004,-0.020138268094437195
2023-06-06,198884.68957320007,110596.68957320006,0.4439155180293824,11,203347.76130680004,-0.02194797574813878
2023-06-07,199345.68957320007,110596.68957320006,0.4452014999171138,11,203347.76130680004,-0.01968092349717021
2023-06-08,200660.68957320007,110596.68957320006,0.44883728941410367,11,203347.76130680004,-0.013214169245492013
2023-06-09,200403.68957320007,110596.68957320006,0.44813047200509165,11,203347.76130680004,-0.01447801399277815
2023-06-12,200193.68957320007,110596.68957320006,0.44755156963745957,11,203347.76130680004,-0.015510727599509999
2023-06-13,200523.68957320007,110596.68957320006,0.4484607289612665,11,203347.76130680004,-0.01388789193178852
2023-06-14,200603.68957320007,110596.68957320006,0.44868068075665457,11,203347.76130680004,-0.013494477224462065
2023-06-15,201371.68957320007,110596.68957320006,0.4507833260593597,11,203347.76130680004,-0.00971769603412831
2023-06-16,201343.68957320007,110596.68957320006,0.4507069488612318,11,203347.76130680004,-0.009855391181692541
2023-06-19,200178.68957320007,110596.68957320006,0.4475101729909279,11,203347.76130680004,-0.015584492857133703
2023-06-20,199791.68957320007,110596.68957320006,0.446439990524834,11,203347.76130680004,-0.017487636503825343
2023-06-21,199241.68957320007,110596.68957320006,0.44491190668924957,11,203347.76130680004,-0.020192362616694548
2023-06-26,197890.68957320007,110596.68957320006,0.44112231954050485,11,203347.76130680004,-0.026836153486669678
2023-06-27,199061.68957320007,110596.68957320006,0.4444099725551117,11,203347.76130680004,-0.021077545708179102
2023-06-28,199612.68957320007,110596.68957320006,0.44594359301670006,11,203347.76130680004,-0.01836790191146831
2023-06-29,198851.68957320007,110596.68957320006,0.4438232342376559,11,203347.76130680004,-0.02211025931491095
2023-06-30,199295.68957320007,110596.68957320006,0.44506231012799413,11,203347.76130680004,-0.01992680768924926
2023-07-03,201067.68957320004,110596.68957320006,0.44995294963621396,11,203347.76130680004,-0.011212671921968953
2023-07-04,200744.68957320007,110596.68957320006,0.4490679190152535,11,203347.76130680004,-0.012801083802799207
2023-07-05,200354.68957320007,110596.68957320006,0.4479955033306406,11,203347.76130680004,-0.01471898050101561
2023-07-06,199883.68957320007,110596.68957320006,0.44669477630040405,11,203347.76130680004,-0.017035209590399947
2023-07-07,200175.68957320007,110596.68957320006,0.4475018929171359,11,203347.76130680004,-0.015599245908658466
2023-07-10,200195.68957320007,110596.68957320006,0.4475570887216271,11,203347.76130680004,-0.015500892231826935
2023-07-11,200671.68957320007,110596.68957320006,0.44886750189614005,11,203347.76130680004,-0.01316007472323466
2023-07-12,200743.68957320007,110596.68957320006,0.44906517455996253,11,203347.76130680004,-0.012806001486640795
2023-07-13,201890.68957320007,110596.68957320006,0.45219519628664845,11,203347.76130680004,-0.007165418120348099
2023-07-14,201576.68957320007,110596.68957320006,0.4513418698989089,11,203347.76130680004,-0.008709570846604398
2023-07-17,201164.68957320007,110596.68957320006,0.4502181779126004,11,203347.76130680004,-0.010735656589335507
2023-07-18,201177.68957320007,110596.68957320006,0.45025370453437585,11,203347.76130680004,-0.010671726699394979
2023-07-19,201708.68957320007,110596.68957320006,0.45170091676658025,11,203347.76130680004,-0.008060436579515717
2023-07-20,201253.68957320007,110596.68957320006,0.4504613067827818,11,203347.76130680004,-0.010297982727434873
2023-07-21,201087.68957320007,110596.68957320006,0.4500076568190885,11,203347.76130680004,-0.0111143182451372
2023-07-24,200548.68957320007,110596.68957320006,0.4485294827477176,11,203347.76130680004,-0.013764949835749052
2023-07-25,203308.68957320007,110596.68957320006,0.45601592432978433,11,203347.76130680004,-0.00019214243298704137
2023-07-26,203386.68957320007,110596.68957320006,0.4562245454445255,11,203386.68957320007,0.0
2023-07-27,203423.68957320007,110596.68957320006,0.45632345079748987,11,203423.68957320007,0.0
2023-07-28,206556.68957320007,110596.68957320006,0.46456980017581795,11,206556.68957320007,0.0
2023-07-31,207236.68957320007,110596.68957320006,0.46632669243572755,11,207236.68957320007,0.0
2023-08-01,206998.68957320007,110596.68957320006,0.465713093154195,11,207236.68957320007,-0.001148445289732014
2023-08-02,206133.37977780006,103955.37977780006,0.49568876282988233,12,207236.68957320007,-0.0053239115026989525
2023-08-03,207140.37977780006,103955.37977780006,0.49814044036554717,12,207236.68957320007,-0.0004647333230344275
2023-08-04,207321.37977780006,103955.37977780006,0.498578584180677,12,207321.37977780006,0.0
2023-08-07,206576.37977780006,103955.37977780006,0.49677025084078985,12,207321.37977780006,-0.003593454764764137
2023-08-08,206434.37977780006,103955.37977780006,0.4964240942342327,12,207321.37977780006,-0.0042783817132158175
2023-08-09,206176.37977780006,103955.37977780006,0.4957939416249591,12,207321.37977780006,-0.005522826450543472
2023-08-10,206490.37977780006,103955.37977780006,0.49656066355408784,12,207321.37977780006,-0.004008269677206688
2023-08-11,203647.37977780006,103955.37977780006,0.4895324462744086,12,207321.37977780006,-0.017721278933883533
2023-08-14,202827.37977780006,103955.37977780006,0.4874687042169332,12,207321.37977780006,-0.021676490889731226
2023-08-15,203309.37977780006,103955.37977780006,0.4886837985959404,12,207321.37977780006,-0.019351598008367166
2023-08-16,203006.37977780006,103955.37977780006,0.48792062647694096,12,207321.37977780006,-0.020813097060344954
2023-08-17,202664.37977780006,103955.37977780006,0.487056482783131,12,207321.37977780006,-0.022462709851686413
2023-08-18,201989.37977780006,103955.37977780006,0.48534234873062654,12,207321.37977780006,-0.025718524571439083
2023-08-21,200322.37977780006,103955.37977780006,0.48105958059649356,12,207321.37977780006,-0.03375918107192455
2023-08-22,200696.37977780006,103955.37977780006,0.4820266320055513,12,207321.37977780006,-0.03195521854572092
2023-08-23,199800.37977780006,103955.37977780006,0.4797037928886329,12,207321.37977780006,-0.036277011121866654
2023-08-24,199833.37977780006,103955.37977780006,0.4797897133432325,12,207321.37977780006,-0.03611783795778989
2023-08-25,199928.37977780006,103955.37977780006,0.48003690174783675,12,207321.37977780006,-0.03565961218241731
2023-08-28,201291.37977780006,103955.37977780006,0.4835577167161679,12,207321.37977780006,-0.029085278163124118
2023-08-29,200948.37977780006,103955.37977780006,0.4826761982716687,12,207321.37977780006,-0.03073971438367984
2023-08-30,200299.37977780006,103955.37977780006,0.4809999916468946,12,207321.37977780006,-0.03387011994385691
2023-08-31,200055.37977780006,103955.37977780006,0.48036698691501084,12,207321.37977780006,-0.03504703667218234
2023-09-01,201137.37977780006,103955.37977780006,0.48316230482548117,12,207321.37977780006,-0.029828086262149167
2023-09-04,202839.57498780006,110721.57498780006,0.45414214659807145,11,207321.37977780006,-0.02161766815754096
2023-09-05,201937.57498780006,110721.57498780006,0.45170394863616026,11,207321.37977780006,-0.025968401308973377
2023-09-06,202073.57498780006,110721.57498780006,0.45207296404547337,11,207321.37977780006,-0.02531241493580838
2023-09-07,201352.57498780006,110721.57498780006,0.45011095589659744,11,207321.37977780006,-0.02879010739942578
2023-09-08,201114.57498780006,110721.57498780006,0.44946021443489803,11,207321.37977780006,-0.029938083552464412
2023-09-11,201451.57498780006,110721.57498780006,0.4503811896506375,11,207321.37977780006,-0.028312587907195375
2023-09-12,201833.57498780006,110721.57498780006,0.45142142483235165,11,207321.37977780006,-0.026470037947276093
2023-09-13,201517.57498780006,110721.57498780006,0.4505611979773815,11,207321.37977780006,-0.027994241579041734
2023-09-14,202080.57498780006,110721.57498780006,0.45209194404516856,11,207321.37977780006,-0.025278650931307323
2023-09-15,201282.57498780006,110721.57498780006,0.4499197210960213,11,207321.37977780006,-0.029127747444437135
2023-09-18,201406.57498780006,110721.57498780006,0.4502583890595087,11,207321.37977780006,-0.028529642221845508
2023-09-19,201860.57498780006,110721.57498780006,0.4514948003368573,11,207321.37977780006,-0.0263398053584859
2023-09-20,201552.57498780006,110721.57498780006,0.4506566091030987,11,207321.37977780006,-0.027825421556536
2023-09-21,201267.57498780006,110721.57498780006,0.4498787249038425,11,207321.37977780006,-0.029200098882653847
2023-09-22,202631.57498780006,110721.57498780006,0.45358182704513683,11,207321.37977780006,-0.02262094143414617
2023-09-25,201948.57498780006,110721.57498780006,0.45173381394501605,11,207321.37977780006,-0.025915343587614492
2023-09-26,201588.57498780006,110721.57498780006,0.45075471169682696,11,207321.37977780006,-0.027651778104815894
2023-09-27,201624.57498780006,110721.57498780006,0.45085277925818507,11,207321.37977780006,-0.027478134653095787
2023-09-28,201289.57498780006,110721.57498780006,0.44993885056138266,11,207321.37977780006,-0.029093983439935966
2023-10-09,200866.57498780006,110721.57498780006,0.44878049026063743,11,207321.37977780006,-0.031134293997647666
2023-10-10,199848.57498780006,110721.57498780006,0.44597265707519224,11,207321.37977780006,-0.03604454493795617
2023-10-11,199459.57498780006,110721.57498780006,0.4448921542394125,11,207321.37977780006,-0.03792085890237662
2023-10-12,200440.57498780006,110721.57498780006,0.44760897341000344,11,207321.37977780006,-0.03318907484300271
2023-10-13,199621.57498780006,110721.57498780006,0.4453426439774015,11,207321.37977780006,-0.03713946336963603
2023-10-16,199469.57498780006,110721.57498780006,0.44491998343821604,11,207321.37977780006,-0.03787262461023211
2023-10-17,199915.57498780006,110721.57498780006,0.44615833461421456,11,207321.37977780006,-0.035721375180588155
2023-10-18,199232.57498780006,110721.57498780006,0.4442596799515337,11,207321.37977780006,-0.03901577733405637
2023-10-19,197322.57498780006,110721.57498780006,0.4388803460797849,11,207321.37977780006,-0.04822852713365289
2023-10-20,197172.06849820007,116490.06849820007,0.4091958897349425,10,207321.37977780006,-0.04895448453255369
2023-10-23,196147.06849820007,116490.06849820007,0.406108541972581,10,207321.37977780006,-0.05389849947736325
2023-10-24,196633.89444640005,118024.89444640007,0.3997733972635517,10,207321.37977780006,-0.051550328976463944
2023-10-25,197054.89444640005,118024.89444640007,0.40105575769647556,10,207321.37977780006,-0.0495196652771811
2023-10-26,197491.89444640005,118024.89444640007,0.4023810709941191,10,207321.37977780006,-0.047411826710467175
2023-10-27,198522.89444640005,118024.89444640007,0.4054847186490823,10,207321.37977780006,-0.04243887119037082
2023-10-30,197493.89444640005,118024.89444640007,0.40238712301846835,10,207321.37977780006,-0.047402179852038206
2023-10-31,197253.89444640005,118024.89444640007,0.4016600038359645,10,207321.37977780006,-0.04855980286350592
2023-11-01,197305.89444640005,118024.89444640007,0.40181769643753545,10,207321.37977780006,-0.048308984544354616
2023-11-02,197501.89444640005,118024.89444640007,0.40241132989015055,10,207321.37977780006,-0.047363592418322664
2023-11-03,197262.89444640005,118024.89444640007,0.40168730273564146,10,207321.37977780006,-0.04851639200057589
2023-11-06,198001.89444640005,118024.89444640007,0.40392037774997197,10,207321.37977780006,-0.04495187781109844
2023-11-07,197404.89444640008,118024.89444640007,0.4021176892427735,10,207321.37977780006,-0.04783146505212399
2023-11-08,196967.89444640005,118024.89444640007,0.40079120621093084,10,207321.37977780006,-0.04993930361883814
2023-11-09,196744.87989760007,122646.87989760007,0.3766197119770834,9,207321.37977780006,-0.05101499850876701
2023-11-10,196093.87989760007,122646.87989760007,0.37455019013522456,9,207321.37977780006,-0.05415505092737294
2023-11-13,195653.87989760007,122646.87989760007,0.37314363527168426,9,207321.37977780006,-0.05627735978173021
2023-11-14,195547.87989760007,122646.87989760007,0.37280383729128175,9,207321.37977780006,-0.05678864327846178
2023-11-15,196163.87989760007,122646.87989760007,0.3747733784546715,9,207321.37977780006,-0.05381741088236158
2023-11-16,195786.87989760007,122646.87989760007,0.37356946511560674,9,207321.37977780006,-0.055635843696208664
2023-11-17,195477.87989760007,122646.87989760007,0.37257924036291007,9,207321.37977780006,-0.05712628332347314
2023-11-20,196144.87989760007,122646.87989760007,0.374712814519403,9,207321.37977780006,-0.05390905603743612
2023-11-21,196259.87989760007,122646.87989760007,0.37507920639922987,9,207321.37977780006,-0.05335436167777452
2023-11-22,195985.87989760007,122646.87989760007,0.3742055296959078,9,207321.37977780006,-0.05467598128253337
2023-11-23,196236.87989760007,122646.87989760007,0.3750059623777171,9,207321.37977780006,-0.053465300549706773
2023-11-24,196224.87989760007,122646.87989760007,0.3749677412894668,9,207321.37977780006,-0.05352318170028025
2023-11-27,195547.87989760007,122646.87989760007,0.37280383729128175,9,207321.37977780006,-0.05678864327846178
2023-11-28,195548.87989760007,122646.87989760007,0.3728070446538759,9,207321.37977780006,-0.0567838198492473
2023-11-29,195119.01417840007,121768.01417840007,0.3759295336175394,9,207321.37977780006,-0.05885724671752646
2023-11-30,195422.01417840007,121768.01417840007,0.37689714902212357,9,207321.37977780006,-0.05739574766554867
2023-12-01,195589.01417840007,121768.01417840007,0.3774291736685508,9,207321.37977780006,-0.056590234986735766
2023-12-04,195722.01417840007,121768.01417840007,0.3778522324657416,9,207321.37977780006,-0.05594871890121411
2023-12-05,194554.01417840007,121768.01417840007,0.37411718440955666,9,207321.37977780006,-0.06158248422368984
2023-12-06,194181.01417840007,121768.01417840007,0.3729149335551,9,207321.37977780006,-0.06338162332067909
2023-12-07,194053.01417840007,121768.01417840007,0.37250129974041907,9,207321.37977780006,-0.06399902226012855
2023-12-08,194188.17326960008,135478.17326960008,0.3023356109256473,8,207321.37977780006,-0.06334709195103605
2023-12-11,194763.17326960008,135478.17326960008,0.3043953279500894,8,207321.37977780006,-0.06057362015272827
2023-12-12,194898.17326960008,135478.17326960008,0.3048771520182752,8,207321.37977780006,-0.05992245720877776
2023-12-13,194463.17326960008,135478.17326960008,0.3033222126753239,8,207321.37977780006,-0.062020648917062826
2023-12-14,194341.17326960008,135478.17326960008,0.30288486484715316,8,207321.37977780006,-0.06260910728122548
2023-12-15,193983.17326960008,135478.17326960008,0.30159832429738154,8,207321.37977780006,-0.06433589493999803
2023-12-18,194127.17326960008,135478.17326960008,0.3021163859350561,8,207321.37977780006,-0.06364132113311749
2023-12-19,194063.43475920008,142193.43475920008,0.26728373670373246,7,207321.37977780006,-0.0639487593262662
2023-12-20,193074.43475920008,142193.43475920008,0.26353048793569234,7,207321.37977780006,-0.06871913081935577
2023-12-21,193189.99394160009,147142.99394160009,0.23835085379173246,6,207321.37977780006,-0.06816173928296976
2023-12-22,193356.99394160009,147142.99394160009,0.23900868056501792,6,207321.37977780006,-0.06735622660415685
2023-12-25,193164.99394160009,147142.99394160009,0.23825227884672476,6,207321.37977780006,-0.06828232501333098
2023-12-26,193000.99394160009,147142.99394160009,0.23760499396120266,6,207321.37977780006,-0.06907336740450054
2023-12-27,193321.99394160009,147142.99394160009,0.2388709068144106,6,207321.37977780006,-0.06752504662666259
2023-12-28,193300.4098822501,141409.4098822501,0.26844743904893764,6,207321.37977780006,-0.06762915580909767
2023-12-29,193070.4098822501,141409.4098822501,0.2675759585920341,6,207321.37977780006,-0.06873854452842088
2024-01-02,193054.4098822501,141409.4098822501,0.267515256613407,6,207321.37977780006,-0.06881571939585207
2024-01-03,193681.0530655001,135960.0530655001,0.29802089097728934,7,207321.37977780006,-0.06579315035872901
2024-01-04,193923.0530655001,135960.0530655001,0.2988969030949725,7,207321.37977780006,-0.06462588048883244
2024-01-05,194056.0530655001,135960.0530655001,0.29937741741243573,7,207321.37977780006,-0.06398436440331079
2024-01-08,193231.0530655001,135960.0530655001,0.29638610922741637,7,207321.37977780006,-0.0679636935052308
2024-01-09,193379.0530655001,135960.0530655001,0.2969246104465689,7,207321.37977780006,-0.06724982598149243
2024-01-10,193349.0530655001,135960.0530655001,0.29681552141120937,7,207321.37977780006,-0.06739452885792585
2024-01-11,192799.0530655001,135960.0530655001,0.2948095392392303,7,207321.37977780006,-0.07004741492587252
2024-01-12,192969.0530655001,135960.0530655001,0.29543079107430376,7,207321.37977780006,-0.06922743195941627
2024-01-15,193208.0530655001,135960.0530655001,0.2963023491603229,7,207321.37977780006,-0.06807463237716305
2024-01-16,193582.0530655001,135960.0530655001,0.29766189110776253,7,207321.37977780006,-0.06627066985095942
2024-01-17,193008.0530655001,135960.0530655001,0.2955731592227394,7,207321.37977780006,-0.06903931822005283
2024-01-18,192470.0530655001,135960.0530655001,0.29360411710786455,7,207321.37977780006,-0.07163432313742601
2024-01-19,192475.0530655001,135960.0530655001,0.29362246743097503,7,207321.37977780006,-0.07161020599135381
2024-01-22,190941.0530655001,135960.0530655001,0.2879475058783687,7,207321.37977780006,-0.07900934640631774
2024-01-23,191160.0530655001,135960.0530655001,0.2887632594508957,7,207321.37977780006,-0.07795301540835353
2024-01-24,192610.0530655001,135960.0530655001,0.2941175660272274,7,207321.37977780006,-0.0709590430474033
2024-01-25,194122.0530655001,135960.0530655001,0.2996156236838024,7,207321.37977780006,-0.06366601807515726
2024-01-26,194653.0530655001,135960.0530655001,0.30152622358432773,7,207321.37977780006,-0.06110477716228513
2024-01-29,194734.0530655001,135960.0530655001,0.3018167550809974,7,207321.37977780006,-0.06071407939591478
2024-01-30,193989.0530655001,135960.0530655001,0.299135436165084,7,207321.37977780006,-0.06430753416067891
2024-01-31,193790.0530655001,135960.0530655001,0.2984157292142014,7,207321.37977780006,-0.0652673965743541
2024-02-01,193291.0530655001,135960.0530655001,0.29660451992349784,7,207321.37977780006,-0.06767428775236384
2024-02-02,193050.0530655001,135960.0530655001,0.29572641443734743,7,207321.37977780006,-0.06883673419304592
2024-02-05,193410.0530655001,135960.0530655001,0.2970373002304282,7,207321.37977780006,-0.06710029967584452
2024-02-06,195082.0530655001,135960.0530655001,0.30306221956844687,7,207321.37977780006,-0.059035526029286745
2024-02-07,195235.0530655001,135960.0530655001,0.3036083893198913,7,207321.37977780006,-0.05829754135947607
2024-02-08,195454.0530655001,135960.0530655001,0.30438867379262025,7,207321.37977780006,-0.05724121036151186
2024-02-19,195349.0530655001,135960.0530655001,0.3040147831179248,7,207321.37977780006,-0.05774767042902895
2024-02-20,195916.0530655001,135960.0530655001,0.30602903162792416,7,207321.37977780006,-0.055012786064436714
2024-02-21,195917.0530655001,135960.0530655001,0.3060325737951705,7,207321.37977780006,-0.05500796263522223
2024-02-22,196255.0530655001,135960.0530655001,0.30722775825739657,7,207321.37977780006,-0.05337764356073871
2024-02-23,196038.0530655001,135960.0530655001,0.3064609093007406,7,207321.37977780006,-0.054424327700274056
2024-02-26,195207.0530655001,135960.0530655001,0.3035085006898811,7,207321.37977780006,-0.05843259737748063
2024-02-27,195563.0530655001,135960.0530655001,0.30477638319563927,7,207321.37977780006,-0.05671545657713706
2024-02-28,195108.0530655001,135960.0530655001,0.303155093142892,7,207321.37977780006,-0.05891011686971104
2024-02-29,195842.0530655001,135960.0530655001,0.3057668108696361,7,207321.37977780006,-0.055369719826305897
2024-03-01,195389.0530655001,135960.0530655001,0.3041572650443097,7,207321.37977780006,-0.05755473326045102
2024-03-04,195080.0530655001,135960.0530655001,0.30305507442193413,7,207321.37977780006,-0.0590451728877156
2024-03-05,195440.0530655001,135960.0530655001,0.30433884491458757,7,207321.37977780006,-0.0573087383705142
2024-03-06,195369.0530655001,135960.0530655001,0.3040860313740802,7,207321.37977780006,-0.05765120184474004
2024-03-07,195743.0530655001,135960.0530655001,0.3054156919683645,7,207321.37977780006,-0.0558472393185363
2024-03-08,195982.0530655001,135960.0530655001,0.306262737128995,7,207321.37977780006,-0.054694439736283185
2024-03-11,196081.0530655001,135960.0530655001,0.3066130003897766,7,207321.37977780006,-0.05421692024405278
2024-03-12,195494.0530655001,135960.0530655001,0.30453100269015954,7,207321.37977780006,-0.05704827319293393
2024-03-13,195050.0530655001,135960.0530655001,0.30294787964070374,7,207321.37977780006,-0.059189875764149025
2024-03-14,194862.0530655001,135960.0530655001,0.3022753741602062,7,207321.37977780006,-0.06009668045646532
2024-03-15,195138.0530655001,135960.0530655001,0.30326222420665583,7,207321.37977780006,-0.058765413993277615
2024-03-18,195229.0530655001,135960.0530655001,0.30358698702551723,7,207321.37977780006,-0.05832648193476275
2024-03-19,194782.0530655001,135960.0530655001,0.30198880787143,7,207321.37977780006,-0.0604825547936213
2024-03-20,194802.0530655001,135960.0530655001,0.3020604715095842,7,207321.37977780006,-0.06038608620933228
2024-03-21,194678.0530655001,135960.0530655001,0.3016159195933818,7,207321.37977780006,-0.060984191431923906
2024-03-22,194092.0530655001,135960.0530655001,0.2995073681887544,7,207321.37977780006,-0.06381072095159068
2024-03-25,193901.0530655001,135960.0530655001,0.2988173559863413,7,207321.37977780006,-0.06473199593155032
2024-03-26,194179.0530655001,135960.0530655001,0.2998212169690707,7,207321.37977780006,-0.06339108260993365
2024-03-27,194211.0530655001,135960.0530655001,0.29993658486756736,7,207321.37977780006,-0.06323673287507126
2024-03-28,194285.0530655001,135960.0530655001,0.30020322757580664,7,207321.37977780006,-0.06287979911320207
2024-03-29,194674.0530655001,135960.0530655001,0.30160156978005215,7,207321.37977780006,-0.06100348514878173
2024-04-01,195127.0530655001,135960.0530655001,0.30322294664153443,7,207321.37977780006,-0.0588184717146365
2024-04-02,195301.0530655001,135960.0530655001,0.3038437277657597,7,207321.37977780006,-0.05797919503132254
2024-04-03,195430.0530655001,135960.0530655001,0.30430324848792883,7,207321.37977780006,-0.05735697266265871
2024-04-08,194913.0530655001,135960.0530655001,0.3024579373870306,7,207321.37977780006,-0.059850685566528505
2024-04-09,194979.0530655001,135960.0530655001,0.3026940539103629,7,207321.37977780006,-0.059532339238374865
2024-04-10,194558.0530655001,135960.0530655001,0.30118516852279736,7,207321.37977780006,-0.06156300293765771
2024-04-11,194844.0530655001,135960.0530655001,0.30221091726215094,7,207321.37977780006,-0.06018350218232549
2024-04-12,194791.0530655001,135960.0530655001,0.30202105832970466,7,207321.37977780006,-0.060439143930691164
2024-04-15,196119.0530655001,135960.0530655001,0.30674735095680894,7,207321.37977780006,-0.054033629933903704
2024-04-16,195789.0530655001,135960.0530655001,0.30557888228809477,7,207321.37977780006,-0.05562536157467168
2024-04-17,196967.0530655001,135960.0530655001,0.30973200365500986,7,207321.37977780006,-0.04994336196005145
2024-04-18,197231.0530655001,135960.0530655001,0.3106559491909826,7,207321.37977780006,-0.048669976647437
2024-04-19,197559.0530655001,135960.0530655001,0.31180044166124365,7,207321.37977780006,-0.047087891865097986
2024-04-22,196952.0530655001,135960.0530655001,0.3096794323830479,7,207321.37977780006,-0.05001571339826816
2024-04-23,196138.0530655001,135960.0530655001,0.3068145067184062,7,207321.37977780006,-0.053941984778829166
2024-04-24,196484.0530655001,135960.0530655001,0.3080351766757563,7,207321.37977780006,-0.05227307827062999
2024-04-25,196839.0530655001,135960.0530655001,0.30928313793372053,7,207321.37977780006,-0.05056076089950079
2024-04-26,197290.0530655001,135960.0530655001,0.31086209896065314,7,207321.37977780006,-0.048385394323784525
2024-04-29,197092.0530655001,135960.0530655001,0.31016978639764764,7,207321.37977780006,-0.049340433308245335
2024-04-30,196816.0530655001,135960.0530655001,0.3092024204943649,7,207321.37977780006,-0.050671699771433154
2024-05-06,197588.0530655001,135960.0530655001,0.31190144871547687,7,207321.37977780006,-0.04694801241787894
2024-05-07,196997.6114328501,130404.6114328501,0.33803963162619016,8,207321.37977780006,-0.04979596583822965
2024-05-08,196500.6114328501,130404.6114328501,0.3363653655733631,8,207321.37977780006,-0.05219321015781053
2024-05-09,197201.6114328501,130404.6114328501,0.3387244126184299,8,207321.37977780006,-0.048811986278482156
2024-05-10,197516.6114328501,130404.6114328501,0.33977901662623516,8,207321.37977780006,-0.04729260607593089
2024-05-13,198087.6114328501,130404.6114328501,0.34168214513982326,8,207321.37977780006,-0.04453842799448082
2024-05-14,197417.6114328501,130404.6114328501,0.33944793229753917,8,207321.37977780006,-0.04777012556816129
2024-05-15,197052.6114328501,130404.6114328501,0.3382243935534533,8,207321.37977780006,-0.049530677231435005
2024-05-16,196933.6114328501,130404.6114328501,0.3378245060147332,8,207321.37977780006,-0.05010466530795432
2024-05-17,197697.6114328501,130404.6114328501,0.3403834751076733,8,207321.37977780006,-0.04641956538811576
2024-05-20,198301.6114328501,130404.6114328501,0.3423925782014718,8,207321.37977780006,-0.04350621414258882
2024-05-21,198179.6114328501,130404.6114328501,0.3419877529781334,8,207321.37977780006,-0.04409467250675159
2024-05-22,198172.6114328501,130404.6114328501,0.34196451018138235,8,207321.37977780006,-0.044128436511252755
2024-05-23,197379.6114328501,130404.6114328501,0.33932076121644084,8,207321.37977780006,-0.04795341587831037
2024-05-24,197079.6114328501,130404.6114328501,0.33831505712460685,8,207321.37977780006,-0.049400444642644814
2024-05-27,198483.6114328501,130404.6114328501,0.3429955728260825,8,207321.37977780006,-0.0426283500255592
2024-05-28,198062.6114328501,130404.6114328501,0.3415990504746947,8,207321.37977780006,-0.044659013724842045
2024-05-29,197766.6114328501,130404.6114328501,0.34061361274257446,8,207321.37977780006,-0.046086748772318775
2024-05-30,197705.6114328501,130404.6114328501,0.3404101659646545,8,207321.37977780006,-0.046380977954400104
2024-05-31,197313.6114328501,130404.6114328501,0.339099768708914,8,207321.37977780006,-0.0482717622064639
2024-06-03,196785.6114328501,130404.6114328501,0.3373264920979827,8,207321.37977780006,-0.05081853283169269
2024-06-04,197346.6114328501,130404.6114328501,0.3392102834396928,8,207321.37977780006,-0.04811258904238713
2024-06-05,197133.6114328501,130404.6114328501,0.33849630976161565,8,207321.37977780006,-0.049139979465064654
2024-06-06,196688.6114328501,130404.6114328501,0.336999684512133,8,207321.37977780006,-0.051286405465494234
2024-06-07,197253.6114328501,130404.6114328501,0.3388987380986787,8,207321.37977780006,-0.04856116795933085
2024-06-11,196084.6114328501,130404.6114328501,0.3349574427083094,8,207321.37977780006,-0.05419975671102106
2024-06-12,195935.6114328501,130404.6114328501,0.334451708501486,8,207321.37977780006,-0.0549184476639738
2024-06-13,195788.6114328501,130404.6114328501,0.33395200834970346,8,207321.37977780006,-0.055627491758497793
2024-06-14,196482.2330120501,124928.2330120501,0.36417542137569076,8,207321.37977780006,-0.052281857169612644
2024-06-17,195834.2330120501,124928.2330120501,0.3620715280950752,8,207321.37977780006,-0.055407439300575234
2024-06-18,196102.2330120501,124928.2330120501,0.3629433429023039,8,207321.37977780006,-0.05411476027110307
2024-06-19,195829.2330120501,124928.2330120501,0.3620552402185898,8,207321.37977780006,-0.055431556446647434
2024-06-20,195547.2330120501,124928.2330120501,0.36113525572437166,8,207321.37977780006,-0.05679176348512194
2024-06-21,195463.2330120501,124928.2330120501,0.36086070466076653,8,207321.37977780006,-0.05719693153913563
2024-06-24,195068.05731285008,129674.0573128501,0.335236844518942,7,207321.37977780006,-0.05910303355149704
2024-06-25,195113.05731285008,129674.0573128501,0.3353901625101038,7,207321.37977780006,-0.05888597923684691
2024-06-26,195600.05731285008,129674.0573128501,0.3370448910173654,7,207321.37977780006,-0.056536969209410426
2024-06-27,195231.05731285008,129674.0573128501,0.33579186069226413,7,207321.37977780006,-0.058316814589541965
2024-06-28,195330.05731285008,129674.0573128501,0.3361285042518682,7,207321.37977780006,-0.05783929509731156
2024-07-01,195779.05731285008,129674.0573128501,0.33765102819126275,7,207321.37977780006,-0.055673575380024154
2024-07-02,195956.05731285008,129674.0573128501,0.33824930399665404,7,207321.37977780006,-0.05481982840906685
2024-07-03,195882.05731285008,129674.0573128501,0.337999308911979,7,207321.37977780006,-0.05517676217093603
2024-07-04,195261.05731285008,129674.0573128501,0.33589390994086216,7,207321.37977780006,-0.05817211171310843
2024-07-05,194689.05731285008,129674.0573128501,0.33394275414013624,7,207321.37977780006,-0.06093111322377298
2024-07-08,194444.05731285008,129674.0573128501,0.33310352033946977,7,207321.37977780006,-0.062112853381312894
2024-07-09,195579.05731285008,129674.0573128501,0.3369737072337849,7,207321.37977780006,-0.05663826122291393
2024-07-10,195118.05731285008,129674.0573128501,0.3354071934770641,7,207321.37977780006,-0.0588618620907746
2024-07-11,195889.05731285008,129674.0573128501,0.33802296518406066,7,207321.37977780006,-0.055142998166434865
2024-07-12,196059.05731285008,129674.0573128501,0.3385969559879598,7,207321.37977780006,-0.05432301519997862
2024-07-15,196329.05731285008,129674.0573128501,0.3395065453494504,7,207321.37977780006,-0.053020689312077596
2024-07-16,196347.0573128501,129674.0573128501,0.3395670956950804,7,207321.37977780006,-0.05293386758621732
2024-07-17,197059.05731285008,129674.0573128501,0.3419533256622651,7,207321.37977780006,-0.04949958598553017
2024-07-18,197634.05731285008,129674.0573128501,0.3438678582225375,7,207321.37977780006,-0.04672611418722239
2024-07-19,197734.05731285008,129674.0573128501,0.3441996837819248,7,207321.37977780006,-0.0462437712657775
2024-07-22,197307.05731285008,129674.0573128501,0.3427804404013846,7,207321.37977780006,-0.04830337554034703
2024-07-23,196464.05731285008,129674.0573128501,0.33996040249562465,7,207321.37977780006,-0.05236952636812697
2024-07-24,196644.05731285008,129674.0573128501,0.34056457599150497,7,207321.37977780006,-0.05150130910952633
2024-07-25,197093.05731285008,129674.0573128501,0.34206684354682443,7,207321.37977780006,-0.04933558939223892
2024-07-26,197485.4132422501,123865.4132422501,0.37278702660278157,8,207321.37977780006,-0.047443088339908845
2024-07-29,197497.4132422501,123865.4132422501,0.37282513624461033,8,207321.37977780006,-0.047385207189335476
2024-07-30,196831.4132422501,123865.4132422501,0.3707030234559011,8,207321.37977780006,-0.05059761104615812
2024-07-31,197691.45391255012,117662.4539125501,0.40481770160586344,9,207321.37977780006,-0.046449265751419166
2024-08-01,198048.0210815501,112118.0210815501,0.433884668631032,10,207321.37977780006,-0.044729389251551455
2024-08-02,197424.0210815501,112118.0210815501,0.4320953424647479,10,207321.37977780006,-0.047739209081367306
2024-08-05,197193.0210815501,112118.0210815501,0.43143007563547003,10,207321.37977780006,-0.04885342122990488
2024-08-06,197017.0210815501,112118.0210815501,0.43092215857257454,10,207321.37977780006,-0.04970234477164781
2024-08-07,197480.0210815501,112118.0210815501,0.4322563848863954,10,207321.37977780006,-0.04746909704535818
2024-08-08,197723.0210815501,112118.0210815501,0.43295413721547654,10,207321.37977780006,-0.046297003746247234
2024-08-09,197308.0210815501,112118.0210815501,0.43176146379163066,10,207321.37977780006,-0.04829872687024328
2024-08-12,196907.0210815501,112118.0210815501,0.4306042493268139,10,207321.37977780006,-0.0502329219852371
2024-08-13,196860.0210815501,112118.0210815501,0.4304683070459251,10,207321.37977780006,-0.0504596231583162
2024-08-14,196532.0210815501,112118.0210815501,0.429517793260635,10,207321.37977780006,-0.052041707940655324
2024-08-15,197553.0210815501,112118.0210815501,0.43246617810381316,10,207321.37977780006,-0.04711698671270348
2024-08-16,198196.0210815501,112118.0210815501,0.4343074070320624,10,207321.37977780006,-0.04401552172781309
2024-08-19,198653.0210815501,112118.0210815501,0.4356087792114476,10,207321.37977780006,-0.04181121457681014
2024-08-20,198258.0210815501,112118.0210815501,0.4344843125644221,10,207321.37977780006,-0.043716469116517276
2024-08-21,197923.0210815501,112118.0210815501,0.433527133585162,10,207321.37977780006,-0.045332317903357566
2024-08-22,198181.48773915012,121749.4877391501,0.3856666980954403,9,207321.37977780006,-0.04408562227612878
2024-08-23,198822.48773915012,121749.4877391501,0.38764729722684976,9,207321.37977780006,-0.04099380414966736
2024-08-26,198106.48773915012,121749.4877391501,0.3854341211709354,9,207321.37977780006,-0.044447379467212444
2024-08-27,197876.48773915012,121749.4877391501,0.3847197859118771,9,207321.37977780006,-0.045556768186535535
2024-08-28,197640.48773915012,121749.4877391501,0.3839850876110085,9,207321.37977780006,-0.04669509748114542
2024-08-29,196975.48773915012,121749.4877391501,0.3819053876369632,9,207321.37977780006,-0.04990267790875358
2024-08-30,196633.48773915012,121749.4877391501,0.3808303502165387,9,207321.37977780006,-0.05155229070009493
2024-09-02,196391.48773915012,121749.4877391501,0.3800673891688246,9,207321.37977780006,-0.0527195605699915
2024-09-03,197131.48773915012,121749.4877391501,0.3823945167996073,9,207321.37977780006,-0.04915022295129967
2024-09-04,197174.48773915012,121749.4877391501,0.3825292047913557,9,207321.37977780006,-0.048942815495078396
2024-09-05,197416.48773915012,121749.4877391501,0.3832861219777152,9,207321.37977780006,-0.047775545625181826
2024-09-06,188387.48773915012,121749.4877391501,0.3537283754867522,9,207321.37977780006,-0.0913262880024368
2024-09-09,188159.67083615012,115724.67083615011,0.3849655969215453,9,207321.37977780006,-0.09242514670791213
2024-09-10,188603.67083615012,115724.67083615011,0.38641347581889757,9,207321.37977780006,-0.09028354413669704
2024-09-11,187906.67083615012,115724.67083615011,0.38413750655473483,9,207321.37977780006,-0.09364547429916759
2024-09-12,188198.67083615012,115724.67083615011,0.3850930491591913,9,207321.37977780006,-0.09223703296854868
2024-09-13,188168.67083615012,115724.67083615011,0.38499501366559263,9,207321.37977780006,-0.0923817358449821
2024-09-18,188665.67083615012,115724.67083615011,0.3866151148575771,9,207321.37977780006,-0.08998449152540122
2024-09-19,189169.67083615012,115724.67083615011,0.3882493407921327,9,207321.37977780006,-0.08755348320131917
2024-09-20,189122.67083615012,115724.67083615011,0.3880973109965738,9,207321.37977780006,-0.08778018437439827
2024-09-23,189688.67083615012,115724.67083615011,0.3899231286400276,9,207321.37977780006,-0.08505012343902052
2024-09-24,191482.67083615012,115724.67083615011,0.39563893520591953,9,207321.37977780006,-0.07639689142829997
2024-09-25,192927.37050520012,102841.3705052001,0.4669425585602529,11,207321.37977780006,-0.06942848483850028
2024-09-26,195229.87187440012,95963.87187440011,0.5084570257970673,12,207321.37977780006,-0.05832253246799346
2024-09-27,197792.2614101001,90197.26141010011,0.5439798262729492,13,207321.37977780006,-0.04596302792270124
2024-09-30,206528.8965918501,84737.8965918501,0.5897044046126281,14,207321.37977780006,-0.0038224865510702033
2024-10-08,212445.1865038501,94505.18650385011,0.5551549646330188,14,212445.1865038501,0.0
2024-10-09,204839.1865038501,94505.18650385011,0.5386371713496635,14,212445.1865038501,-0.0358021761997519
2024-10-10,217050.62244825013,88796.62244825011,0.5908944123418891,15,217050.62244825013,0.0
2024-10-11,215660.62244825013,88796.62244825011,0.588257599184303,15,217050.62244825013,-0.006404036000087543
2024-10-14,218583.8148058501,100175.81480585011,0.5417052497924972,14,218583.8148058501,0.0
2024-10-15,215277.8148058501,100175.81480585011,0.5346672628752088,14,218583.8148058501,-0.015124633097544082
2024-10-16,215625.81480585012,100175.81480585011,0.5354182666113119,14,218583.8148058501,-0.013532566455697226
2024-10-17,213512.8148058501,100175.81480585011,0.5308205978318385,14,218583.8148058501,-0.023199338910358747
2024-10-18,215586.81480585012,100175.81480585011,0.5353342230318449,14,218583.8148058501,-0.013710987717283407
2024-10-21,215439.8148058501,100175.81480585011,0.535017169894402,14,218583.8148058501,-0.014383498626339586
2024-10-22,216880.8148058501,100175.81480585011,0.5381066098653001,14,218583.8148058501,-0.007791061755933915
2024-10-23,217583.81480585012,100175.81480585011,0.5395989591632222,14,218583.8148058501,-0.004574904143237579
2024-10-24,216763.8148058501,100175.81480585011,0.5378572992195442,14,218583.8148058501,-0.00832632554069268
2024-10-25,215975.8148058501,100175.81480585011,0.5361711453854107,14,218583.8148058501,-0.011931350005564112
2024-10-28,216799.81480585012,100175.81480585011,0.5379340388479568,14,218583.8148058501,-0.008161628991536052
2024-10-29,215102.8148058501,100175.81480585011,0.5342886847098309,14,218583.8148058501,-0.01592524132261064
2024-10-30,214157.8148058501,100175.81480585011,0.5322336712453529,14,218583.8148058501,-0.020248525737970313
2024-10-31,213362.8148058501,100175.81480585011,0.5304907516475854,14,218583.8148058501,-0.023885574531844367
2024-11-01,214293.8148058501,100175.81480585011,0.5325305357198048,14,218583.8148058501,-0.01962633877449005
2024-11-04,215079.8148058501,100175.81480585011,0.5342388829175924,14,218583.8148058501,-0.016030464117905097
2024-11-05,216459.8148058501,100175.81480585011,0.5372082578205055,14,218583.8148058501,-0.00971709640023699
2024-11-06,216204.8148058501,100175.81480585011,0.5366624240269253,14,218583.8148058501,-0.010883696956762612
2024-11-07,220058.8148058501,100175.81480585011,0.544777086551922,14,220058.8148058501,0.0
2024-11-08,218510.8148058501,100175.81480585011,0.5415521428774236,14,220058.8148058501,-0.007034483037481332
2024-11-11,217452.8148058501,100175.81480585011,0.5393215999742713,14,220058.8148058501,-0.011842288627697872
2024-11-12,215662.8148058501,100175.81480585011,0.5354979721653307,14,220058.8148058501,-0.01997647766974675
2024-11-13,215993.8148058501,100175.81480585011,0.5362097988968113,14,220058.8148058501,-0.018472334332920948
2024-11-14,215041.8148058501,100175.81480585011,0.5341565783552675,14,220058.8148058501,-0.022798450516178237
2024-11-15,214311.8148058501,100175.81480585011,0.5325697983725179,14,220058.8148058501,-0.026115745488633935
2024-11-18,214254.8148058501,100175.81480585011,0.5324454440072874,14,220058.8148058501,-0.02637476715086673
2024-11-19,214584.8148058501,100175.81480585011,0.5331644743991499,14,220058.8148058501,-0.024875168053729246
2024-11-20,214632.8148058501,100175.81480585011,0.5332688764461953,14,220058.8148058501,-0.024657044548691
2024-11-21,214129.8148058501,100175.81480585011,0.5321725052782642,14,220058.8148058501,-0.026942797111903616
2024-11-22,210363.8148058501,100175.81480585011,0.5237973084947865,14,220058.8148058501,-0.04405640377802433
2024-11-25,210205.8148058501,100175.81480585011,0.5234393734617936,14,220058.8148058501,-0.044774393648775
2024-11-26,210271.8148058501,100175.81480585011,0.5235889560455581,14,220058.8148058501,-0.04447447382934744
2024-11-27,211811.8148058501,100175.81480585011,0.5270527524743001,14,220058.8148058501,-0.037476344709372444
2024-11-28,210858.8148058501,100175.81480585011,0.5249152144856368,14,220058.8148058501,-0.041807005132318054
2024-11-29,211563.8148058501,100175.81480585011,0.526498352765191,14,220058.8148058501,-0.0386033161520698
2024-12-02,212471.8148058501,100175.81480585011,0.5285218658418881,14,220058.8148058501,-0.03447714651509748
2024-12-03,213044.8148058501,100175.81480585011,0.5297899416273456,14,220058.8148058501,-0.03187329717370424
2024-12-04,213091.8148058501,100175.81480585011,0.5298936521934396,14,220058.8148058501,-0.03165971790835431
2024-12-05,212633.8148058501,100175.81480585011,0.5288810723857924,14,220058.8148058501,-0.03374097968559364
2024-12-06,213730.8148058501,100175.81480585011,0.5312991488997582,14,220058.8148058501,-0.02875594874753351
2024-12-09,214170.8148058501,100175.81480585011,0.5322620642935809,14,220058.8148058501,-0.026756483284683497
2024-12-10,214951.8148058501,100175.81480585011,0.5339615304186595,14,220058.8148058501,-0.023207432088124813
2024-12-11,214651.8148058501,100175.81480585011,0.5333101893573186,14,220058.8148058501,-0.024570703994613474
2024-12-12,215963.8148058501,100175.81480585011,0.5361453727981818,14,220058.8148058501,-0.01860866152356977
2024-12-13,213490.8148058501,100175.81480585011,0.5307722493965343,14,220058.8148058501,-0.029846566272724417
2024-12-16,214448.8148058501,100175.81480585011,0.5328684147937881,14,220058.8148058501,-0.02549318465133743
2024-12-17,213849.8148058501,100175.81480585011,0.5315599646565151,14,220058.8148058501,-0.028215184224626433
2024-12-18,214118.8148058501,100175.81480585011,0.532148471414418,14,220058.8148058501,-0.026992783748474913
2024-12-19,213535.8148058501,100175.81480585011,0.5308711332713371,14,220058.8148058501,-0.02964207548675113
2024-12-20,213088.8148058501,100175.81480585011,0.5298870337369772,14,220058.8148058501,-0.03167335062741916
2024-12-23,213420.8148058501,100175.81480585011,0.5306183471514692,14,220058.8148058501,-0.03016466305090515
2024-12-24,215448.8148058501,100175.81480585011,0.5350365937444459,14,220058.8148058501,-0.020948944963042004
2024-12-25,216604.8148058501,100175.81480585011,0.5375180607335948,14,220058.8148058501,-0.01569580388337244
2024-12-26,216242.44399785012,108145.44399785012,0.49988798684255853,13,220058.8148058501,-0.017342503690965683
2024-12-27,216738.44399785012,108145.44399785012,0.5010324795036231,13,220058.8148058501,-0.015088560805571083
2024-12-30,217376.44399785012,108145.44399785012,0.5024969494904439,13,220058.8148058501,-0.012189335884438601
2024-12-31,216453.44399785012,108145.44399785012,0.5003754987658027,13,220058.8148058501,-0.016383669116735278
2025-01-02,214182.44399785012,108145.44399785012,0.49507792525266153,13,220058.8148058501,-0.02670363744885429
2025-01-03,214053.44399785012,108145.44399785012,0.4947736323320437,13,220058.8148058501,-0.027289844368644345
2025-01-06,214103.44399785012,108145.44399785012,0.4948916188431979,13,220058.8148058501,-0.027062632384229568
2025-01-07,214284.44399785012,108145.44399785012,0.49531826958500486,13,220058.8148058501,-0.026240125000648096
2025-01-08,214775.44399785012,108145.44399785012,0.49647202685362557,13,220058.8148058501,-0.024008903313695096
2025-01-09,213340.44399785012,108145.44399785012,0.49308512736131777,13,220058.8148058501,-0.030529887266399047
2025-01-10,212526.44399785012,108145.44399785012,0.4911435868237456,13,220058.8148058501,-0.03422889837267151
2025-01-13,212081.44399785012,108145.44399785012,0.49007587859055507,13,220058.8148058501,-0.036251085033962904
2025-01-14,214462.6587258501,99658.65872585012,0.5353099727573328,14,220058.8148058501,-0.025430274560631738
2025-01-15,214174.02905795013,93868.02905795013,0.5617207675887174,15,220058.8148058501,-0.026741876952722343
2025-01-16,214862.02905795013,93868.02905795013,0.5631241617259738,15,220058.8148058501,-0.023615440047175085
2025-01-17,214941.02905795013,93868.02905795013,0.5632847322386159,15,220058.8148058501,-0.023256445111799806
2025-01-20,214744.02905795013,93868.02905795013,0.5628841022042145,15,220058.8148058501,-0.024151660330393954
2025-01-21,214527.02905795013,93868.02905795013,0.5624419474312787,15,220058.8148058501,-0.025137760342754056
2025-01-22,213400.02905795013,93868.02905795013,0.5601311327260425,15,220058.8148058501,-0.03025911847146301
2025-01-23,214583.02905795013,93868.02905795013,0.5625561375005094,15,220058.8148058501,-0.024883282920209582
2025-01-24,214968.02905795013,93868.02905795013,0.5633395837078378,15,220058.8148058501,-0.023133750640215833
2025-01-27,216897.02905795013,93868.02905795013,0.5672230760114716,15,220058.8148058501,-0.014367912281493922
2025-02-05,214369.02905795013,93868.02905795013,0.5621194466828746,15,220058.8148058501,-0.025855750213504725
2025-02-06,214444.02905795013,93868.02905795013,0.5622725917326251,15,220058.8148058501,-0.025514932236882615
2025-02-07,215306.02905795013,93868.02905795013,0.5640250787743369,15,220058.8148058501,-0.021597797625571902
2025-02-10,214916.02905795013,93868.02905795013,0.5632339315526834,15,220058.8148058501,-0.02337005110400714
2025-02-11,215356.02905795013,93868.02905795013,0.5641263006725891,15,220058.8148058501,-0.021370585641157125
2025-02-12,215852.02905795013,93868.02905795013,0.5651278819679326,15,220058.8148058501,-0.019116642755762636
2025-02-13,215127.02905795013,93868.02905795013,0.563662318635636,15,220058.8148058501,-0.022411216529776845
2025-02-14,215747.02905795013,93868.02905795013,0.564916237930039,15,220058.8148058501,-0.01959378792303368
2025-02-17,215060.02905795013,93868.02905795013,0.5635263815915489,15,220058.8148058501,-0.022715680588892617
2025-02-18,214865.02905795013,93868.02905795013,0.5631302614971677,15,220058.8148058501,-0.023601807328110236
2025-02-19,214640.02905795013,93868.02905795013,0.5626723054877758,15,220058.8148058501,-0.024624261257976676
2025-02-20,214121.02905795013,93868.02905795013,0.5616122831515745,15,220058.8148058501,-0.02698272165620208
2025-02-21,214035.02905795013,93868.02905795013,0.5614361374813311,15,220058.8148058501,-0.027373526269395487
2025-02-24,214744.02905795013,93868.02905795013,0.5628841022042145,15,220058.8148058501,-0.024151660330393954
2025-02-25,213475.02905795013,93868.02905795013,0.5602856714802524,15,220058.8148058501,-0.0299183004948409
2025-02-26,214580.56704655013,85785.56704655013,0.6002174464011916,16,220058.8148058501,-0.02489447089012642
2025-02-27,215744.56704655013,85785.56704655013,0.6023743808666079,16,220058.8148058501,-0.019604975892950516
2025-02-28,214790.56704655013,85785.56704655013,0.6006083124313444,16,220058.8148058501,-0.023940180555584445
2025-03-03,215762.56704655013,85785.56704655013,0.6024075527983399,16,220058.8148058501,-0.0195231795785612
2025-03-04,215732.56704655013,85785.56704655013,0.6023522631701704,16,220058.8148058501,-0.019659506769210133
2025-03-05,216987.56704655013,85785.56704655013,0.6046521548944478,16,220058.8148058501,-0.013956485960399334
2025-03-06,217188.56704655013,85785.56704655013,0.605018034728487,16,220058.8148058501,-0.013043093783051907
2025-03-07,217379.56704655013,85785.56704655013,0.6053650846209486,16,220058.8148058501,-0.012175144002587568
2025-03-10,217535.56704655013,85785.56704655013,0.6056480868335752,16,220058.8148058501,-0.011466242611213429
2025-03-11,217825.56704655013,85785.56704655013,0.6061731035080127,16,220058.8148058501,-0.010148413101607745
2025-03-12,217547.56704655013,85785.56704655013,0.6056698394232375,16,220058.8148058501,-0.011411711734953922
2025-03-13,218004.56704655013,85785.56704655013,0.606496468359617,16,220058.8148058501,-0.009334994197402913
2025-03-14,219505.56704655013,85785.56704655013,0.6091872830343399,16,220058.8148058501,-0.002514090425271398
2025-03-17,219253.56704655013,85785.56704655013,0.6087381008112089,16,220058.8148058501,-0.0036592388267219222
2025-03-18,219976.56704655013,85785.56704655013,0.6100240666616245,16,220058.8148058501,-0.0003737535320842422
2025-03-19,212518.62974605014,77108.62974605014,0.6371676693088443,17,220058.8148058501,-0.03426440820583532
2025-03-20,212308.62974605014,77108.62974605014,0.6368087823924892,17,220058.8148058501,-0.03521869854037729
2025-03-21,211492.62974605014,77108.62974605014,0.6354074851750704,17,220058.8148058501,-0.038926798126026396
2025-03-24,212417.62974605014,77108.62974605014,0.6369951503637661,17,220058.8148058501,-0.03472337641435308
2025-03-25,212573.62974605014,77108.62974605014,0.6372615463255367,17,220058.8148058501,-0.03401447502297905
2025-03-26,211476.62974605014,77108.62974605014,0.6353799006602037,17,220058.8148058501,-0.03899950596103918
2025-03-27,218638.62974605014,77108.62974605014,0.6473238519852955,17,220058.8148058501,-0.006453661313467252
2025-03-28,218428.79566490016,68560.79566490014,0.6861183276856873,18,220058.8148058501,-0.007407197672985921
2025-03-31,218131.79566490016,68560.79566490014,0.6856909582763209,18,220058.8148058501,-0.008756836860409734
2025-04-01,218588.79566490016,68560.79566490014,0.6863480790204597,18,220058.8148058501,-0.006680119322858724
2025-04-02,218450.79566490016,68560.79566490014,0.6861499384508022,18,220058.8148058501,-0.007307224399843437
2025-04-03,217940.79566490016,68560.79566490014,0.6854155026105467,18,220058.8148058501,-0.009624786640874072
2025-04-07,208351.79566490016,68560.79566490014,0.6709373420751842,18,220058.8148058501,-0.05319950101193904
2025-04-08,211131.76267830015,67325.76267830015,0.6811196864733048,18,220058.8148058501,-0.04056666457749469
2025-04-09,211441.67350000015,66912.67350000015,0.6835407495958922,18,220058.8148058501,-0.03915835552169333
2025-04-10,212154.67350000015,66912.67350000015,0.6846042917833715,18,220058.8148058501,-0.03591831262393863
2025-04-11,211335.65237125015,59381.65237125015,0.7190173465528887,19,220058.8148058501,-0.03964014094275692
2025-04-14,211619.65237125015,59381.65237125015,0.7193944338067653,19,220058.8148058501,-0.038349576871281044
2025-04-15,211942.65237125015,59381.65237125015,0.7198220758923313,19,220058.8148058501,-0.03688178745196158
2025-04-16,212588.65237125015,59381.65237125015,0.7206734615940359,19,220058.8148058501,-0.03394620861332276
2025-04-17,212952.65237125015,59381.65237125015,0.7211509144871914,19,220058.8148058501,-0.032292105366783175
2025-04-18,213560.65237125015,59381.65237125015,0.7219447884621456,19,220058.8148058501,-0.029529207636299626
2025-04-21,213884.65237125015,59381.65237125015,0.7223659962839293,19,220058.8148058501,-0.02805687397729184
2025-04-22,213700.65237125015,59381.65237125015,0.7221269485500225,19,220058.8148058501,-0.028893014079938273
2025-04-23,213389.84346975014,53366.84346975015,0.7499091681122333,20,220058.8148058501,-0.030305404225610122
2025-04-24,213438.84346975017,53366.84346975015,0.7499665824542681,20,220058.8148058501,-0.030082736480883443
2025-04-25,213635.84346975014,53366.84346975015,0.7501971457457857,20,220058.8148058501,-0.029187521262289406
2025-04-28,213846.84346975014,53366.84346975015,0.750443623090938,20,220058.8148058501,-0.028228686688059113
2025-04-29,213006.84346975014,53366.84346975015,0.7494594887167136,20,220058.8148058501,-0.03204584802622723
2025-04-30,212446.84346975014,53366.84346975015,0.7487990755798218,20,220058.8148058501,-0.03459062225167264
2025-05-06,213832.84346975014,53366.84346975015,0.7504272842104367,20,220058.8148058501,-0.02829230604369526
2025-05-07,215478.84346975014,53366.84346975015,0.7523337205156199,20,220058.8148058501,-0.020812487516760902
2025-05-08,216358.84346975014,53366.84346975015,0.7533410577820382,20,220058.8148058501,-0.016813556591060985
2025-05-09,217393.84346975014,53366.84346975015,0.7545153872898153,20,220058.8148058501,-0.012110268513675138
2025-05-12,218501.84346975014,53366.84346975015,0.7557602140911074,20,220058.8148058501,-0.00707525093904382
2025-05-13,219567.84346975014,53366.84346975015,0.7569459961603964,20,220058.8148058501,-0.0022310914313208308
2025-05-14,221145.27929135016,68401.27929135015,0.6906952772831556,19,221145.27929135016,0.0
2025-05-15,220747.51679855015,62444.51679855015,0.7171224496466894,20,221145.27929135016,-0.001798647902748085
2025-05-16,219734.51679855015,62444.51679855015,0.7158183534005333,20,221145.27929135016,-0.006379347084960352
2025-05-19,221307.51679855015,62444.51679855015,0.717838247422063,20,221307.51679855015,0.0
2025-05-20,221517.64061495016,67728.64061495014,0.694251706424237,20,221517.64061495016,0.0
2025-05-21,222025.64061495016,67728.64061495014,0.6949512658656883,20,222025.64061495016,0.0
2025-05-22,221451.64061495016,67728.64061495014,0.6941605832005843,20,222025.64061495016,-0.0025852869894223973
2025-05-23,220179.64061495013,67728.64061495014,0.6923937180304791,20,222025.64061495016,-0.00831435502173139
2025-05-26,219686.64061495016,67728.64061495014,0.6917034170791491,20,222025.64061495016,-0.010534819282681074
2025-05-27,219494.64061495016,67728.64061495014,0.691433738768303,20,222025.64061495016,-0.011399584268689922
2025-05-28,219507.64061495016,67728.64061495014,0.691452013127158,20,222025.64061495016,-0.011341032472762302
2025-05-29,219822.64061495016,67728.64061495014,0.6918941541895757,20,222025.64061495016,-0.00992227741759144
2025-05-30,219761.64061495016,67728.64061495014,0.6918086321824508,20,222025.64061495016,-0.010197020460021355
2025-06-03,220041.64061495013,67728.64061495014,0.6922008015134364,20,222025.64061495016,-0.00893590485542517
2025-06-04,220733.64061495016,67728.64061495014,0.6931657520518287,20,222025.64061495016,-0.005819147718351458
2025-06-05,220784.64061495016,67728.64061495014,0.6932366290231695,20,222025.64061495016,-0.005589444518942832
2025-06-06,221190.64061495016,67728.64061495014,0.6937996995412996,20,222025.64061495016,-0.0037608268922781907
2025-06-09,221665.64061495016,67728.64061495014,0.6944558460794568,20,222025.64061495016,-0.0016214343487666039
2025-06-10,221538.64061495016,67728.64061495014,0.6942806887911381,20,222025.64061495016,-0.002193440355137133
2025-06-11,222691.64061495016,67728.64061495014,0.6958635697868074,20,222691.64061495016,0.0
2025-06-12,222790.64061495016,67728.64061495014,0.6959987168760567,20,222790.64061495016,0.0
2025-06-13,222669.64061495016,67728.64061495014,0.695833520780368,20,222790.64061495016,-0.0005431107862791107
2025-06-16,222717.64061495016,67728.64061495014,0.6958990745953341,20,222790.64061495016,-0.0003276618793254249
2025-06-17,223398.64061495013,67728.64061495014,0.6968260844000067,20,223398.64061495013,0.0
2025-06-18,223121.64061495016,67728.64061495014,0.6964497014799558,20,223398.64061495013,-0.0012399359245762742
2025-06-19,221576.64061495016,67728.64061495014,0.6943331191095764,20,223398.64061495013,-0.008155824023747593
2025-06-20,222114.64061495016,67728.64061495014,0.6950734970579356,20,223398.64061495013,-0.00574757302222384
2025-06-23,222568.78237255014,77609.78237255014,0.6512997845194578,19,223398.64061495013,-0.0037146969207854097
2025-06-24,223467.78237255014,77609.78237255014,0.6527025884958914,19,223467.78237255014,0.0
2025-06-25,225021.78237255014,77609.78237255014,0.6551010237575224,19,225021.78237255014,0.0
2025-06-26,224531.78237255014,77609.78237255014,0.654348344129841,19,225021.78237255014,-0.002177566966333755
2025-06-27,223820.78237255014,77609.78237255014,0.6532503302424861,19,225021.78237255014,-0.005337261074626065
2025-06-30,223836.78237255014,77609.78237255014,0.6532751161362849,19,225021.78237255014,-0.005266156847154035
2025-07-01,224948.78237255014,77609.78237255014,0.6549890977226261,19,225021.78237255014,-0.0003244130378415866
2025-07-02,226159.78237255014,77609.78237255014,0.6568365004671586,19,226159.78237255014,0.0
2025-07-03,226676.78237255014,77609.78237255014,0.6576191811078556,19,226676.78237255014,0.0
2025-07-04,226851.78237255014,77609.78237255014,0.6578833035347524,19,226851.78237255014,0.0
2025-07-07,227146.78237255014,77609.78237255014,0.658327617226556,19,227146.78237255014,0.0
2025-07-08,227620.78237255014,77609.78237255014,0.6590391195232556,19,227620.78237255014,0.0
2025-07-09,226480.78237255014,77609.78237255014,0.657322879409319,19,227620.78237255014,-0.005008330030841113
2025-07-10,227119.78237255014,77609.78237255014,0.6582869992132834,19,227620.78237255014,-0.0022010292503960027
2025-07-11,226991.78237255014,77609.78237255014,0.6580943082548552,19,227620.78237255014,-0.0027633680608764033
2025-07-14,227242.78237255014,77609.78237255014,0.6584719586591146,19,227620.78237255014,-0.0016606567996999555
2025-07-15,226201.78237255014,77609.78237255014,0.6569002173257492,19,227620.78237255014,-0.006234052906810117
2025-07-16,226081.78237255014,77609.78237255014,0.6567181063502923,19,227620.78237255014,-0.0067612455416355965
2025-07-17,226162.78237255014,77609.78237255014,0.6568410524561631,19,227620.78237255014,-0.006405390513128384
2025-07-18,227393.78237255014,77609.78237255014,0.6586987490915723,19,227620.78237255014,-0.0009972727342113519
2025-07-21,230130.78237255014,77609.78237255014,0.6627579258523071,19,230130.78237255014,0.0
2025-07-22,231332.78237255014,77609.78237255014,0.6645102281804428,19,231332.78237255014,0.0
2025-07-23,231153.78237255014,77609.78237255014,0.6642504328678187,19,231332.78237255014,-0.0007737770590237059
2025-07-24,232172.78237255014,77609.78237255014,0.6657240285469139,19,232172.78237255014,0.0
2025-07-25,231681.78237255014,77609.78237255014,0.6650156020996435,19,232172.78237255014,-0.00211480430644162
2025-07-28,232187.78237255014,77609.78237255014,0.6657456237381878,19,232187.78237255014,0.0
2025-07-29,232094.78237255014,77609.78237255014,0.6656116885558688,19,232187.78237255014,-0.00040053787089788795
2025-07-30,233722.78237255014,77609.78237255014,0.6679408760039427,19,233722.78237255014,0.0
2025-07-31,229790.78237255014,77609.78237255014,0.6622589401922804,19,233722.78237255014,-0.016823349269103116
2025-08-01,229219.78237255014,77609.78237255014,0.6614176072883132,19,233722.78237255014,-0.01926641448595412
2025-08-04,229306.78237255014,77609.78237255014,0.6615460669346488,19,233722.78237255014,-0.018894178629796476
2025-08-05,230373.78237255014,77609.78237255014,0.6631136513310222,19,233722.78237255014,-0.014328941175540844
2025-08-06,230839.78237255014,77609.78237255014,0.6637937292485554,19,233722.78237255014,-0.012335126129914609
2025-08-07,230717.78237255014,77609.78237255014,0.6636159485651166,19,233722.78237255014,-0.012857112043147212
2025-08-08,231370.78237255014,77609.78237255014,0.6645653285314829,19,233722.78237255014,-0.01006320383543502
2025-08-11,231293.78237255014,77609.78237255014,0.6644536589939876,19,233722.78237255014,-0.010392653960999865
2025-08-12,231834.78237255014,77609.78237255014,0.6652366759711059,19,233722.78237255014,-0.008077945935927477
2025-08-13,232014.78237255014,77609.78237255014,0.6654963895880963,19,233722.78237255014,-0.007307802785256445
2025-08-14,231866.78237255014,77609.78237255014,0.6652828767518272,19,233722.78237255014,-0.00794103159803039
2025-08-15,233361.78237255014,77609.78237255014,0.6674271957322897,19,233722.78237255014,-0.0015445648744013551
2025-08-18,233180.78237255014,77609.78237255014,0.6671690454809697,19,233722.78237255014,-0.002318986598131678
2025-08-19,232233.78237255014,77609.78237255014,0.6658118315962822,19,233722.78237255014,-0.00637079528527329
2025-08-20,233731.78237255014,77609.78237255014,0.6679536621645822,19,233731.78237255014,0.0
2025-08-21,234102.78237255014,77609.78237255014,0.6684798805635626,19,234102.78237255014,0.0
2025-08-22,235709.78237255014,77609.78237255014,0.670740087274425,19,235709.78237255014,0.0
2025-08-25,238602.78237255014,77609.78237255014,0.6747322826631099,19,238602.78237255014,0.0
2025-08-26,238905.78237255014,77609.78237255014,0.6751448139856017,19,238905.78237255014,0.0
2025-08-27,235466.78237255014,77609.78237255014,0.67040029344879,19,238905.78237255014,-0.014394795998019072
2025-08-28,236445.78237255014,77609.78237255014,0.6717649957897488,19,238905.78237255014,-0.01029694625040034
2025-08-29,237637.78237255014,77609.78237255014,0.673411434841285,19,238905.78237255014,-0.005307531644515362
2025-09-01,238083.78237255014,77609.78237255014,0.674023229977473,19,238905.78237255014,-0.0034406869178167376
2025-09-02,237585.25701335014,95688.25701335014,0.5972466548798804,17,238905.78237255014,-0.005527389693484985
2025-09-03,235797.25701335014,95688.25701335014,0.5941926626910145,17,238905.78237255014,-0.013011511602312509
2025-09-04,234150.25701335014,95688.25701335014,0.5913382362510307,17,238905.78237255014,-0.01990544268947081
2025-09-05,235092.25701335014,95688.25701335014,0.5929757184307592,17,238905.78237255014,-0.015962465710658957
2025-09-08,236861.25701335014,95688.25701335014,0.5960155822023824,17,238905.78237255014,-0.008557873061488919
2025-09-09,236890.25701335014,95688.25701335014,0.5960650377952963,17,238905.78237255014,-0.008436486296748424
2025-09-10,236306.25701335014,95688.25701335014,0.5950667653800457,17,238905.78237255014,-0.010880964593591447
2025-09-11,237823.25701335014,95688.25701335014,0.5976497075389952,17,238905.78237255014,-0.00453118107251127
2025-09-12,236628.25701335014,95688.25701335014,0.5956177921390361,17,238905.78237255014,-0.009533152929921185
2025-09-15,235549.67843815015,100743.67843815015,0.5723039016391479,16,238905.78237255014,-0.01404781374929831
2025-09-16,234535.67843815015,100743.67843815015,0.5704547849221266,16,238905.78237255014,-0.018292164764707297
2025-09-17,235088.67843815015,100743.67843815015,0.571465205779125,16,238905.78237255014,-0.015977444733621393
2025-09-18,232475.67843815015,100743.67843815015,0.5666485237725508,16,238905.78237255014,-0.02691481081179048
2025-09-19,232793.67843815015,100743.67843815015,0.5672404890285014,16,238905.78237255014,-0.025583742150153355
2025-09-22,232256.67843815015,100743.67843815015,0.5662399070045335,16,238905.78237255014,-0.02783149017310671
2025-09-23,232079.67843815015,100743.67843815015,0.565909091583826,16,238905.78237255014,-0.0285723680130745
2025-09-24,232454.67843815015,100743.67843815015,0.5666093747175095,16,238905.78237255014,-0.0270027115724647
2025-09-25,232003.67843815015,100743.67843815015,0.5657668916443176,16,238905.78237255014,-0.028890485051704773
2025-09-26,232130.67843815015,100743.67843815015,0.5660044630206312,16,238905.78237255014,-0.028358894737151585
2025-09-29,233957.67843815015,100743.67843815015,0.5693935795965632,16,238905.78237255014,-0.020711528558500558
2025-09-30,233916.67843815015,100743.67843815015,0.5693181045883063,16,238905.78237255014,-0.020883144329340575
2025-10-09,235212.67843815015,100743.67843815015,0.571691121808976,16,238905.78237255014,-0.01545841167059303
2025-10-10,236463.67843815015,100743.67843815015,0.5739570698402172,16,238905.78237255014,-0.01022203778471864
2025-10-13,234790.67843815015,100743.67843815015,0.5709213027182056,16,238905.78237255014,-0.01722479838509261
2025-10-14,234838.67843815015,100743.67843815015,0.5710090045295363,16,238905.78237255014,-0.01702388236069452
2025-10-15,235482.67843815015,100743.67843815015,0.5721822126946351,16,238905.78237255014,-0.014328259033353996
2025-10-16,235848.67843815015,100743.67843815015,0.5728461185142084,16,238905.78237255014,-0.012796274347318781
2025-10-17,233985.67843815015,100743.67843815015,0.5694451083048662,16,238905.78237255014,-0.020594327544268376
2025-10-20,234053.67843815015,100743.67843815015,0.5695701981254178,16,238905.78237255014,-0.020309696509704378
2025-10-21,234604.67843815015,100743.67843815015,0.5705811192307078,16,238905.78237255014,-0.018003347979635098
2025-10-22,234188.67843815015,100743.67843815015,0.5698183229435798,16,238905.78237255014,-0.019744620191084916
2025-10-23,235643.67843815015,100743.67843815015,0.5724745127648627,16,238905.78237255014,-0.013654353201518865
2025-10-24,235606.67843815015,100743.67843815015,0.5724073735685863,16,238905.78237255014,-0.013809225970325634
2025-10-27,237341.67843815015,100743.67843815015,0.575533133914348,16,238905.78237255014,-0.0065469488384375385
2025-10-28,236813.67843815015,100743.67843815015,0.5745867421908152,16,238905.78237255014,-0.008757025106816196
2025-10-29,238881.67843815015,100743.67843815015,0.5782695470961616,16,238905.78237255014,-0.00010089305566662876
2025-10-30,239090.67843815015,100743.67843815015,0.5786382008020806,16,239090.67843815015,0.0
2025-10-31,237460.67843815015,100743.67843815015,0.5757458493727406,16,239090.67843815015,-0.006817497071186174
2025-11-03,238096.67843815015,100743.67843815015,0.5768791102043025,16,239090.67843815015,-0.004157418459361351
2025-11-04,237657.57790705014,91862.57790705014,0.6134666577180284,17,239090.67843815015,-0.005993962376373951
2025-11-05,237910.57790705014,91862.57790705014,0.6138777068460565,17,239090.67843815015,-0.0049357864506008875
2025-11-06,239576.57790705014,91862.57790705014,0.6165627762548199,17,239576.57790705014,0.0
2025-11-07,240034.66845705014,99477.66845705014,0.5855695800256876,16,240034.66845705014,0.0
2025-11-10,241585.66845705014,99477.66845705014,0.588230257645703,16,241585.66845705014,0.0
2025-11-11,241185.66845705014,99477.66845705014,0.5875473485077123,16,241585.66845705014,-0.0016557273556611074
2025-11-12,241199.66845705014,99477.66845705014,0.587571288578434,16,241585.66845705014,-0.0015977768982129437
2025-11-13,241879.66845705014,99477.66845705014,0.5887307557033712,16,241879.66845705014,0.0
2025-11-14,240488.66845705014,99477.66845705014,0.5863519512362544,16,241879.66845705014,-0.005750793396043563
2025-11-17,239072.66845705014,99477.66845705014,0.5839019612778468,16,241879.66845705014,-0.011604943970304982
2025-11-18,237997.66845705014,99477.66845705014,0.5820225084473791,16,241879.66845705014,-0.016049302633674323
2025-11-19,238757.66845705014,99477.66845705014,0.5833529909220693,16,241879.66845705014,-0.012907244415850339
2025-11-20,238249.66845705014,99477.66845705014,0.5824646090746471,16,241879.66845705014,-0.015007462277237926
2025-11-21,235463.66845705014,99477.66845705014,0.5775243411906861,16,241879.66845705014,-0.026525586217839847
2025-11-24,235413.66845705014,99477.66845705014,0.5774346107044364,16,241879.66845705014,-0.02673230057427567
2025-11-25,236306.66845705014,99477.66845705014,0.5790314801246048,16,241879.66845705014,-0.023040382168332485
2025-11-26,236236.66845705014,99477.66845705014,0.578906741672341,16,241879.66845705014,-0.023329782267342614
2025-11-27,237117.66845705014,99477.66845705014,0.5804712946767657,16,241879.66845705014,-0.019687475306944147
2025-11-28,236843.66845705014,99477.66845705014,0.5799859497823574,16,241879.66845705014,-0.020820269980212247
2025-12-01,238610.66845705014,99477.66845705014,0.5830963087262123,16,241879.66845705014,-0.013514984623771542
2025-12-02,238546.66845705014,99477.66845705014,0.5829844570855497,16,241879.66845705014,-0.013779579000009368
2025-12-03,238799.66845705014,99477.66845705014,0.5834262706485209,16,241879.66845705014,-0.012733604356444328
2025-12-04,238372.66845705014,99477.66845705014,0.5826800568162706,16,241879.66845705014,-0.014498944960405935
2025-12-05,239558.66845705014,99477.66845705014,0.5847461120995284,16,241879.66845705014,-0.009595680425749098
2025-12-08,239589.66845705014,99477.66845705014,0.5847998409210081,16,241879.66845705014,-0.00946751752475894
2025-12-09,238260.66845705014,99477.66845705014,0.582483885816083,16,241879.66845705014,-0.014961985118822074
2025-12-10,238291.66845705014,99477.66845705014,0.5825382016032169,16,241879.66845705014,-0.014833822217831916
2025-12-11,237509.66845705014,99477.66845705014,0.5811637096574066,16,241879.66845705014,-0.018066834752487604
2025-12-12,238198.44129705016,106568.44129705014,0.5526064708200511,15,241879.66845705014,-0.015219250065466539
2025-12-15,239367.44129705016,106568.44129705014,0.5547914088917345,15,241879.66845705014,-0.010386268411997857
2025-12-16,238592.44129705016,106568.44129705014,0.5533452748221336,15,241879.66845705014,-0.013590340936752487
2025-12-17,240728.24813605013,98822.24813605014,0.5894862821408492,16,241879.66845705014,-0.004760302212852063
2025-12-18,240674.24813605013,98822.24813605014,0.589394175316226,16,241879.66845705014,-0.00498355371780268
2025-12-19,240437.24813605013,98822.24813605014,0.588989439439383,16,241879.66845705014,-0.005963379767308319
2025-12-22,239992.24813605013,98822.24813605014,0.5882273327427292,16,241879.66845705014,-0.007803137539586835
2025-12-23,240175.24813605013,98822.24813605014,0.5885410803028667,16,241879.66845705014,-0.007046562995031813
2025-12-24,240848.24813605013,98822.24813605014,0.5896908161016495,16,241879.66845705014,-0.004264187757406113
2025-12-25,241569.24813605013,98822.24813605014,0.5909154459908982,16,241879.66845705014,-0.0012833667376020985
2025-12-26,241345.24813605013,98822.24813605014,0.5905357619457149,16,241879.66845705014,-0.002209447054434488
2025-12-29,239612.75040605012,110731.75040605014,0.5378720447121322,15,241879.66845705014,-0.00937209012010265
2025-12-30,238913.38201220013,102766.38201220013,0.5698592471184709,16,241879.66845705014,-0.012263479869027205
2025-12-31,238737.38201220013,102766.38201220013,0.5695421423070288,16,241879.66845705014,-0.01299111440368117
2026-01-05,240184.38201220013,102766.38201220013,0.5721354521420126,16,241879.66845705014,-0.007008800928429593
2026-01-06,242127.38201220013,102766.38201220013,0.5755689374817508,16,242127.38201220013,0.0
2026-01-07,241343.12418500014,112186.12418500014,0.535159227909039,15,242127.38201220013,-0.003239029888657874
2026-01-08,240839.12418500014,112186.12418500014,0.5341864634135417,15,242127.38201220013,-0.005320578847769819
2026-01-09,241024.12418500014,112186.12418500014,0.5345440023302783,15,242127.38201220013,-0.004556518217937011
2026-01-12,241376.12418500014,112186.12418500014,0.53522277912203,15,242127.38201220013,-0.0031027379925254728
2026-01-13,241236.12418500014,112186.12418500014,0.5349530483296673,15,242127.38201220013,-0.0036809460367233093
2026-01-14,240307.12418500014,112186.12418500014,0.5331552297274641,15,242127.38201220013,-0.007517769415721354
2026-01-15,240444.12418500014,112186.12418500014,0.5334212280492951,15,242127.38201220013,-0.006951951543899271
2026-01-16,240067.12418500014,112186.12418500014,0.532688515489745,15,242127.38201220013,-0.008508983205774645
2026-01-19,241297.12418500014,112186.12418500014,0.5350706123667345,15,242127.38201220013,-0.0034290125317514297
2026-01-20,242529.12418500014,112186.12418500014,0.5374323617339043,15,242529.12418500014,0.0
2026-01-21,241957.12418500014,112186.12418500014,0.536338826298734,15,242529.12418500014,-0.0023584796338260716
2026-01-22,242733.12418500014,112186.12418500014,0.5378211170738404,15,242733.12418500014,0.0
2026-01-23,241676.12418500014,112186.12418500014,0.5357997213695672,15,242733.12418500014,-0.004354576671597554
2026-01-26,241913.12418500014,112186.12418500014,0.5362544939926155,15,242733.12418500014,-0.003378195714957455
2026-01-27,240933.12418500014,112186.12418500014,0.5343682004519305,15,242733.12418500014,-0.007415551569418755
2026-01-28,241639.12418500014,112186.12418500014,0.5357286426054505,15,242733.12418500014,-0.004507007453857903
2026-01-29,242453.25026300014,123616.25026300014,0.49014397567816503,14,242733.12418500014,-0.0011530108341814005
2026-01-30,241886.25026300014,123616.25026300014,0.4889488338895096,14,242733.12418500014,-0.003488909578548305
2026-02-02,240338.25026300014,123616.25026300014,0.48565719302804317,14,242733.12418500014,-0.009866283928248398
2026-02-03,241013.25026300014,123616.25026300014,0.48709770052846985,14,242733.12418500014,-0.007085452089716449
2026-02-04,243166.25026300014,123616.25026300014,0.4916389501861335,14,243166.25026300014,0.0
2026-02-05,243408.25026300014,123616.25026300014,0.4921443700883843,14,243408.25026300014,0.0
2026-02-06,243067.25026300014,123616.25026300014,0.49143189743066307,14,243408.25026300014,-0.0014009385451461132
2026-02-09,243668.25026300014,123616.25026300014,0.49268626450275504,14,243668.25026300014,0.0
2026-02-10,244183.25026300014,123616.25026300014,0.49375622558116516,14,244183.25026300014,0.0
2026-02-11,244560.65506300013,135600.65506300013,0.4455336446982092,13,244560.65506300013,0.0
2026-02-12,244067.65506300013,135600.65506300013,0.4444136605155725,13,244560.65506300013,-0.002015859827791955
2026-02-13,243094.65506300013,135600.65506300013,0.44218989501082195,13,244560.65506300013,-0.0059944229361929
2026-02-24,244279.65506300013,135600.65506300013,0.44489583044470693,13,244560.65506300013,-0.0011489992121898052
2026-02-25,244198.65506300013,135600.65506300013,0.44471170396898013,13,244560.65506300013,-0.0014802053907925217
2026-02-26,244448.65506300013,135600.65506300013,0.4452796026713558,13,244560.65506300013,-0.00045796409880871636
2026-02-27,245688.65506300013,135600.65506300013,0.44807929764510673,13,245688.65506300013,0.0
2026-03-02,245941.13350140012,143686.13350140012,0.415770223322232,12,245941.13350140012,0.0
2026-03-03,246238.13350140012,143686.13350140012,0.41647489177145214,12,246238.13350140012,0.0
2026-03-04,245286.9908322001,162238.9908322001,0.3385748250171687,10,246238.13350140012,-0.0038626944400332874
2026-03-05,246020.0313898001,169124.0313898001,0.3125599145955888,9,246238.13350140012,-0.0008857365368178938
2026-03-06,246568.0313898001,169124.0313898001,0.31408775729554556,9,246568.0313898001,0.0
2026-03-09,245949.0313898001,169124.0313898001,0.31236146597479975,9,246568.0313898001,-0.002510463325318235
2026-03-10,246298.0313898001,169124.0313898001,0.31333583774310264,9,246568.0313898001,-0.001095032468232504
2026-03-11,247193.0313898001,169124.0313898001,0.31582200987248926,9,247193.0313898001,0.0
2026-03-12,247812.0313898001,169124.0313898001,0.31753099136751106,9,247812.0313898001,0.0
2026-03-13,247502.0313898001,169124.0313898001,0.31667618871604164,9,247812.0313898001,-0.0012509481410625245
2026-03-16,246797.0313898001,169124.0313898001,0.31472420702387005,9,247812.0313898001,-0.004095846332833775
2026-03-17,246740.0313898001,169124.0313898001,0.31456589983723465,9,247812.0313898001,-0.004325859378125907
2026-03-18,246616.0313898001,169124.0313898001,0.3142212595154308,9,247812.0313898001,-0.0048262386345508945
2026-03-19,246365.0313898001,169124.0313898001,0.31352257893202734,9,247812.0313898001,-0.0058391030971531865
2026-03-20,246183.0313898001,169124.0313898001,0.31301507486105606,9,247812.0313898001,-0.006573530715454412
2026-03-23,243551.0313898001,169124.0313898001,0.30559098672376633,9,247812.0313898001,-0.017194483964733664
2026-03-24,245007.0313898001,169124.0313898001,0.30971764185523326,9,247812.0313898001,-0.01131906301832386
2026-03-25,245989.8809062001,176155.8809062001,0.2838897264502877,8,247812.0313898001,-0.007352954065147133
2026-03-26,245537.8809062001,176155.8809062001,0.28257147021035495,8,247812.0313898001,-0.00917691716114799
2026-03-27,245347.8809062001,176155.8809062001,0.282015885951153,8,247812.0313898001,-0.009943627312121839
2026-03-30,244261.8809062001,176155.8809062001,0.2788236942552393,8,247812.0313898001,-0.01432598112242478
2026-03-31,243829.8809062001,176155.8809062001,0.2775459666735177,8,247812.0313898001,-0.016069237886744192
2026-04-01,244505.8809062001,176155.8809062001,0.27954337845240274,8,247812.0313898001,-0.013341363875911005
2026-04-02,244536.8809062001,176155.8809062001,0.2796347109139325,8,247812.0313898001,-0.01321626906180473
2026-04-03,243928.8809062001,176155.8809062001,0.277839178977996,8,247812.0313898001,-0.015669741544920956
